TRAIN_TT,TRAIN_CO,TRAIN_HE,SM_TT,SM_CO,SM_HE,CAR_TT,CAR_CO,PURPOSE,FIRST,TICKET,WHO,LUGGAGE,AGE,MALE,INCOME,GA,ORIGIN,DEST,SM_SEATS
120.0,80.0,30.0,55.0,90.0,10.0,110.0,52.0,2.0,9.0,13.0,20.0,24.0,29.0,34.0,35.0,40.0,43.0,60.0,81.0
323.0,79.0,60.0,116.0,110.0,30.0,299.0,116.0,0.0,9.0,11.0,21.0,24.0,28.0,34.0,36.0,40.0,57.0,72.0,81.0
85.0,60.0,30.0,37.0,84.0,20.0,72.0,52.0,2.0,10.0,11.0,21.0,24.0,29.0,34.0,38.0,40.0,42.0,61.0,81.0
95.0,23.0,30.0,55.0,28.0,30.0,70.0,40.0,3.0,9.0,11.0,21.0,24.0,29.0,34.0,38.0,40.0,42.0,72.0,81.0
137.0,45.0,60.0,105.0,57.0,30.0,128.0,104.0,3.0,9.0,11.0,21.0,24.0,30.0,34.0,36.0,40.0,57.0,60.0,81.0
106.0,60.0,120.0,37.0,84.0,10.0,117.0,78.0,3.0,10.0,11.0,21.0,24.0,28.0,34.0,38.0,40.0,42.0,61.0,81.0
168.0,72.0,30.0,61.0,99.0,20.0,156.0,75.0,1.0,9.0,13.0,21.0,25.0,30.0,34.0,39.0,40.0,59.0,61.0,81.0
234.0,211.0,60.0,127.0,254.0,30.0,234.0,88.0,0.0,10.0,13.0,21.0,25.0,29.0,33.0,38.0,40.0,59.0,62.0,81.0
144.0,1850.0,60.0,89.0,2960.0,30.0,100.0,40.0,2.0,9.0,17.0,22.0,25.0,27.0,34.0,36.0,41.0,43.0,60.0,81.0
212.0,79.0,60.0,70.0,92.0,20.0,160.0,136.0,2.0,10.0,11.0,22.0,24.0,31.0,34.0,38.0,40.0,42.0,77.0,81.0
114.0,100.0,60.0,71.0,108.0,10.0,110.0,60.0,2.0,9.0,13.0,22.0,25.0,28.0,34.0,37.0,40.0,52.0,61.0,81.0
76.0,252.0,30.0,45.0,302.0,10.0,0.0,0.0,1.0,9.0,18.0,21.0,25.0,28.0,33.0,36.0,40.0,57.0,79.0,81.0
267.0,97.0,120.0,167.0,109.0,30.0,160.0,195.0,2.0,10.0,11.0,23.0,24.0,28.0,34.0,38.0,40.0,42.0,77.0,81.0
96.0,3120.0,60.0,30.0,4160.0,30.0,0.0,0.0,2.0,9.0,16.0,21.0,25.0,28.0,34.0,36.0,41.0,43.0,60.0,81.0
134.0,1850.0,120.0,83.0,2220.0,30.0,0.0,0.0,3.0,9.0,17.0,21.0,25.0,31.0,34.0,36.0,41.0,42.0,61.0,81.0
154.0,80.0,60.0,52.0,91.0,10.0,0.0,0.0,0.0,9.0,13.0,21.0,24.0,28.0,34.0,39.0,40.0,59.0,61.0,81.0
201.0,84.0,120.0,131.0,90.0,30.0,136.0,156.0,2.0,10.0,11.0,22.0,24.0,30.0,34.0,38.0,40.0,59.0,66.0,81.0
160.0,11.0,60.0,63.0,19.0,30.0,136.0,136.0,2.0,9.0,16.0,21.0,25.0,30.0,34.0,38.0,40.0,42.0,77.0,81.0
208.0,139.0,30.0,115.0,169.0,20.0,182.0,85.0,2.0,10.0,13.0,22.0,24.0,30.0,34.0,38.0,40.0,57.0,67.0,81.0
172.0,5040.0,120.0,117.0,5460.0,20.0,0.0,0.0,2.0,10.0,16.0,21.0,25.0,31.0,33.0,39.0,41.0,54.0,60.0,81.0
286.0,45.0,30.0,132.0,80.0,20.0,234.0,105.0,2.0,9.0,15.0,21.0,25.0,28.0,33.0,39.0,40.0,42.0,77.0,81.0
210.0,79.0,120.0,77.0,97.0,20.0,136.0,88.0,2.0,10.0,11.0,23.0,25.0,29.0,34.0,38.0,40.0,57.0,60.0,81.0
90.0,67.0,60.0,41.0,106.0,30.0,0.0,0.0,2.0,10.0,13.0,21.0,24.0,28.0,33.0,37.0,40.0,52.0,60.0,82.0
211.0,83.0,120.0,153.0,105.0,10.0,150.0,80.0,3.0,10.0,11.0,21.0,25.0,31.0,34.0,36.0,40.0,43.0,73.0,81.0
187.0,76.0,120.0,146.0,81.0,30.0,112.0,123.0,2.0,10.0,11.0,22.0,25.0,29.0,34.0,37.0,40.0,52.0,68.0,81.0
57.0,268.0,120.0,33.0,290.0,20.0,117.0,35.0,1.0,9.0,18.0,21.0,25.0,28.0,33.0,38.0,40.0,57.0,79.0,81.0
200.0,105.0,120.0,81.0,118.0,30.0,152.0,182.0,3.0,10.0,11.0,21.0,25.0,30.0,34.0,37.0,40.0,59.0,60.0,81.0
63.0,29.0,60.0,37.0,32.0,20.0,0.0,0.0,2.0,9.0,11.0,21.0,25.0,32.0,34.0,37.0,40.0,59.0,77.0,81.0
261.0,213.0,120.0,155.0,245.0,30.0,312.0,124.0,3.0,10.0,13.0,21.0,25.0,29.0,34.0,38.0,40.0,59.0,72.0,81.0
82.0,22.0,120.0,34.0,26.0,30.0,117.0,44.0,2.0,9.0,11.0,22.0,24.0,29.0,34.0,38.0,40.0,57.0,61.0,81.0
182.0,62.0,30.0,71.0,86.0,20.0,168.0,116.0,3.0,9.0,11.0,21.0,25.0,30.0,34.0,37.0,40.0,59.0,60.0,81.0
114.0,65.0,120.0,42.0,84.0,10.0,117.0,71.0,2.0,10.0,11.0,22.0,25.0,29.0,34.0,38.0,40.0,43.0,60.0,81.0
188.0,176.0,120.0,84.0,210.0,20.0,160.0,149.0,2.0,10.0,13.0,22.0,24.0,28.0,34.0,38.0,40.0,52.0,61.0,81.0
106.0,2600.0,120.0,59.0,3380.0,20.0,0.0,0.0,2.0,9.0,16.0,21.0,25.0,27.0,33.0,36.0,41.0,47.0,61.0,81.0
114.0,80.0,30.0,49.0,106.0,20.0,88.0,56.0,3.0,9.0,13.0,21.0,25.0,31.0,34.0,37.0,40.0,59.0,61.0,81.0
341.0,56.0,30.0,188.0,74.0,20.0,260.0,125.0,0.0,9.0,11.0,22.0,24.0,28.0,33.0,36.0,40.0,57.0,72.0,81.0
104.0,46.0,30.0,58.0,49.0,10.0,117.0,71.0,3.0,9.0,11.0,21.0,24.0,29.0,34.0,37.0,40.0,43.0,60.0,81.0
375.0,120.0,60.0,126.0,137.0,20.0,290.0,266.0,2.0,10.0,11.0,22.0,25.0,30.0,34.0,38.0,40.0,52.0,79.0,81.0
64.0,16.0,120.0,42.0,20.0,30.0,0.0,0.0,2.0,9.0,11.0,21.0,26.0,30.0,34.0,36.0,40.0,59.0,77.0,81.0
170.0,119.0,60.0,74.0,139.0,10.0,140.0,64.0,1.0,9.0,13.0,21.0,24.0,31.0,34.0,36.0,40.0,52.0,61.0,81.0
227.0,115.0,30.0,126.0,149.0,30.0,220.0,130.0,2.0,9.0,13.0,22.0,25.0,29.0,34.0,37.0,40.0,55.0,77.0,81.0
215.0,89.0,60.0,124.0,122.0,30.0,0.0,0.0,2.0,10.0,11.0,21.0,25.0,30.0,33.0,37.0,40.0,47.0,77.0,82.0
152.0,43.0,60.0,97.0,56.0,30.0,90.0,50.0,3.0,9.0,11.0,21.0,25.0,28.0,34.0,36.0,40.0,43.0,60.0,81.0
128.0,82.0,60.0,99.0,95.0,30.0,130.0,48.0,3.0,9.0,13.0,21.0,24.0,29.0,33.0,36.0,40.0,59.0,65.0,81.0
105.0,42.0,30.0,70.0,58.0,10.0,50.0,20.0,2.0,9.0,13.0,22.0,25.0,28.0,34.0,38.0,40.0,51.0,60.0,81.0
269.0,252.0,60.0,107.0,349.0,30.0,273.0,120.0,2.0,10.0,13.0,22.0,25.0,29.0,34.0,38.0,40.0,42.0,79.0,81.0
99.0,1850.0,30.0,34.0,2220.0,10.0,0.0,0.0,1.0,9.0,17.0,21.0,26.0,27.0,34.0,39.0,41.0,43.0,77.0,81.0
169.0,147.0,120.0,123.0,212.0,20.0,72.0,40.0,2.0,10.0,18.0,21.0,24.0,30.0,33.0,37.0,40.0,59.0,77.0,82.0
113.0,60.0,30.0,48.0,71.0,10.0,80.0,40.0,0.0,10.0,11.0,21.0,25.0,29.0,34.0,38.0,40.0,43.0,60.0,81.0
197.0,158.0,120.0,116.0,210.0,10.0,180.0,88.0,0.0,10.0,13.0,21.0,25.0,29.0,33.0,38.0,40.0,59.0,62.0,81.0
221.0,89.0,120.0,82.0,111.0,20.0,112.0,64.0,1.0,9.0,13.0,21.0,24.0,31.0,34.0,36.0,40.0,52.0,61.0,81.0
127.0,138.0,120.0,69.0,181.0,10.0,130.0,56.0,0.0,10.0,13.0,21.0,24.0,29.0,34.0,37.0,40.0,43.0,60.0,81.0
170.0,68.0,60.0,76.0,78.0,10.0,190.0,76.0,2.0,9.0,11.0,21.0,25.0,29.0,34.0,37.0,40.0,57.0,60.0,82.0
195.0,184.0,60.0,91.0,254.0,30.0,160.0,90.0,2.0,10.0,13.0,23.0,25.0,29.0,33.0,37.0,40.0,57.0,60.0,81.0
203.0,89.0,30.0,75.0,122.0,30.0,104.0,117.0,2.0,10.0,11.0,23.0,24.0,31.0,34.0,38.0,40.0,43.0,72.0,81.0
119.0,60.0,30.0,50.0,71.0,10.0,90.0,40.0,2.0,10.0,11.0,22.0,24.0,28.0,34.0,37.0,40.0,43.0,60.0,81.0
159.0,98.0,60.0,69.0,111.0,20.0,234.0,110.0,2.0,9.0,13.0,21.0,24.0,29.0,34.0,37.0,40.0,52.0,61.0,81.0
111.0,74.0,120.0,44.0,116.0,10.0,0.0,0.0,2.0,10.0,13.0,21.0,24.0,28.0,33.0,37.0,40.0,52.0,60.0,82.0
185.0,176.0,60.0,72.0,245.0,30.0,150.0,110.0,2.0,10.0,13.0,22.0,25.0,29.0,34.0,38.0,40.0,43.0,72.0,81.0
388.0,110.0,30.0,153.0,155.0,20.0,377.0,150.0,3.0,10.0,11.0,21.0,25.0,29.0,34.0,38.0,40.0,55.0,78.0,81.0
51.0,40.0,30.0,28.0,45.0,10.0,52.0,39.0,3.0,9.0,13.0,21.0,24.0,28.0,34.0,37.0,40.0,59.0,77.0,81.0
111.0,162.0,30.0,62.0,216.0,20.0,0.0,0.0,0.0,9.0,18.0,21.0,25.0,27.0,33.0,36.0,40.0,52.0,60.0,82.0
61.0,19.0,60.0,40.0,25.0,10.0,0.0,0.0,2.0,9.0,11.0,21.0,25.0,28.0,34.0,36.0,40.0,59.0,77.0,82.0
244.0,97.0,120.0,153.0,112.0,20.0,200.0,195.0,2.0,10.0,11.0,23.0,24.0,28.0,34.0,38.0,40.0,42.0,77.0,81.0
182.0,189.0,30.0,81.0,225.0,30.0,210.0,135.0,2.0,10.0,13.0,22.0,24.0,30.0,34.0,38.0,40.0,59.0,60.0,81.0
180.0,83.0,30.0,86.0,133.0,20.0,128.0,72.0,0.0,10.0,15.0,22.0,25.0,28.0,33.0,39.0,40.0,43.0,72.0,81.0
147.0,71.0,120.0,69.0,90.0,10.0,117.0,71.0,2.0,10.0,11.0,22.0,25.0,29.0,34.0,38.0,40.0,43.0,60.0,81.0
124.0,2600.0,60.0,71.0,4160.0,30.0,0.0,0.0,0.0,9.0,16.0,21.0,25.0,28.0,33.0,36.0,41.0,42.0,72.0,81.0
125.0,68.0,120.0,55.0,76.0,30.0,88.0,104.0,2.0,10.0,11.0,21.0,24.0,30.0,34.0,38.0,40.0,59.0,61.0,81.0
78.0,54.0,120.0,31.0,65.0,30.0,143.0,40.0,0.0,10.0,11.0,22.0,25.0,28.0,33.0,39.0,40.0,43.0,60.0,81.0
192.0,52.0,120.0,55.0,72.0,10.0,0.0,0.0,2.0,9.0,11.0,21.0,25.0,29.0,33.0,37.0,40.0,57.0,60.0,82.0
204.0,11.0,30.0,111.0,15.0,30.0,210.0,115.0,1.0,9.0,16.0,21.0,25.0,28.0,33.0,37.0,40.0,42.0,79.0,81.0
106.0,3120.0,60.0,43.0,4160.0,30.0,78.0,24.0,0.0,9.0,16.0,23.0,25.0,28.0,34.0,37.0,41.0,52.0,60.0,81.0
103.0,97.0,60.0,94.0,111.0,10.0,143.0,84.0,1.0,10.0,13.0,23.0,24.0,30.0,34.0,37.0,40.0,59.0,65.0,81.0
146.0,43.0,30.0,120.0,53.0,30.0,52.0,24.0,0.0,9.0,13.0,21.0,24.0,29.0,34.0,38.0,40.0,59.0,77.0,81.0
249.0,90.0,120.0,104.0,122.0,10.0,195.0,136.0,2.0,10.0,11.0,22.0,24.0,29.0,34.0,38.0,40.0,52.0,61.0,81.0
92.0,60.0,30.0,34.0,74.0,30.0,117.0,48.0,2.0,10.0,11.0,22.0,24.0,29.0,34.0,38.0,40.0,42.0,61.0,81.0
211.0,211.0,30.0,141.0,254.0,20.0,170.0,162.0,2.0,10.0,13.0,22.0,24.0,30.0,34.0,37.0,40.0,59.0,62.0,81.0
255.0,98.0,60.0,85.0,112.0,20.0,230.0,195.0,2.0,10.0,11.0,21.0,25.0,29.0,34.0,37.0,40.0,42.0,79.0,81.0
216.0,116.0,30.0,74.0,133.0,30.0,160.0,162.0,2.0,10.0,11.0,23.0,24.0,30.0,34.0,37.0,40.0,57.0,60.0,81.0
84.0,31.0,30.0,29.0,38.0,10.0,72.0,15.0,1.0,9.0,11.0,21.0,25.0,29.0,33.0,37.0,40.0,42.0,61.0,82.0
232.0,221.0,60.0,95.0,293.0,30.0,195.0,64.0,2.0,10.0,13.0,22.0,24.0,28.0,34.0,37.0,40.0,42.0,77.0,81.0
170.0,39.0,120.0,131.0,43.0,30.0,234.0,76.0,3.0,9.0,11.0,21.0,25.0,28.0,33.0,37.0,40.0,57.0,62.0,81.0
125.0,40.0,60.0,70.0,52.0,30.0,75.0,60.0,1.0,9.0,11.0,23.0,25.0,28.0,33.0,39.0,40.0,42.0,61.0,81.0
260.0,167.0,60.0,125.0,177.0,20.0,200.0,144.0,2.0,9.0,13.0,20.0,25.0,29.0,34.0,38.0,40.0,52.0,79.0,81.0
326.0,122.0,120.0,117.0,178.0,10.0,338.0,156.0,2.0,10.0,11.0,22.0,24.0,29.0,34.0,38.0,40.0,52.0,79.0,81.0
212.0,26.0,120.0,121.0,27.0,30.0,1200.0,10.0,0.0,9.0,12.0,21.0,25.0,27.0,33.0,36.0,40.0,42.0,72.0,82.0
163.0,1850.0,60.0,85.0,2405.0,10.0,0.0,0.0,6.0,9.0,17.0,21.0,25.0,28.0,33.0,36.0,41.0,43.0,60.0,81.0
299.0,128.0,120.0,118.0,189.0,10.0,286.0,182.0,3.0,9.0,13.0,21.0,25.0,27.0,34.0,36.0,40.0,52.0,77.0,81.0
95.0,17.0,60.0,44.0,25.0,10.0,143.0,97.0,0.0,10.0,16.0,21.0,24.0,29.0,34.0,38.0,40.0,43.0,60.0,81.0
112.0,3780.0,30.0,63.0,5040.0,10.0,64.0,70.0,2.0,10.0,16.0,21.0,25.0,30.0,34.0,38.0,41.0,43.0,60.0,82.0
84.0,1665.0,60.0,33.0,2405.0,10.0,0.0,0.0,1.0,9.0,17.0,21.0,25.0,27.0,34.0,36.0,41.0,43.0,77.0,81.0
189.0,81.0,60.0,107.0,90.0,10.0,120.0,95.0,2.0,10.0,11.0,22.0,24.0,28.0,34.0,38.0,40.0,43.0,72.0,81.0
248.0,85.0,120.0,195.0,88.0,20.0,143.0,65.0,2.0,10.0,11.0,21.0,24.0,29.0,34.0,38.0,40.0,52.0,62.0,81.0
401.0,64.0,30.0,244.0,70.0,10.0,190.0,100.0,3.0,9.0,11.0,21.0,25.0,30.0,34.0,38.0,40.0,42.0,78.0,81.0
123.0,54.0,120.0,58.0,71.0,20.0,0.0,0.0,2.0,10.0,11.0,21.0,25.0,29.0,34.0,37.0,40.0,42.0,61.0,82.0
210.0,14.0,30.0,69.0,15.0,30.0,136.0,136.0,2.0,9.0,16.0,21.0,25.0,30.0,34.0,38.0,40.0,42.0,77.0,81.0
188.0,170.0,30.0,80.0,194.0,10.0,160.0,135.0,2.0,10.0,13.0,21.0,25.0,28.0,34.0,39.0,40.0,42.0,77.0,81.0
130.0,75.0,120.0,67.0,90.0,20.0,80.0,48.0,0.0,9.0,13.0,21.0,25.0,28.0,34.0,37.0,40.0,43.0,60.0,81.0
248.0,74.0,120.0,71.0,80.0,30.0,200.0,135.0,3.0,9.0,11.0,21.0,25.0,29.0,33.0,39.0,40.0,42.0,79.0,81.0
186.0,170.0,30.0,137.0,184.0,20.0,140.0,104.0,2.0,10.0,13.0,23.0,24.0,29.0,34.0,38.0,40.0,43.0,72.0,81.0
317.0,112.0,120.0,143.0,155.0,10.0,273.0,208.0,1.0,10.0,11.0,23.0,25.0,29.0,34.0,37.0,40.0,52.0,79.0,81.0
305.0,132.0,120.0,222.0,149.0,20.0,190.0,136.0,3.0,9.0,13.0,21.0,24.0,30.0,34.0,37.0,40.0,57.0,72.0,81.0
145.0,184.0,30.0,75.0,225.0,20.0,130.0,110.0,3.0,10.0,13.0,21.0,24.0,30.0,34.0,37.0,40.0,59.0,61.0,81.0
269.0,126.0,30.0,174.0,161.0,20.0,190.0,149.0,2.0,10.0,11.0,22.0,24.0,29.0,34.0,38.0,40.0,57.0,72.0,81.0
97.0,58.0,30.0,42.0,68.0,10.0,72.0,75.0,2.0,10.0,11.0,23.0,25.0,29.0,34.0,38.0,40.0,43.0,60.0,81.0
111.0,135.0,120.0,62.0,162.0,30.0,0.0,0.0,0.0,9.0,18.0,21.0,25.0,27.0,33.0,36.0,40.0,52.0,60.0,81.0
375.0,156.0,30.0,140.0,172.0,10.0,290.0,172.0,1.0,9.0,13.0,23.0,25.0,28.0,34.0,37.0,40.0,59.0,72.0,81.0
260.0,284.0,30.0,143.0,366.0,20.0,250.0,195.0,2.0,10.0,13.0,22.0,24.0,29.0,34.0,38.0,40.0,52.0,79.0,81.0
166.0,194.0,60.0,77.0,225.0,20.0,112.0,104.0,2.0,10.0,13.0,22.0,24.0,28.0,34.0,37.0,40.0,52.0,61.0,81.0
126.0,3780.0,60.0,96.0,6720.0,30.0,64.0,195.0,0.0,10.0,16.0,22.0,26.0,28.0,34.0,38.0,41.0,48.0,60.0,82.0
43.0,44.0,60.0,22.0,53.0,10.0,50.0,24.0,2.0,9.0,13.0,21.0,26.0,28.0,33.0,37.0,40.0,57.0,79.0,82.0
220.0,3780.0,60.0,76.0,5040.0,20.0,0.0,0.0,2.0,10.0,16.0,23.0,25.0,31.0,34.0,38.0,41.0,43.0,72.0,81.0
106.0,42.0,120.0,34.0,46.0,30.0,90.0,60.0,3.0,9.0,11.0,23.0,24.0,28.0,34.0,37.0,40.0,42.0,61.0,81.0
92.0,72.0,120.0,37.0,84.0,20.0,117.0,65.0,2.0,10.0,11.0,23.0,24.0,29.0,34.0,38.0,40.0,42.0,61.0,81.0
101.0,162.0,60.0,58.0,175.0,10.0,0.0,0.0,0.0,9.0,18.0,21.0,25.0,27.0,33.0,36.0,40.0,52.0,60.0,82.0
103.0,38.0,30.0,94.0,46.0,20.0,100.0,84.0,2.0,9.0,11.0,21.0,24.0,29.0,34.0,37.0,40.0,59.0,65.0,81.0
163.0,2340.0,60.0,83.0,3120.0,20.0,80.0,208.0,0.0,9.0,16.0,23.0,26.0,28.0,34.0,38.0,41.0,42.0,61.0,81.0
61.0,179.0,30.0,28.0,318.0,20.0,0.0,0.0,1.0,9.0,18.0,21.0,25.0,28.0,34.0,38.0,40.0,57.0,79.0,81.0
182.0,3120.0,60.0,71.0,3380.0,10.0,0.0,0.0,2.0,9.0,16.0,21.0,25.0,28.0,34.0,37.0,41.0,59.0,60.0,82.0
89.0,1850.0,60.0,34.0,2960.0,30.0,0.0,0.0,1.0,9.0,17.0,21.0,25.0,27.0,33.0,36.0,41.0,43.0,77.0,81.0
125.0,54.0,30.0,85.0,65.0,30.0,100.0,70.0,2.0,10.0,11.0,23.0,24.0,30.0,34.0,38.0,40.0,43.0,77.0,81.0
175.0,167.0,60.0,150.0,181.0,20.0,234.0,115.0,2.0,10.0,13.0,22.0,25.0,30.0,34.0,38.0,40.0,57.0,60.0,81.0
97.0,1850.0,120.0,48.0,2220.0,30.0,0.0,0.0,2.0,9.0,17.0,21.0,25.0,27.0,34.0,36.0,41.0,42.0,72.0,81.0
182.0,148.0,120.0,81.0,198.0,10.0,152.0,120.0,2.0,9.0,13.0,22.0,25.0,30.0,34.0,38.0,40.0,59.0,60.0,81.0
82.0,2340.0,120.0,34.0,3120.0,30.0,78.0,32.0,1.0,9.0,16.0,21.0,25.0,28.0,34.0,39.0,41.0,57.0,61.0,81.0
206.0,55.0,30.0,124.0,58.0,30.0,96.0,84.0,3.0,9.0,11.0,21.0,25.0,30.0,34.0,37.0,40.0,43.0,69.0,81.0
117.0,128.0,30.0,62.0,147.0,10.0,72.0,55.0,2.0,10.0,13.0,22.0,24.0,28.0,34.0,37.0,40.0,47.0,61.0,81.0
163.0,76.0,30.0,126.0,97.0,30.0,182.0,68.0,2.0,10.0,11.0,22.0,24.0,29.0,34.0,37.0,40.0,43.0,75.0,81.0
214.0,95.0,30.0,119.0,128.0,30.0,182.0,64.0,2.0,9.0,13.0,23.0,24.0,28.0,34.0,36.0,40.0,43.0,72.0,81.0
253.0,101.0,60.0,174.0,133.0,30.0,184.0,188.0,3.0,10.0,11.0,21.0,25.0,31.0,34.0,38.0,40.0,57.0,72.0,81.0
142.0,82.0,120.0,83.0,105.0,10.0,88.0,65.0,2.0,10.0,11.0,21.0,25.0,28.0,33.0,37.0,40.0,59.0,61.0,81.0
134.0,40.0,120.0,59.0,53.0,10.0,117.0,78.0,6.0,9.0,11.0,21.0,25.0,27.0,34.0,36.0,40.0,42.0,61.0,82.0
111.0,34.0,30.0,56.0,40.0,10.0,72.0,50.0,2.0,9.0,11.0,22.0,25.0,29.0,34.0,37.0,40.0,43.0,60.0,81.0
46.0,75.0,120.0,25.0,100.0,30.0,0.0,0.0,1.0,10.0,15.0,22.0,25.0,28.0,33.0,37.0,40.0,59.0,77.0,81.0
218.0,101.0,30.0,70.0,118.0,30.0,144.0,130.0,2.0,10.0,11.0,22.0,25.0,30.0,34.0,37.0,40.0,43.0,72.0,81.0
64.0,19.0,30.0,42.0,31.0,20.0,0.0,0.0,2.0,9.0,11.0,21.0,25.0,28.0,34.0,36.0,40.0,59.0,77.0,82.0
84.0,60.0,30.0,34.0,62.0,10.0,0.0,0.0,1.0,9.0,14.0,23.0,25.0,27.0,34.0,36.0,40.0,42.0,65.0,81.0
184.0,89.0,120.0,96.0,105.0,30.0,221.0,100.0,3.0,10.0,11.0,21.0,24.0,28.0,34.0,37.0,40.0,57.0,60.0,81.0
55.0,53.0,30.0,33.0,70.0,20.0,45.0,39.0,2.0,9.0,19.0,21.0,25.0,30.0,34.0,36.0,40.0,59.0,77.0,82.0
185.0,74.0,120.0,105.0,94.0,10.0,160.0,105.0,3.0,9.0,11.0,21.0,24.0,28.0,33.0,36.0,40.0,42.0,78.0,81.0
182.0,252.0,30.0,63.0,266.0,10.0,247.0,182.0,2.0,10.0,13.0,20.0,24.0,29.0,34.0,35.0,40.0,59.0,60.0,81.0
160.0,95.0,120.0,120.0,103.0,20.0,150.0,136.0,2.0,9.0,13.0,22.0,25.0,28.0,34.0,37.0,40.0,57.0,74.0,81.0
185.0,83.0,30.0,103.0,105.0,30.0,180.0,110.0,2.0,10.0,11.0,22.0,24.0,30.0,34.0,38.0,40.0,42.0,77.0,81.0
170.0,61.0,30.0,84.0,84.0,20.0,117.0,50.0,2.0,10.0,11.0,22.0,25.0,28.0,33.0,37.0,40.0,42.0,61.0,81.0
193.0,106.0,120.0,50.0,112.0,30.0,170.0,120.0,2.0,10.0,11.0,22.0,24.0,29.0,34.0,38.0,40.0,42.0,77.0,81.0
62.0,3120.0,60.0,33.0,4160.0,30.0,52.0,28.0,1.0,9.0,16.0,21.0,25.0,29.0,34.0,38.0,41.0,59.0,77.0,81.0
109.0,2340.0,60.0,62.0,4160.0,30.0,0.0,0.0,2.0,9.0,16.0,21.0,25.0,30.0,34.0,38.0,41.0,42.0,61.0,82.0
120.0,3780.0,60.0,49.0,5040.0,20.0,60.0,130.0,0.0,10.0,16.0,22.0,25.0,29.0,34.0,38.0,41.0,42.0,72.0,81.0
200.0,67.0,120.0,90.0,77.0,30.0,0.0,0.0,2.0,9.0,14.0,21.0,24.0,28.0,34.0,36.0,40.0,59.0,60.0,81.0
195.0,116.0,60.0,81.0,122.0,20.0,144.0,92.0,2.0,10.0,11.0,22.0,25.0,29.0,34.0,38.0,40.0,57.0,60.0,81.0
199.0,194.0,30.0,169.0,189.0,10.0,182.0,117.0,2.0,10.0,13.0,22.0,25.0,28.0,34.0,38.0,40.0,52.0,68.0,81.0
171.0,101.0,60.0,87.0,118.0,10.0,150.0,72.0,2.0,10.0,11.0,22.0,24.0,29.0,34.0,38.0,40.0,52.0,61.0,81.0
125.0,48.0,60.0,44.0,50.0,20.0,0.0,0.0,2.0,9.0,11.0,21.0,25.0,29.0,33.0,37.0,40.0,59.0,61.0,81.0
140.0,85.0,60.0,114.0,90.0,20.0,72.0,44.0,3.0,9.0,13.0,21.0,25.0,30.0,34.0,36.0,40.0,59.0,78.0,81.0
247.0,59.0,60.0,128.0,72.0,10.0,312.0,188.0,3.0,9.0,11.0,21.0,25.0,30.0,33.0,37.0,40.0,59.0,69.0,81.0
134.0,108.0,120.0,98.0,128.0,10.0,88.0,65.0,2.0,9.0,13.0,21.0,24.0,28.0,34.0,37.0,40.0,50.0,61.0,81.0
130.0,4200.0,30.0,67.0,5040.0,10.0,80.0,56.0,2.0,10.0,16.0,21.0,25.0,30.0,34.0,38.0,41.0,43.0,60.0,81.0
101.0,72.0,60.0,43.0,81.0,20.0,72.0,40.0,2.0,10.0,11.0,22.0,24.0,28.0,34.0,37.0,40.0,43.0,60.0,81.0
164.0,81.0,120.0,99.0,95.0,20.0,120.0,76.0,2.0,9.0,13.0,21.0,25.0,29.0,34.0,37.0,40.0,57.0,60.0,81.0
97.0,42.0,30.0,79.0,46.0,10.0,91.0,26.0,1.0,9.0,14.0,22.0,24.0,31.0,34.0,36.0,40.0,59.0,77.0,81.0
135.0,117.0,120.0,64.0,147.0,20.0,0.0,0.0,0.0,10.0,13.0,22.0,25.0,28.0,33.0,38.0,40.0,42.0,61.0,82.0
89.0,25.0,30.0,31.0,32.0,30.0,91.0,32.0,3.0,9.0,11.0,21.0,25.0,30.0,34.0,37.0,40.0,43.0,77.0,81.0
150.0,62.0,60.0,56.0,70.0,10.0,170.0,100.0,2.0,9.0,11.0,22.0,25.0,28.0,34.0,38.0,40.0,57.0,60.0,81.0
322.0,112.0,120.0,180.0,146.0,10.0,299.0,188.0,3.0,10.0,11.0,21.0,25.0,31.0,34.0,38.0,40.0,57.0,72.0,81.0
100.0,2600.0,60.0,56.0,3120.0,20.0,0.0,0.0,0.0,9.0,16.0,21.0,25.0,28.0,34.0,37.0,41.0,42.0,61.0,82.0
171.0,85.0,30.0,89.0,105.0,30.0,170.0,130.0,2.0,10.0,11.0,22.0,25.0,29.0,34.0,38.0,40.0,57.0,60.0,81.0
141.0,2340.0,60.0,66.0,3120.0,20.0,100.0,78.0,2.0,9.0,16.0,21.0,25.0,29.0,34.0,37.0,41.0,48.0,60.0,81.0
68.0,26.0,30.0,53.0,31.0,30.0,80.0,35.0,2.0,9.0,11.0,21.0,24.0,29.0,34.0,37.0,40.0,48.0,79.0,81.0
80.0,179.0,60.0,31.0,286.0,30.0,60.0,30.0,0.0,9.0,18.0,22.0,25.0,27.0,34.0,39.0,40.0,52.0,75.0,81.0
164.0,98.0,60.0,74.0,111.0,20.0,0.0,0.0,0.0,9.0,13.0,22.0,25.0,29.0,34.0,37.0,40.0,52.0,61.0,82.0
46.0,173.0,120.0,24.0,208.0,30.0,32.0,26.0,1.0,9.0,18.0,21.0,25.0,27.0,33.0,39.0,40.0,57.0,79.0,81.0
114.0,72.0,30.0,55.0,86.0,30.0,120.0,80.0,2.0,9.0,13.0,20.0,24.0,30.0,34.0,35.0,40.0,59.0,61.0,81.0
273.0,90.0,120.0,193.0,112.0,10.0,221.0,136.0,2.0,10.0,11.0,21.0,24.0,29.0,34.0,37.0,40.0,55.0,65.0,81.0
224.0,64.0,30.0,199.0,74.0,30.0,110.0,65.0,2.0,10.0,11.0,21.0,24.0,29.0,34.0,38.0,40.0,52.0,62.0,81.0
228.0,97.0,60.0,173.0,118.0,30.0,170.0,105.0,2.0,10.0,11.0,21.0,25.0,30.0,34.0,37.0,40.0,53.0,61.0,81.0
103.0,30.0,120.0,31.0,34.0,30.0,70.0,40.0,0.0,9.0,11.0,20.0,24.0,30.0,34.0,35.0,40.0,57.0,61.0,81.0
147.0,3120.0,120.0,70.0,3120.0,30.0,110.0,80.0,2.0,9.0,16.0,21.0,25.0,28.0,34.0,36.0,41.0,42.0,61.0,82.0
216.0,103.0,60.0,74.0,116.0,20.0,200.0,162.0,3.0,9.0,13.0,21.0,25.0,31.0,34.0,37.0,40.0,57.0,60.0,81.0
227.0,233.0,60.0,116.0,254.0,20.0,136.0,80.0,3.0,10.0,13.0,21.0,25.0,29.0,34.0,37.0,40.0,43.0,73.0,81.0
179.0,148.0,120.0,78.0,198.0,10.0,152.0,100.0,2.0,9.0,13.0,21.0,26.0,30.0,33.0,39.0,40.0,59.0,60.0,81.0
293.0,109.0,30.0,132.0,122.0,10.0,210.0,120.0,2.0,10.0,11.0,22.0,24.0,29.0,34.0,38.0,40.0,54.0,79.0,81.0
298.0,221.0,30.0,140.0,254.0,30.0,144.0,175.0,2.0,10.0,13.0,22.0,24.0,29.0,34.0,38.0,40.0,42.0,77.0,81.0
236.0,126.0,120.0,63.0,133.0,30.0,190.0,130.0,2.0,10.0,11.0,21.0,25.0,28.0,34.0,37.0,40.0,42.0,79.0,81.0
225.0,85.0,60.0,81.0,99.0,20.0,170.0,169.0,2.0,10.0,11.0,22.0,25.0,29.0,34.0,38.0,40.0,57.0,60.0,81.0
236.0,105.0,120.0,71.0,146.0,10.0,247.0,182.0,2.0,10.0,11.0,22.0,24.0,28.0,34.0,38.0,40.0,59.0,60.0,81.0
200.0,210.0,120.0,81.0,237.0,30.0,168.0,175.0,3.0,10.0,13.0,21.0,25.0,30.0,34.0,38.0,40.0,59.0,60.0,81.0
57.0,4200.0,30.0,31.0,5460.0,30.0,0.0,0.0,1.0,10.0,16.0,22.0,24.0,29.0,34.0,38.0,41.0,57.0,79.0,82.0
371.0,134.0,120.0,144.0,165.0,20.0,200.0,132.0,3.0,9.0,13.0,21.0,24.0,28.0,33.0,37.0,40.0,52.0,79.0,81.0
70.0,4200.0,120.0,48.0,5040.0,30.0,40.0,45.0,1.0,10.0,16.0,21.0,25.0,29.0,34.0,38.0,41.0,57.0,77.0,81.0
113.0,2600.0,30.0,55.0,3380.0,30.0,97.0,40.0,0.0,9.0,16.0,23.0,25.0,29.0,34.0,38.0,41.0,42.0,61.0,82.0
146.0,96.0,60.0,55.0,123.0,30.0,143.0,60.0,3.0,9.0,13.0,21.0,24.0,29.0,33.0,36.0,40.0,59.0,61.0,81.0
104.0,68.0,30.0,49.0,80.0,10.0,72.0,60.0,2.0,9.0,13.0,22.0,24.0,28.0,34.0,38.0,40.0,43.0,60.0,81.0
85.0,84.0,60.0,37.0,98.0,10.0,90.0,40.0,2.0,9.0,13.0,21.0,25.0,28.0,34.0,37.0,40.0,43.0,60.0,81.0
236.0,137.0,60.0,97.0,182.0,30.0,273.0,88.0,3.0,9.0,13.0,21.0,24.0,30.0,34.0,37.0,40.0,54.0,77.0,81.0
56.0,268.0,60.0,27.0,357.0,30.0,0.0,0.0,1.0,9.0,18.0,21.0,25.0,28.0,34.0,37.0,40.0,57.0,79.0,81.0
125.0,72.0,60.0,55.0,86.0,10.0,143.0,97.0,3.0,9.0,13.0,23.0,24.0,28.0,34.0,37.0,40.0,59.0,61.0,81.0
225.0,126.0,60.0,88.0,133.0,20.0,0.0,0.0,1.0,10.0,11.0,22.0,24.0,28.0,34.0,37.0,40.0,42.0,79.0,81.0
107.0,68.0,60.0,96.0,83.0,30.0,100.0,150.0,6.0,9.0,13.0,22.0,24.0,29.0,33.0,37.0,40.0,59.0,65.0,81.0
276.0,112.0,30.0,174.0,127.0,30.0,299.0,116.0,3.0,10.0,11.0,21.0,25.0,31.0,34.0,38.0,40.0,57.0,72.0,81.0
114.0,2340.0,60.0,44.0,3120.0,20.0,0.0,0.0,0.0,9.0,16.0,21.0,25.0,29.0,34.0,36.0,41.0,54.0,72.0,81.0
187.0,98.0,30.0,107.0,118.0,30.0,170.0,95.0,2.0,10.0,11.0,21.0,25.0,29.0,33.0,39.0,40.0,58.0,60.0,81.0
231.0,2600.0,60.0,58.0,3380.0,10.0,0.0,0.0,0.0,9.0,16.0,23.0,25.0,28.0,34.0,37.0,41.0,59.0,60.0,81.0
66.0,54.0,30.0,35.0,65.0,30.0,56.0,45.0,2.0,9.0,13.0,21.0,26.0,28.0,33.0,36.0,40.0,59.0,77.0,81.0
195.0,97.0,30.0,81.0,112.0,30.0,234.0,92.0,2.0,10.0,11.0,22.0,25.0,29.0,34.0,38.0,40.0,57.0,60.0,81.0
205.0,44.0,30.0,55.0,64.0,20.0,195.0,85.0,2.0,9.0,11.0,22.0,25.0,28.0,34.0,37.0,40.0,43.0,72.0,81.0
119.0,68.0,120.0,61.0,95.0,10.0,100.0,44.0,3.0,9.0,13.0,21.0,25.0,30.0,34.0,37.0,40.0,43.0,60.0,81.0
139.0,68.0,120.0,88.0,76.0,30.0,80.0,130.0,2.0,10.0,11.0,21.0,25.0,28.0,34.0,38.0,40.0,42.0,61.0,81.0
139.0,46.0,120.0,95.0,56.0,20.0,60.0,45.0,2.0,10.0,11.0,21.0,25.0,28.0,34.0,37.0,40.0,42.0,72.0,81.0
125.0,80.0,30.0,44.0,91.0,30.0,143.0,64.0,3.0,9.0,13.0,21.0,24.0,29.0,34.0,37.0,40.0,59.0,61.0,81.0
74.0,29.0,30.0,39.0,34.0,30.0,0.0,0.0,2.0,9.0,11.0,21.0,25.0,32.0,34.0,37.0,40.0,59.0,77.0,81.0
212.0,91.0,120.0,139.0,90.0,30.0,140.0,95.0,2.0,10.0,11.0,22.0,25.0,29.0,34.0,37.0,40.0,52.0,68.0,81.0
248.0,184.0,30.0,134.0,218.0,30.0,234.0,108.0,2.0,10.0,13.0,22.0,24.0,29.0,34.0,38.0,40.0,42.0,77.0,81.0
124.0,36.0,60.0,47.0,45.0,10.0,64.0,65.0,2.0,9.0,11.0,22.0,25.0,29.0,34.0,37.0,40.0,42.0,61.0,81.0
207.0,218.0,60.0,112.0,245.0,20.0,299.0,145.0,2.0,10.0,13.0,20.0,24.0,29.0,34.0,35.0,40.0,42.0,79.0,81.0
154.0,81.0,60.0,84.0,98.0,10.0,182.0,97.0,3.0,9.0,13.0,21.0,24.0,30.0,34.0,38.0,40.0,59.0,61.0,81.0
92.0,60.0,120.0,41.0,71.0,30.0,72.0,65.0,2.0,10.0,11.0,23.0,24.0,29.0,34.0,38.0,40.0,43.0,60.0,81.0
182.0,62.0,120.0,63.0,72.0,20.0,210.0,143.0,3.0,9.0,11.0,21.0,25.0,29.0,34.0,37.0,40.0,42.0,79.0,81.0
208.0,67.0,30.0,108.0,88.0,20.0,180.0,136.0,3.0,9.0,11.0,21.0,24.0,30.0,33.0,36.0,40.0,42.0,77.0,81.0
188.0,181.0,120.0,92.0,210.0,30.0,136.0,143.0,2.0,10.0,13.0,22.0,24.0,30.0,34.0,38.0,40.0,57.0,60.0,81.0
86.0,4200.0,120.0,68.0,5460.0,20.0,120.0,91.0,1.0,10.0,16.0,21.0,25.0,29.0,34.0,38.0,41.0,58.0,79.0,81.0
79.0,36.0,120.0,35.0,52.0,10.0,0.0,0.0,0.0,9.0,14.0,22.0,25.0,28.0,34.0,37.0,40.0,57.0,61.0,81.0
93.0,38.0,30.0,35.0,45.0,30.0,0.0,0.0,2.0,9.0,11.0,21.0,25.0,27.0,34.0,36.0,40.0,43.0,60.0,82.0
92.0,20.0,30.0,66.0,23.0,30.0,130.0,32.0,1.0,9.0,12.0,22.0,26.0,28.0,34.0,39.0,40.0,58.0,79.0,82.0
92.0,418.0,120.0,57.0,603.0,20.0,0.0,0.0,1.0,10.0,18.0,22.0,25.0,29.0,33.0,36.0,40.0,58.0,79.0,82.0
160.0,114.0,60.0,123.0,116.0,10.0,150.0,84.0,2.0,9.0,13.0,22.0,25.0,28.0,34.0,37.0,40.0,57.0,74.0,81.0
200.0,252.0,30.0,81.0,337.0,20.0,210.0,175.0,3.0,10.0,13.0,21.0,25.0,30.0,34.0,38.0,40.0,59.0,60.0,81.0
131.0,226.0,60.0,89.0,294.0,10.0,72.0,45.0,0.0,10.0,19.0,22.0,25.0,28.0,33.0,38.0,40.0,59.0,78.0,81.0
146.0,136.0,30.0,55.0,153.0,10.0,120.0,64.0,2.0,10.0,13.0,21.0,25.0,28.0,34.0,37.0,40.0,59.0,61.0,81.0
135.0,42.0,30.0,77.0,48.0,30.0,143.0,44.0,2.0,9.0,11.0,22.0,25.0,28.0,34.0,37.0,40.0,43.0,60.0,81.0
221.0,5040.0,60.0,80.0,6720.0,30.0,182.0,72.0,2.0,10.0,16.0,21.0,25.0,30.0,34.0,38.0,41.0,51.0,61.0,81.0
70.0,1850.0,30.0,56.0,2960.0,20.0,40.0,20.0,2.0,9.0,17.0,21.0,25.0,27.0,34.0,36.0,41.0,42.0,72.0,81.0
106.0,80.0,60.0,73.0,90.0,20.0,130.0,65.0,2.0,9.0,13.0,22.0,24.0,29.0,34.0,39.0,40.0,43.0,60.0,81.0
103.0,50.0,30.0,55.0,80.0,20.0,56.0,64.0,0.0,9.0,15.0,21.0,25.0,29.0,33.0,37.0,40.0,43.0,77.0,81.0
101.0,20.0,60.0,40.0,22.0,20.0,0.0,0.0,2.0,9.0,11.0,21.0,25.0,28.0,33.0,36.0,40.0,52.0,60.0,81.0
124.0,2600.0,60.0,69.0,4160.0,30.0,90.0,60.0,4.0,9.0,16.0,23.0,25.0,28.0,34.0,36.0,41.0,43.0,60.0,81.0
85.0,54.0,30.0,41.0,68.0,30.0,90.0,65.0,2.0,10.0,11.0,21.0,24.0,29.0,34.0,38.0,40.0,42.0,61.0,81.0
66.0,4200.0,120.0,33.0,6720.0,10.0,0.0,0.0,1.0,10.0,16.0,22.0,24.0,29.0,34.0,38.0,41.0,57.0,79.0,82.0
73.0,464.0,60.0,57.0,557.0,20.0,0.0,0.0,1.0,10.0,18.0,22.0,25.0,29.0,33.0,36.0,40.0,58.0,79.0,82.0
274.0,97.0,120.0,173.0,118.0,10.0,221.0,136.0,2.0,10.0,11.0,21.0,25.0,30.0,34.0,37.0,40.0,53.0,61.0,81.0
101.0,36.0,60.0,53.0,49.0,30.0,88.0,78.0,3.0,9.0,11.0,20.0,24.0,29.0,34.0,35.0,40.0,42.0,61.0,81.0
82.0,53.0,120.0,38.0,76.0,10.0,64.0,45.0,2.0,10.0,11.0,22.0,24.0,29.0,34.0,38.0,40.0,57.0,61.0,81.0
58.0,22.0,60.0,37.0,29.0,30.0,0.0,0.0,2.0,9.0,11.0,21.0,25.0,32.0,34.0,37.0,40.0,59.0,77.0,82.0
368.0,74.0,30.0,164.0,86.0,10.0,270.0,120.0,3.0,9.0,11.0,21.0,25.0,28.0,34.0,38.0,40.0,59.0,71.0,81.0
209.0,3780.0,30.0,124.0,6720.0,20.0,0.0,0.0,2.0,10.0,16.0,22.0,26.0,28.0,34.0,36.0,41.0,43.0,75.0,81.0
89.0,38.0,30.0,66.0,53.0,10.0,40.0,25.0,2.0,9.0,13.0,22.0,25.0,28.0,34.0,38.0,40.0,51.0,60.0,81.0
200.0,111.0,120.0,63.0,156.0,10.0,210.0,108.0,2.0,9.0,13.0,22.0,24.0,28.0,34.0,38.0,40.0,59.0,60.0,81.0
262.0,202.0,60.0,143.0,245.0,10.0,273.0,221.0,3.0,10.0,13.0,21.0,25.0,29.0,33.0,39.0,40.0,59.0,60.0,81.0
150.0,145.0,120.0,78.0,162.0,30.0,90.0,60.0,0.0,10.0,13.0,22.0,24.0,30.0,34.0,38.0,40.0,43.0,60.0,81.0
95.0,180.0,30.0,49.0,180.0,10.0,78.0,52.0,1.0,9.0,19.0,21.0,25.0,28.0,33.0,37.0,40.0,42.0,72.0,81.0
132.0,85.0,30.0,81.0,105.0,20.0,130.0,97.0,2.0,10.0,11.0,21.0,24.0,30.0,34.0,38.0,40.0,52.0,61.0,81.0
71.0,2340.0,60.0,40.0,3120.0,20.0,0.0,0.0,0.0,9.0,16.0,21.0,24.0,28.0,33.0,39.0,41.0,59.0,77.0,81.0
52.0,3120.0,120.0,33.0,4160.0,10.0,32.0,35.0,1.0,9.0,16.0,21.0,25.0,29.0,34.0,38.0,41.0,59.0,77.0,81.0
129.0,31.0,120.0,86.0,36.0,20.0,0.0,0.0,0.0,9.0,11.0,22.0,25.0,29.0,34.0,36.0,40.0,42.0,72.0,81.0
46.0,100.0,60.0,25.0,108.0,10.0,0.0,0.0,1.0,10.0,15.0,22.0,25.0,28.0,33.0,37.0,40.0,59.0,77.0,82.0
130.0,61.0,60.0,53.0,71.0,20.0,120.0,91.0,2.0,10.0,11.0,20.0,24.0,29.0,34.0,35.0,40.0,43.0,60.0,81.0
114.0,72.0,120.0,49.0,83.0,30.0,156.0,60.0,3.0,9.0,13.0,21.0,25.0,28.0,33.0,37.0,40.0,59.0,61.0,81.0
79.0,30.0,30.0,31.0,46.0,20.0,0.0,0.0,0.0,9.0,14.0,22.0,25.0,28.0,34.0,37.0,40.0,57.0,61.0,81.0
207.0,196.0,120.0,102.0,225.0,30.0,299.0,116.0,2.0,10.0,13.0,20.0,24.0,29.0,34.0,35.0,40.0,42.0,79.0,81.0
157.0,130.0,30.0,59.0,139.0,10.0,221.0,123.0,2.0,9.0,13.0,22.0,25.0,28.0,34.0,37.0,40.0,57.0,60.0,81.0
150.0,211.0,120.0,64.0,281.0,10.0,136.0,135.0,0.0,10.0,13.0,22.0,24.0,29.0,34.0,38.0,40.0,57.0,60.0,81.0
244.0,62.0,60.0,91.0,72.0,10.0,160.0,105.0,3.0,9.0,11.0,21.0,24.0,28.0,33.0,36.0,40.0,42.0,78.0,81.0
166.0,81.0,60.0,83.0,91.0,20.0,110.0,78.0,3.0,9.0,13.0,21.0,25.0,29.0,34.0,38.0,40.0,42.0,61.0,81.0
164.0,20.0,30.0,80.0,26.0,20.0,0.0,0.0,3.0,9.0,12.0,21.0,25.0,27.0,33.0,36.0,40.0,43.0,77.0,81.0
236.0,139.0,120.0,125.0,161.0,20.0,250.0,201.0,2.0,9.0,13.0,22.0,24.0,28.0,34.0,39.0,40.0,52.0,79.0,81.0
138.0,82.0,120.0,98.0,105.0,10.0,0.0,0.0,1.0,10.0,11.0,21.0,24.0,29.0,33.0,36.0,40.0,43.0,60.0,81.0
81.0,4200.0,30.0,35.0,6720.0,20.0,48.0,24.0,1.0,10.0,16.0,22.0,25.0,28.0,34.0,38.0,41.0,42.0,72.0,81.0
201.0,58.0,120.0,93.0,66.0,30.0,286.0,116.0,2.0,9.0,11.0,21.0,25.0,30.0,34.0,37.0,40.0,59.0,64.0,81.0
258.0,127.0,120.0,140.0,132.0,30.0,170.0,110.0,3.0,9.0,13.0,21.0,24.0,28.0,34.0,38.0,40.0,59.0,67.0,81.0
56.0,282.0,120.0,23.0,282.0,30.0,40.0,30.0,1.0,9.0,18.0,21.0,25.0,28.0,34.0,37.0,40.0,59.0,77.0,82.0
154.0,2600.0,60.0,52.0,3380.0,10.0,0.0,0.0,1.0,9.0,16.0,21.0,25.0,28.0,34.0,39.0,41.0,43.0,79.0,81.0
70.0,22.0,30.0,35.0,29.0,20.0,0.0,0.0,2.0,9.0,11.0,21.0,25.0,28.0,34.0,36.0,40.0,57.0,79.0,81.0
92.0,31.0,30.0,37.0,38.0,10.0,72.0,60.0,3.0,9.0,11.0,21.0,25.0,30.0,33.0,36.0,40.0,42.0,61.0,81.0
174.0,147.0,120.0,90.0,184.0,10.0,130.0,65.0,2.0,10.0,13.0,22.0,24.0,29.0,34.0,38.0,40.0,43.0,60.0,81.0
175.0,127.0,30.0,112.0,128.0,10.0,234.0,117.0,3.0,9.0,13.0,21.0,25.0,29.0,34.0,37.0,40.0,59.0,67.0,81.0
236.0,125.0,60.0,125.0,172.0,30.0,200.0,234.0,2.0,9.0,13.0,20.0,25.0,29.0,34.0,38.0,40.0,52.0,79.0,81.0
206.0,54.0,30.0,73.0,62.0,10.0,170.0,80.0,3.0,9.0,11.0,21.0,25.0,28.0,33.0,36.0,40.0,42.0,77.0,81.0
114.0,96.0,60.0,49.0,106.0,10.0,120.0,68.0,2.0,9.0,13.0,22.0,25.0,28.0,34.0,37.0,40.0,43.0,79.0,81.0
136.0,67.0,60.0,93.0,88.0,30.0,88.0,97.0,2.0,10.0,11.0,21.0,25.0,30.0,34.0,38.0,40.0,42.0,61.0,81.0
155.0,82.0,60.0,78.0,105.0,30.0,130.0,56.0,0.0,10.0,11.0,21.0,25.0,28.0,34.0,37.0,40.0,43.0,60.0,81.0
55.0,3120.0,30.0,33.0,4160.0,20.0,0.0,0.0,1.0,9.0,16.0,23.0,25.0,28.0,34.0,37.0,41.0,57.0,79.0,82.0
142.0,153.0,120.0,100.0,169.0,20.0,100.0,84.0,2.0,10.0,13.0,22.0,25.0,29.0,34.0,38.0,40.0,43.0,60.0,81.0
136.0,2340.0,60.0,90.0,4160.0,30.0,72.0,78.0,0.0,9.0,16.0,22.0,25.0,29.0,34.0,38.0,41.0,54.0,61.0,82.0
132.0,51.0,120.0,106.0,68.0,10.0,80.0,44.0,3.0,9.0,13.0,21.0,25.0,28.0,33.0,37.0,40.0,59.0,77.0,81.0
118.0,117.0,120.0,60.0,162.0,10.0,120.0,56.0,2.0,10.0,13.0,23.0,25.0,28.0,34.0,38.0,40.0,43.0,60.0,81.0
200.0,94.0,30.0,121.0,112.0,30.0,200.0,120.0,2.0,10.0,11.0,22.0,24.0,28.0,34.0,38.0,40.0,42.0,77.0,81.0
185.0,50.0,30.0,96.0,64.0,30.0,195.0,60.0,3.0,9.0,11.0,21.0,24.0,28.0,33.0,37.0,40.0,43.0,72.0,81.0
54.0,18.0,120.0,23.0,26.0,10.0,0.0,0.0,2.0,9.0,11.0,21.0,24.0,28.0,34.0,37.0,40.0,59.0,77.0,82.0
181.0,43.0,120.0,120.0,49.0,30.0,195.0,72.0,2.0,9.0,11.0,22.0,25.0,30.0,34.0,38.0,40.0,43.0,79.0,81.0
152.0,39.0,30.0,97.0,45.0,10.0,72.0,50.0,3.0,9.0,11.0,21.0,25.0,28.0,34.0,36.0,40.0,43.0,60.0,81.0
153.0,46.0,30.0,120.0,58.0,20.0,104.0,56.0,3.0,9.0,11.0,21.0,25.0,29.0,34.0,37.0,40.0,42.0,61.0,81.0
221.0,126.0,30.0,123.0,155.0,20.0,240.0,182.0,2.0,10.0,11.0,22.0,24.0,29.0,34.0,38.0,40.0,55.0,77.0,81.0
257.0,146.0,120.0,109.0,207.0,10.0,216.0,190.0,2.0,10.0,11.0,21.0,24.0,31.0,34.0,38.0,40.0,59.0,72.0,81.0
136.0,145.0,30.0,85.0,194.0,20.0,90.0,78.0,0.0,10.0,13.0,22.0,24.0,30.0,34.0,38.0,40.0,43.0,60.0,81.0
46.0,235.0,120.0,23.0,305.0,20.0,40.0,39.0,1.0,9.0,18.0,21.0,25.0,28.0,34.0,37.0,40.0,59.0,77.0,81.0
135.0,153.0,120.0,98.0,167.0,30.0,88.0,260.0,2.0,10.0,13.0,21.0,26.0,30.0,34.0,38.0,40.0,48.0,60.0,81.0
122.0,122.0,60.0,47.0,142.0,20.0,90.0,78.0,2.0,10.0,13.0,22.0,24.0,29.0,34.0,38.0,40.0,42.0,61.0,81.0
230.0,62.0,120.0,111.0,70.0,30.0,152.0,169.0,2.0,9.0,11.0,21.0,25.0,30.0,33.0,37.0,40.0,59.0,60.0,81.0
182.0,62.0,30.0,71.0,86.0,20.0,200.0,128.0,0.0,9.0,11.0,22.0,25.0,28.0,33.0,37.0,40.0,59.0,60.0,81.0
132.0,2600.0,30.0,51.0,3380.0,30.0,0.0,0.0,2.0,9.0,16.0,21.0,25.0,27.0,33.0,39.0,41.0,59.0,61.0,82.0
125.0,82.0,120.0,49.0,90.0,20.0,156.0,80.0,3.0,10.0,11.0,21.0,24.0,29.0,33.0,38.0,40.0,59.0,61.0,81.0
292.0,154.0,60.0,92.0,210.0,30.0,286.0,108.0,2.0,9.0,13.0,22.0,24.0,28.0,34.0,37.0,40.0,57.0,72.0,81.0
112.0,100.0,30.0,67.0,123.0,20.0,100.0,78.0,0.0,9.0,13.0,21.0,25.0,28.0,34.0,37.0,40.0,43.0,60.0,81.0
100.0,64.0,60.0,53.0,71.0,10.0,70.0,32.0,2.0,10.0,11.0,21.0,24.0,31.0,34.0,38.0,40.0,57.0,61.0,82.0
182.0,2600.0,120.0,63.0,3380.0,20.0,0.0,0.0,2.0,9.0,16.0,21.0,25.0,28.0,34.0,37.0,41.0,59.0,60.0,81.0
245.0,154.0,60.0,108.0,165.0,20.0,168.0,104.0,3.0,9.0,13.0,21.0,25.0,29.0,34.0,37.0,40.0,59.0,60.0,81.0
203.0,90.0,30.0,92.0,109.0,30.0,195.0,72.0,2.0,10.0,11.0,22.0,25.0,30.0,34.0,38.0,40.0,52.0,61.0,81.0
92.0,54.0,120.0,34.0,78.0,10.0,90.0,52.0,2.0,10.0,11.0,21.0,24.0,29.0,34.0,38.0,40.0,42.0,61.0,81.0
157.0,221.0,30.0,59.0,237.0,10.0,221.0,162.0,2.0,10.0,13.0,22.0,24.0,29.0,34.0,38.0,40.0,57.0,60.0,81.0
122.0,57.0,120.0,52.0,70.0,20.0,56.0,40.0,2.0,9.0,13.0,21.0,25.0,27.0,33.0,36.0,40.0,57.0,61.0,82.0
170.0,85.0,120.0,80.0,97.0,30.0,221.0,88.0,3.0,10.0,11.0,21.0,24.0,28.0,34.0,37.0,40.0,57.0,60.0,81.0
209.0,44.0,30.0,170.0,49.0,10.0,112.0,80.0,3.0,9.0,11.0,21.0,25.0,30.0,34.0,37.0,40.0,42.0,65.0,81.0
111.0,100.0,30.0,44.0,108.0,30.0,48.0,45.0,0.0,10.0,15.0,22.0,25.0,29.0,34.0,38.0,40.0,42.0,72.0,81.0
183.0,108.0,60.0,89.0,122.0,10.0,160.0,84.0,2.0,10.0,11.0,22.0,25.0,29.0,34.0,37.0,40.0,43.0,72.0,81.0
195.0,82.0,120.0,130.0,98.0,20.0,88.0,56.0,3.0,9.0,13.0,21.0,24.0,29.0,33.0,37.0,40.0,47.0,65.0,81.0
204.0,252.0,120.0,107.0,349.0,10.0,168.0,150.0,2.0,10.0,13.0,22.0,25.0,29.0,34.0,38.0,40.0,42.0,79.0,81.0
150.0,88.0,30.0,56.0,122.0,20.0,136.0,84.0,2.0,10.0,11.0,23.0,25.0,28.0,34.0,37.0,40.0,42.0,77.0,81.0
275.0,194.0,120.0,123.0,266.0,10.0,260.0,149.0,2.0,10.0,13.0,22.0,25.0,28.0,34.0,37.0,40.0,42.0,77.0,81.0
240.0,108.0,30.0,149.0,116.0,10.0,170.0,92.0,3.0,9.0,13.0,21.0,25.0,29.0,34.0,37.0,40.0,53.0,61.0,81.0
147.0,5040.0,30.0,96.0,6720.0,20.0,0.0,0.0,2.0,10.0,16.0,21.0,25.0,30.0,33.0,39.0,41.0,58.0,61.0,82.0
287.0,59.0,120.0,229.0,72.0,10.0,180.0,84.0,3.0,9.0,11.0,21.0,25.0,31.0,33.0,37.0,40.0,43.0,76.0,81.0
110.0,4200.0,120.0,63.0,5460.0,20.0,0.0,0.0,2.0,10.0,16.0,21.0,25.0,31.0,33.0,36.0,41.0,42.0,70.0,81.0
165.0,147.0,120.0,134.0,162.0,20.0,120.0,104.0,2.0,10.0,13.0,22.0,24.0,29.0,34.0,38.0,40.0,52.0,66.0,81.0
120.0,61.0,120.0,93.0,68.0,20.0,72.0,44.0,1.0,9.0,13.0,21.0,24.0,28.0,34.0,37.0,40.0,59.0,65.0,81.0
159.0,5040.0,30.0,82.0,5460.0,30.0,72.0,78.0,2.0,10.0,16.0,21.0,25.0,30.0,34.0,38.0,41.0,43.0,74.0,81.0
194.0,131.0,30.0,77.0,140.0,10.0,299.0,195.0,2.0,10.0,11.0,21.0,25.0,29.0,34.0,37.0,40.0,42.0,79.0,81.0
149.0,75.0,120.0,75.0,90.0,20.0,88.0,60.0,2.0,9.0,13.0,22.0,25.0,28.0,34.0,37.0,40.0,52.0,61.0,81.0
180.0,169.0,120.0,108.0,218.0,20.0,140.0,117.0,2.0,10.0,13.0,22.0,24.0,28.0,34.0,37.0,40.0,52.0,61.0,81.0
342.0,212.0,120.0,260.0,253.0,10.0,224.0,170.0,3.0,9.0,13.0,21.0,25.0,28.0,34.0,37.0,40.0,59.0,76.0,81.0
176.0,99.0,30.0,109.0,144.0,20.0,104.0,56.0,2.0,9.0,13.0,21.0,25.0,29.0,33.0,37.0,40.0,51.0,61.0,81.0
120.0,42.0,60.0,81.0,46.0,20.0,143.0,65.0,2.0,9.0,11.0,22.0,24.0,28.0,34.0,37.0,40.0,52.0,61.0,81.0
117.0,42.0,30.0,66.0,56.0,20.0,0.0,0.0,0.0,9.0,11.0,22.0,25.0,28.0,33.0,36.0,40.0,43.0,60.0,82.0
194.0,221.0,30.0,146.0,254.0,20.0,160.0,136.0,0.0,10.0,13.0,22.0,24.0,29.0,34.0,38.0,40.0,57.0,60.0,81.0
217.0,158.0,120.0,98.0,225.0,10.0,160.0,84.0,2.0,10.0,13.0,22.0,25.0,29.0,34.0,38.0,40.0,43.0,72.0,81.0
291.0,189.0,30.0,130.0,254.0,20.0,338.0,145.0,3.0,10.0,13.0,21.0,25.0,30.0,33.0,36.0,40.0,57.0,75.0,81.0
305.0,77.0,60.0,139.0,105.0,30.0,0.0,0.0,6.0,9.0,11.0,21.0,24.0,28.0,34.0,39.0,40.0,59.0,60.0,81.0
160.0,79.0,120.0,69.0,92.0,30.0,221.0,88.0,2.0,10.0,11.0,23.0,25.0,29.0,34.0,38.0,40.0,57.0,60.0,81.0
236.0,210.0,60.0,63.0,245.0,10.0,168.0,135.0,2.0,10.0,13.0,22.0,24.0,30.0,34.0,38.0,40.0,59.0,60.0,81.0
98.0,170.0,120.0,57.0,210.0,10.0,80.0,65.0,2.0,10.0,13.0,22.0,24.0,29.0,34.0,38.0,40.0,43.0,60.0,81.0
178.0,116.0,60.0,143.0,122.0,10.0,210.0,100.0,1.0,10.0,11.0,21.0,25.0,29.0,33.0,36.0,40.0,48.0,73.0,81.0
372.0,131.0,120.0,196.0,140.0,30.0,210.0,130.0,2.0,10.0,11.0,22.0,24.0,28.0,34.0,38.0,40.0,52.0,78.0,81.0
189.0,81.0,60.0,98.0,112.0,30.0,120.0,136.0,2.0,10.0,11.0,22.0,24.0,29.0,34.0,38.0,40.0,52.0,61.0,81.0
95.0,60.0,60.0,51.0,71.0,20.0,78.0,50.0,0.0,10.0,11.0,22.0,25.0,29.0,33.0,37.0,40.0,42.0,61.0,82.0
128.0,170.0,60.0,57.0,210.0,30.0,130.0,52.0,2.0,10.0,13.0,22.0,24.0,29.0,34.0,38.0,40.0,43.0,60.0,81.0
51.0,44.0,120.0,29.0,57.0,20.0,45.0,39.0,2.0,9.0,19.0,21.0,25.0,30.0,34.0,36.0,40.0,59.0,77.0,81.0
205.0,119.0,60.0,119.0,137.0,10.0,190.0,112.0,2.0,10.0,11.0,23.0,25.0,29.0,34.0,37.0,40.0,57.0,60.0,81.0
236.0,126.0,30.0,71.0,140.0,30.0,168.0,195.0,2.0,10.0,11.0,22.0,24.0,29.0,34.0,38.0,40.0,59.0,60.0,81.0
54.0,14.0,60.0,32.0,19.0,10.0,52.0,39.0,3.0,9.0,11.0,21.0,24.0,31.0,34.0,36.0,40.0,59.0,77.0,81.0
336.0,110.0,60.0,95.0,133.0,20.0,270.0,214.0,3.0,10.0,11.0,21.0,25.0,29.0,34.0,37.0,40.0,59.0,72.0,81.0
166.0,52.0,60.0,87.0,64.0,30.0,143.0,64.0,3.0,9.0,11.0,21.0,25.0,30.0,34.0,39.0,40.0,42.0,61.0,81.0
87.0,12.0,120.0,55.0,15.0,20.0,56.0,12.0,5.0,9.0,12.0,21.0,25.0,29.0,34.0,37.0,40.0,59.0,77.0,82.0
194.0,105.0,30.0,85.0,146.0,20.0,160.0,100.0,2.0,10.0,11.0,22.0,25.0,30.0,34.0,38.0,40.0,42.0,79.0,81.0
165.0,22.0,30.0,89.0,25.0,10.0,88.0,40.0,0.0,9.0,12.0,21.0,24.0,29.0,34.0,38.0,40.0,43.0,79.0,82.0
116.0,45.0,60.0,46.0,58.0,10.0,48.0,50.0,0.0,9.0,13.0,22.0,25.0,28.0,34.0,37.0,40.0,51.0,60.0,81.0
172.0,19.0,120.0,133.0,23.0,30.0,104.0,104.0,1.0,10.0,16.0,21.0,25.0,29.0,34.0,38.0,40.0,47.0,65.0,81.0
181.0,163.0,30.0,126.0,181.0,10.0,120.0,100.0,2.0,10.0,13.0,21.0,25.0,29.0,34.0,38.0,40.0,53.0,61.0,81.0
287.0,79.0,120.0,232.0,82.0,20.0,234.0,105.0,3.0,9.0,11.0,21.0,25.0,31.0,33.0,37.0,40.0,43.0,76.0,81.0
328.0,57.0,60.0,273.0,70.0,30.0,160.0,80.0,3.0,9.0,11.0,21.0,24.0,29.0,34.0,37.0,40.0,47.0,78.0,81.0
224.0,133.0,120.0,74.0,144.0,30.0,170.0,105.0,2.0,9.0,13.0,22.0,25.0,30.0,34.0,37.0,40.0,57.0,60.0,81.0
89.0,3120.0,120.0,34.0,3380.0,20.0,97.0,40.0,1.0,9.0,16.0,21.0,25.0,28.0,33.0,37.0,41.0,42.0,61.0,81.0
178.0,176.0,30.0,121.0,225.0,20.0,144.0,88.0,0.0,10.0,13.0,21.0,25.0,29.0,33.0,38.0,40.0,59.0,62.0,81.0
75.0,2600.0,60.0,59.0,3120.0,20.0,78.0,40.0,1.0,9.0,16.0,22.0,25.0,28.0,33.0,36.0,41.0,57.0,79.0,82.0
182.0,56.0,30.0,81.0,66.0,30.0,190.0,105.0,3.0,9.0,11.0,21.0,25.0,29.0,34.0,38.0,40.0,59.0,60.0,81.0
154.0,43.0,120.0,73.0,57.0,10.0,0.0,0.0,2.0,9.0,11.0,21.0,25.0,27.0,34.0,36.0,40.0,59.0,61.0,81.0
345.0,72.0,60.0,216.0,97.0,30.0,240.0,135.0,3.0,9.0,11.0,21.0,24.0,31.0,33.0,39.0,40.0,59.0,72.0,81.0
305.0,119.0,120.0,228.0,132.0,30.0,247.0,84.0,3.0,9.0,13.0,21.0,24.0,30.0,34.0,37.0,40.0,57.0,72.0,81.0
200.0,84.0,60.0,79.0,105.0,10.0,104.0,85.0,3.0,10.0,11.0,21.0,24.0,30.0,34.0,38.0,40.0,43.0,70.0,81.0
114.0,80.0,120.0,44.0,91.0,20.0,110.0,97.0,3.0,9.0,13.0,23.0,24.0,28.0,34.0,37.0,40.0,59.0,61.0,81.0
71.0,1665.0,120.0,50.0,2220.0,30.0,0.0,0.0,1.0,9.0,17.0,21.0,25.0,27.0,34.0,37.0,41.0,57.0,79.0,81.0
330.0,187.0,30.0,156.0,253.0,20.0,290.0,227.0,3.0,9.0,13.0,21.0,24.0,28.0,34.0,37.0,40.0,52.0,79.0,81.0
133.0,72.0,120.0,52.0,99.0,10.0,0.0,0.0,0.0,9.0,13.0,21.0,24.0,28.0,34.0,39.0,40.0,59.0,61.0,81.0
182.0,252.0,120.0,81.0,337.0,10.0,152.0,140.0,2.0,10.0,13.0,20.0,24.0,29.0,34.0,35.0,40.0,59.0,60.0,81.0
149.0,138.0,60.0,106.0,167.0,30.0,120.0,117.0,2.0,10.0,13.0,22.0,25.0,28.0,34.0,37.0,40.0,54.0,77.0,81.0
196.0,67.0,30.0,67.0,77.0,10.0,152.0,55.0,0.0,9.0,14.0,22.0,24.0,29.0,34.0,37.0,40.0,59.0,60.0,82.0
181.0,62.0,30.0,142.0,72.0,20.0,150.0,84.0,1.0,9.0,11.0,21.0,24.0,29.0,33.0,37.0,40.0,46.0,65.0,82.0
138.0,143.0,30.0,93.0,153.0,10.0,117.0,78.0,3.0,10.0,13.0,21.0,25.0,31.0,34.0,37.0,40.0,51.0,74.0,81.0
107.0,117.0,30.0,67.0,142.0,30.0,120.0,70.0,2.0,10.0,13.0,23.0,25.0,28.0,34.0,38.0,40.0,43.0,60.0,81.0
199.0,109.0,120.0,111.0,108.0,30.0,130.0,85.0,3.0,9.0,13.0,21.0,25.0,28.0,33.0,36.0,40.0,52.0,67.0,81.0
139.0,46.0,60.0,65.0,58.0,30.0,117.0,44.0,3.0,9.0,11.0,21.0,24.0,29.0,34.0,37.0,40.0,43.0,60.0,81.0
61.0,5040.0,60.0,40.0,5460.0,10.0,0.0,0.0,1.0,10.0,16.0,22.0,25.0,28.0,34.0,38.0,41.0,59.0,77.0,82.0
276.0,305.0,120.0,183.0,393.0,10.0,200.0,155.0,3.0,10.0,13.0,21.0,25.0,31.0,34.0,37.0,40.0,59.0,73.0,81.0
78.0,2600.0,30.0,30.0,4160.0,20.0,0.0,0.0,0.0,9.0,16.0,22.0,25.0,29.0,33.0,38.0,41.0,42.0,61.0,81.0
101.0,82.0,30.0,86.0,97.0,30.0,70.0,45.0,3.0,10.0,13.0,21.0,24.0,30.0,34.0,36.0,40.0,59.0,65.0,81.0
197.0,111.0,120.0,60.0,156.0,10.0,190.0,80.0,2.0,9.0,13.0,21.0,26.0,30.0,33.0,39.0,40.0,59.0,60.0,81.0
257.0,113.0,60.0,114.0,150.0,30.0,221.0,80.0,3.0,10.0,11.0,21.0,24.0,28.0,34.0,38.0,40.0,42.0,77.0,81.0
74.0,24.0,30.0,41.0,26.0,10.0,0.0,0.0,2.0,9.0,11.0,21.0,25.0,32.0,34.0,37.0,40.0,59.0,77.0,81.0
257.0,74.0,60.0,176.0,82.0,10.0,220.0,144.0,2.0,9.0,11.0,22.0,25.0,29.0,34.0,37.0,40.0,58.0,60.0,81.0
107.0,271.0,120.0,93.0,362.0,10.0,72.0,45.0,0.0,10.0,19.0,22.0,25.0,28.0,33.0,38.0,40.0,59.0,78.0,81.0
139.0,2600.0,30.0,74.0,4160.0,20.0,96.0,40.0,1.0,9.0,16.0,22.0,25.0,28.0,34.0,38.0,41.0,59.0,61.0,81.0
164.0,118.0,60.0,66.0,132.0,10.0,0.0,0.0,0.0,9.0,13.0,22.0,25.0,29.0,34.0,37.0,40.0,52.0,61.0,82.0
317.0,64.0,60.0,90.0,78.0,10.0,184.0,140.0,1.0,9.0,11.0,21.0,24.0,30.0,34.0,37.0,40.0,57.0,72.0,81.0
255.0,105.0,60.0,77.0,127.0,10.0,160.0,125.0,2.0,10.0,11.0,22.0,25.0,30.0,34.0,38.0,40.0,42.0,79.0,81.0
237.0,202.0,30.0,107.0,254.0,30.0,240.0,170.0,2.0,10.0,13.0,22.0,25.0,29.0,34.0,38.0,40.0,57.0,72.0,81.0
102.0,60.0,120.0,51.0,71.0,30.0,48.0,65.0,0.0,10.0,11.0,22.0,25.0,29.0,33.0,37.0,40.0,42.0,61.0,81.0
61.0,30.0,60.0,30.0,37.0,20.0,50.0,39.0,0.0,9.0,13.0,22.0,24.0,28.0,34.0,38.0,40.0,59.0,77.0,81.0
276.0,229.0,30.0,183.0,274.0,30.0,250.0,155.0,3.0,10.0,13.0,21.0,25.0,31.0,34.0,37.0,40.0,59.0,73.0,81.0
95.0,29.0,60.0,53.0,32.0,20.0,91.0,35.0,0.0,9.0,11.0,21.0,25.0,29.0,33.0,38.0,40.0,47.0,72.0,82.0
157.0,70.0,60.0,111.0,84.0,10.0,169.0,104.0,2.0,10.0,11.0,22.0,25.0,29.0,34.0,39.0,40.0,55.0,61.0,81.0
211.0,46.0,120.0,124.0,57.0,10.0,169.0,84.0,2.0,9.0,11.0,22.0,25.0,29.0,34.0,37.0,40.0,42.0,61.0,81.0
284.0,116.0,30.0,165.0,139.0,30.0,247.0,88.0,3.0,9.0,13.0,21.0,25.0,28.0,33.0,37.0,40.0,52.0,61.0,81.0
200.0,158.0,30.0,112.0,194.0,30.0,160.0,105.0,2.0,10.0,13.0,22.0,25.0,29.0,34.0,38.0,40.0,43.0,72.0,81.0
131.0,94.0,60.0,95.0,99.0,10.0,120.0,112.0,1.0,10.0,11.0,21.0,25.0,29.0,34.0,38.0,40.0,52.0,61.0,82.0
157.0,83.0,120.0,65.0,97.0,30.0,195.0,80.0,2.0,10.0,11.0,22.0,24.0,28.0,34.0,37.0,40.0,57.0,60.0,81.0
164.0,119.0,30.0,60.0,128.0,10.0,182.0,117.0,0.0,9.0,13.0,22.0,25.0,29.0,34.0,38.0,40.0,43.0,72.0,81.0
215.0,84.0,60.0,62.0,105.0,10.0,120.0,90.0,2.0,10.0,11.0,22.0,25.0,28.0,34.0,38.0,40.0,52.0,61.0,81.0
227.0,81.0,30.0,75.0,112.0,20.0,221.0,105.0,0.0,10.0,11.0,22.0,24.0,29.0,34.0,38.0,40.0,57.0,60.0,81.0
320.0,52.0,60.0,216.0,57.0,20.0,0.0,0.0,0.0,9.0,11.0,21.0,25.0,28.0,34.0,38.0,40.0,56.0,72.0,81.0
193.0,90.0,60.0,119.0,127.0,30.0,150.0,95.0,2.0,10.0,11.0,23.0,25.0,28.0,34.0,37.0,40.0,52.0,65.0,81.0
189.0,5040.0,30.0,70.0,5040.0,10.0,214.0,214.0,0.0,10.0,16.0,21.0,25.0,29.0,34.0,38.0,41.0,42.0,79.0,81.0
195.0,184.0,30.0,109.0,184.0,30.0,120.0,117.0,2.0,10.0,13.0,22.0,25.0,28.0,34.0,37.0,40.0,54.0,77.0,81.0
227.0,137.0,30.0,85.0,156.0,30.0,144.0,156.0,3.0,9.0,13.0,21.0,24.0,30.0,34.0,38.0,40.0,57.0,60.0,81.0
175.0,106.0,120.0,112.0,116.0,20.0,180.0,136.0,3.0,9.0,13.0,21.0,24.0,29.0,33.0,38.0,40.0,59.0,67.0,81.0
283.0,218.0,120.0,110.0,301.0,10.0,299.0,169.0,3.0,10.0,13.0,21.0,24.0,30.0,33.0,38.0,40.0,59.0,60.0,81.0
164.0,75.0,30.0,130.0,108.0,30.0,140.0,85.0,0.0,10.0,15.0,22.0,25.0,28.0,34.0,37.0,40.0,55.0,61.0,81.0
188.0,5040.0,60.0,101.0,5460.0,10.0,150.0,76.0,4.0,10.0,16.0,22.0,25.0,29.0,34.0,38.0,41.0,43.0,72.0,82.0
232.0,50.0,120.0,90.0,80.0,10.0,221.0,149.0,2.0,9.0,15.0,21.0,25.0,29.0,33.0,37.0,40.0,57.0,60.0,82.0
164.0,68.0,60.0,118.0,81.0,10.0,156.0,91.0,1.0,10.0,11.0,23.0,25.0,29.0,34.0,38.0,40.0,52.0,61.0,81.0
286.0,3120.0,120.0,157.0,3380.0,20.0,351.0,95.0,2.0,9.0,16.0,21.0,26.0,31.0,33.0,39.0,41.0,59.0,60.0,81.0
230.0,88.0,30.0,88.0,97.0,10.0,150.0,76.0,2.0,10.0,11.0,22.0,24.0,29.0,34.0,37.0,40.0,43.0,72.0,81.0
170.0,47.0,30.0,84.0,57.0,30.0,0.0,0.0,0.0,9.0,11.0,21.0,25.0,28.0,33.0,36.0,40.0,57.0,60.0,81.0
137.0,32.0,30.0,60.0,43.0,20.0,130.0,70.0,3.0,9.0,11.0,21.0,24.0,29.0,34.0,37.0,40.0,57.0,61.0,81.0
203.0,130.0,60.0,89.0,144.0,20.0,136.0,72.0,3.0,9.0,13.0,22.0,24.0,29.0,34.0,38.0,40.0,42.0,77.0,81.0
267.0,245.0,60.0,122.0,281.0,20.0,325.0,160.0,2.0,10.0,13.0,22.0,25.0,30.0,34.0,38.0,40.0,51.0,79.0,81.0
166.0,43.0,60.0,80.0,49.0,10.0,88.0,80.0,3.0,9.0,11.0,21.0,25.0,30.0,34.0,39.0,40.0,42.0,61.0,81.0
109.0,20.0,120.0,53.0,32.0,10.0,100.0,24.0,0.0,9.0,11.0,21.0,25.0,30.0,34.0,38.0,40.0,42.0,72.0,81.0
261.0,94.0,30.0,88.0,133.0,20.0,0.0,0.0,1.0,10.0,11.0,22.0,24.0,28.0,34.0,37.0,40.0,42.0,79.0,81.0
175.0,127.0,60.0,117.0,132.0,10.0,180.0,92.0,3.0,9.0,13.0,21.0,25.0,28.0,33.0,36.0,40.0,59.0,67.0,81.0
132.0,28.0,30.0,57.0,31.0,30.0,72.0,32.0,0.0,9.0,12.0,21.0,24.0,27.0,34.0,37.0,40.0,42.0,61.0,81.0
171.0,128.0,120.0,133.0,136.0,30.0,182.0,64.0,2.0,10.0,13.0,23.0,24.0,29.0,34.0,38.0,40.0,43.0,72.0,81.0
206.0,221.0,60.0,73.0,293.0,30.0,221.0,100.0,2.0,10.0,13.0,22.0,24.0,29.0,34.0,38.0,40.0,57.0,60.0,81.0
150.0,64.0,30.0,73.0,84.0,20.0,143.0,75.0,2.0,10.0,11.0,22.0,24.0,29.0,34.0,38.0,40.0,42.0,61.0,81.0
81.0,22.0,60.0,39.0,26.0,20.0,0.0,0.0,2.0,9.0,11.0,22.0,25.0,27.0,33.0,39.0,40.0,52.0,60.0,82.0
122.0,5040.0,120.0,81.0,6720.0,10.0,72.0,65.0,0.0,10.0,16.0,22.0,25.0,30.0,34.0,38.0,41.0,42.0,61.0,81.0
300.0,101.0,120.0,133.0,122.0,20.0,240.0,128.0,2.0,10.0,11.0,21.0,25.0,31.0,34.0,38.0,40.0,52.0,79.0,81.0
167.0,130.0,120.0,112.0,139.0,20.0,221.0,110.0,0.0,9.0,13.0,22.0,25.0,29.0,34.0,39.0,40.0,43.0,73.0,81.0
152.0,64.0,120.0,115.0,68.0,30.0,195.0,72.0,2.0,10.0,11.0,22.0,25.0,29.0,34.0,39.0,40.0,43.0,72.0,81.0
262.0,152.0,60.0,125.0,161.0,20.0,0.0,0.0,2.0,10.0,11.0,21.0,26.0,27.0,33.0,36.0,40.0,53.0,79.0,81.0
286.0,211.0,120.0,236.0,254.0,10.0,136.0,115.0,3.0,10.0,13.0,21.0,25.0,29.0,34.0,38.0,40.0,59.0,62.0,81.0
188.0,86.0,120.0,108.0,111.0,10.0,143.0,84.0,2.0,9.0,13.0,22.0,25.0,30.0,34.0,38.0,40.0,43.0,60.0,81.0
253.0,94.0,60.0,103.0,105.0,20.0,160.0,143.0,3.0,10.0,11.0,21.0,25.0,29.0,34.0,38.0,40.0,47.0,77.0,81.0
236.0,252.0,60.0,81.0,337.0,30.0,247.0,112.0,2.0,10.0,13.0,20.0,24.0,29.0,34.0,35.0,40.0,59.0,60.0,81.0
272.0,98.0,120.0,113.0,118.0,20.0,176.0,108.0,1.0,10.0,11.0,21.0,25.0,30.0,34.0,37.0,40.0,42.0,79.0,81.0
197.0,94.0,120.0,60.0,137.0,10.0,200.0,104.0,2.0,10.0,11.0,22.0,25.0,30.0,34.0,38.0,40.0,59.0,60.0,81.0
172.0,138.0,60.0,93.0,155.0,20.0,140.0,97.0,2.0,10.0,13.0,22.0,24.0,29.0,34.0,38.0,40.0,43.0,60.0,81.0
200.0,189.0,120.0,63.0,266.0,10.0,210.0,108.0,2.0,10.0,13.0,22.0,24.0,30.0,34.0,38.0,40.0,59.0,60.0,81.0
177.0,11.0,30.0,69.0,14.0,10.0,136.0,105.0,2.0,9.0,16.0,21.0,25.0,30.0,34.0,38.0,40.0,42.0,77.0,81.0
174.0,158.0,30.0,84.0,194.0,30.0,140.0,85.0,2.0,10.0,13.0,21.0,25.0,29.0,34.0,38.0,40.0,43.0,72.0,81.0
69.0,308.0,120.0,32.0,308.0,30.0,60.0,40.0,1.0,9.0,18.0,23.0,25.0,28.0,33.0,36.0,40.0,57.0,79.0,82.0
116.0,65.0,60.0,61.0,88.0,30.0,90.0,55.0,2.0,10.0,11.0,21.0,25.0,31.0,34.0,39.0,40.0,42.0,61.0,81.0
247.0,79.0,30.0,128.0,108.0,20.0,240.0,188.0,3.0,9.0,11.0,21.0,25.0,30.0,33.0,37.0,40.0,59.0,69.0,81.0
271.0,225.0,30.0,95.0,274.0,30.0,273.0,108.0,3.0,10.0,13.0,21.0,25.0,30.0,34.0,38.0,40.0,57.0,72.0,81.0
236.0,123.0,30.0,81.0,139.0,10.0,210.0,100.0,2.0,9.0,13.0,23.0,25.0,28.0,34.0,38.0,40.0,59.0,60.0,81.0
141.0,2600.0,60.0,63.0,3380.0,10.0,80.0,60.0,2.0,9.0,16.0,21.0,25.0,29.0,34.0,37.0,41.0,48.0,60.0,81.0
209.0,54.0,120.0,109.0,62.0,30.0,128.0,130.0,2.0,9.0,11.0,21.0,25.0,29.0,34.0,36.0,40.0,57.0,60.0,81.0
96.0,26.0,120.0,60.0,35.0,10.0,0.0,0.0,2.0,9.0,11.0,21.0,25.0,31.0,34.0,36.0,40.0,59.0,65.0,82.0
151.0,86.0,60.0,94.0,95.0,20.0,169.0,100.0,2.0,9.0,13.0,22.0,25.0,28.0,33.0,36.0,40.0,43.0,79.0,81.0
195.0,85.0,120.0,108.0,99.0,30.0,221.0,104.0,2.0,10.0,11.0,20.0,25.0,31.0,34.0,38.0,40.0,42.0,77.0,81.0
245.0,119.0,120.0,90.0,127.0,30.0,170.0,125.0,3.0,10.0,11.0,21.0,24.0,28.0,34.0,37.0,40.0,57.0,60.0,81.0
159.0,74.0,30.0,100.0,97.0,20.0,96.0,60.0,3.0,10.0,11.0,21.0,24.0,30.0,34.0,37.0,40.0,59.0,61.0,81.0
101.0,35.0,60.0,29.0,43.0,10.0,72.0,140.0,0.0,9.0,11.0,21.0,25.0,29.0,34.0,36.0,40.0,42.0,61.0,81.0
212.0,41.0,60.0,164.0,49.0,10.0,156.0,91.0,3.0,9.0,11.0,21.0,25.0,28.0,34.0,39.0,40.0,43.0,75.0,81.0
283.0,146.0,60.0,148.0,168.0,10.0,220.0,116.0,2.0,10.0,11.0,22.0,25.0,29.0,34.0,38.0,40.0,52.0,77.0,81.0
86.0,3780.0,120.0,70.0,5040.0,30.0,156.0,56.0,1.0,10.0,16.0,21.0,25.0,29.0,34.0,38.0,41.0,58.0,79.0,81.0
242.0,103.0,30.0,161.0,116.0,30.0,234.0,80.0,3.0,9.0,13.0,21.0,24.0,28.0,34.0,38.0,40.0,59.0,62.0,81.0
150.0,158.0,120.0,56.0,181.0,30.0,221.0,76.0,2.0,10.0,13.0,22.0,25.0,29.0,34.0,38.0,40.0,42.0,77.0,81.0
92.0,2900.0,60.0,68.0,4640.0,30.0,80.0,45.0,2.0,10.0,17.0,21.0,25.0,31.0,33.0,36.0,41.0,59.0,78.0,81.0
190.0,97.0,120.0,80.0,99.0,30.0,150.0,90.0,2.0,10.0,11.0,21.0,25.0,31.0,34.0,38.0,40.0,43.0,79.0,82.0
193.0,176.0,120.0,56.0,245.0,10.0,221.0,143.0,0.0,10.0,13.0,23.0,24.0,29.0,34.0,38.0,40.0,57.0,60.0,81.0
196.0,176.0,30.0,82.0,210.0,30.0,221.0,96.0,2.0,10.0,13.0,21.0,24.0,31.0,34.0,38.0,40.0,57.0,60.0,81.0
82.0,45.0,30.0,38.0,57.0,30.0,70.0,35.0,0.0,9.0,13.0,21.0,24.0,27.0,34.0,36.0,40.0,57.0,61.0,81.0
253.0,63.0,60.0,153.0,72.0,10.0,273.0,175.0,3.0,9.0,11.0,21.0,25.0,30.0,34.0,37.0,40.0,53.0,77.0,81.0
350.0,112.0,30.0,195.0,122.0,10.0,200.0,100.0,3.0,10.0,11.0,21.0,25.0,30.0,34.0,37.0,40.0,42.0,78.0,81.0
110.0,36.0,60.0,59.0,43.0,10.0,130.0,78.0,2.0,9.0,11.0,22.0,24.0,28.0,34.0,38.0,40.0,43.0,60.0,81.0
57.0,76.0,30.0,41.0,108.0,10.0,0.0,0.0,0.0,10.0,13.0,22.0,24.0,28.0,34.0,38.0,40.0,42.0,72.0,81.0
256.0,53.0,120.0,186.0,57.0,30.0,136.0,149.0,3.0,9.0,11.0,21.0,25.0,29.0,34.0,38.0,40.0,59.0,62.0,81.0
131.0,31.0,30.0,58.0,38.0,30.0,56.0,86.0,2.0,9.0,11.0,21.0,25.0,29.0,33.0,39.0,40.0,57.0,61.0,81.0
213.0,84.0,60.0,137.0,109.0,30.0,150.0,95.0,1.0,10.0,11.0,21.0,25.0,29.0,34.0,38.0,40.0,54.0,79.0,81.0
114.0,36.0,60.0,44.0,50.0,30.0,96.0,91.0,0.0,9.0,11.0,23.0,24.0,30.0,34.0,37.0,40.0,59.0,61.0,81.0
141.0,68.0,60.0,64.0,80.0,20.0,100.0,91.0,0.0,9.0,13.0,21.0,25.0,29.0,33.0,37.0,40.0,42.0,61.0,81.0
264.0,196.0,120.0,103.0,245.0,20.0,160.0,104.0,2.0,10.0,13.0,22.0,24.0,29.0,34.0,38.0,40.0,59.0,64.0,81.0
227.0,127.0,30.0,83.0,144.0,30.0,136.0,143.0,0.0,9.0,13.0,22.0,25.0,28.0,34.0,38.0,40.0,57.0,60.0,81.0
157.0,72.0,120.0,81.0,86.0,20.0,80.0,48.0,2.0,9.0,13.0,20.0,24.0,28.0,34.0,35.0,40.0,43.0,60.0,81.0
220.0,5040.0,60.0,135.0,6720.0,30.0,0.0,0.0,2.0,10.0,16.0,21.0,24.0,31.0,34.0,36.0,41.0,43.0,73.0,81.0
262.0,225.0,120.0,143.0,254.0,30.0,168.0,221.0,3.0,10.0,13.0,21.0,25.0,29.0,33.0,39.0,40.0,59.0,60.0,81.0
174.0,167.0,30.0,55.0,198.0,30.0,182.0,68.0,2.0,10.0,13.0,22.0,24.0,29.0,34.0,38.0,40.0,52.0,61.0,81.0
120.0,96.0,30.0,51.0,103.0,30.0,88.0,84.0,2.0,9.0,13.0,20.0,24.0,29.0,34.0,35.0,40.0,43.0,60.0,81.0
51.0,29.0,30.0,27.0,32.0,10.0,84.0,50.0,0.0,9.0,11.0,21.0,25.0,28.0,34.0,37.0,40.0,48.0,79.0,82.0
159.0,77.0,120.0,87.0,91.0,20.0,88.0,52.0,3.0,9.0,13.0,21.0,24.0,28.0,34.0,37.0,40.0,57.0,60.0,81.0
217.0,153.0,120.0,166.0,162.0,30.0,96.0,104.0,3.0,10.0,13.0,21.0,24.0,31.0,34.0,37.0,40.0,57.0,67.0,81.0
93.0,68.0,120.0,89.0,76.0,20.0,90.0,71.0,1.0,9.0,13.0,21.0,24.0,28.0,34.0,37.0,40.0,59.0,65.0,81.0
331.0,120.0,30.0,142.0,161.0,20.0,364.0,200.0,6.0,10.0,11.0,21.0,24.0,28.0,34.0,37.0,40.0,53.0,79.0,81.0
202.0,90.0,120.0,97.0,105.0,30.0,128.0,136.0,2.0,10.0,11.0,22.0,25.0,29.0,34.0,37.0,40.0,43.0,72.0,81.0
173.0,83.0,60.0,73.0,105.0,10.0,195.0,130.0,2.0,10.0,11.0,22.0,24.0,28.0,34.0,37.0,40.0,57.0,60.0,81.0
254.0,111.0,60.0,154.0,132.0,10.0,260.0,149.0,2.0,9.0,13.0,20.0,24.0,28.0,34.0,35.0,40.0,52.0,77.0,81.0
99.0,72.0,60.0,48.0,98.0,30.0,88.0,84.0,2.0,9.0,13.0,20.0,24.0,29.0,34.0,35.0,40.0,43.0,60.0,81.0
221.0,127.0,30.0,116.0,165.0,20.0,150.0,169.0,2.0,9.0,13.0,22.0,25.0,30.0,34.0,38.0,40.0,43.0,72.0,81.0
85.0,1850.0,60.0,54.0,2405.0,10.0,40.0,25.0,2.0,9.0,17.0,21.0,25.0,27.0,34.0,36.0,41.0,42.0,72.0,81.0
92.0,2220.0,60.0,27.0,2960.0,30.0,0.0,0.0,1.0,9.0,17.0,21.0,25.0,27.0,34.0,36.0,41.0,57.0,61.0,81.0
200.0,106.0,60.0,116.0,116.0,20.0,195.0,130.0,2.0,9.0,13.0,22.0,25.0,30.0,34.0,38.0,40.0,43.0,72.0,81.0
194.0,116.0,120.0,86.0,133.0,20.0,234.0,115.0,2.0,10.0,11.0,22.0,24.0,30.0,34.0,38.0,40.0,57.0,60.0,81.0
147.0,50.0,120.0,70.0,58.0,30.0,60.0,35.0,0.0,10.0,11.0,22.0,25.0,28.0,34.0,37.0,40.0,42.0,72.0,82.0
89.0,30.0,30.0,38.0,43.0,20.0,70.0,26.0,2.0,9.0,11.0,21.0,24.0,30.0,33.0,37.0,40.0,43.0,77.0,82.0
206.0,60.0,30.0,158.0,72.0,20.0,160.0,110.0,3.0,9.0,11.0,21.0,24.0,31.0,34.0,36.0,40.0,43.0,75.0,81.0
182.0,87.0,60.0,82.0,109.0,10.0,234.0,156.0,2.0,10.0,11.0,22.0,24.0,29.0,34.0,38.0,40.0,57.0,60.0,81.0
85.0,54.0,30.0,30.0,65.0,10.0,72.0,60.0,4.0,10.0,11.0,22.0,25.0,29.0,34.0,38.0,40.0,43.0,60.0,82.0
197.0,152.0,60.0,122.0,198.0,10.0,182.0,117.0,2.0,10.0,13.0,22.0,24.0,28.0,34.0,37.0,40.0,52.0,61.0,81.0
125.0,163.0,60.0,44.0,169.0,20.0,96.0,64.0,2.0,10.0,13.0,21.0,25.0,28.0,34.0,37.0,40.0,59.0,61.0,81.0
162.0,40.0,30.0,87.0,45.0,10.0,120.0,48.0,1.0,9.0,11.0,21.0,25.0,28.0,33.0,36.0,40.0,42.0,61.0,81.0
133.0,81.0,30.0,81.0,90.0,30.0,143.0,60.0,2.0,10.0,11.0,20.0,24.0,29.0,34.0,35.0,40.0,43.0,60.0,81.0
83.0,1850.0,120.0,34.0,2220.0,30.0,0.0,0.0,0.0,9.0,17.0,21.0,25.0,28.0,33.0,37.0,41.0,52.0,60.0,81.0
125.0,48.0,120.0,49.0,53.0,20.0,143.0,85.0,3.0,9.0,11.0,21.0,25.0,29.0,34.0,38.0,40.0,59.0,61.0,81.0
227.0,64.0,60.0,91.0,82.0,30.0,221.0,72.0,3.0,9.0,11.0,21.0,24.0,28.0,34.0,37.0,40.0,42.0,77.0,81.0
80.0,42.0,30.0,29.0,46.0,10.0,117.0,182.0,0.0,9.0,11.0,21.0,25.0,29.0,34.0,36.0,40.0,42.0,61.0,81.0
166.0,106.0,60.0,83.0,123.0,20.0,208.0,105.0,2.0,9.0,13.0,21.0,25.0,28.0,33.0,39.0,40.0,57.0,60.0,81.0
57.0,270.0,60.0,35.0,390.0,10.0,78.0,52.0,1.0,9.0,18.0,22.0,25.0,28.0,34.0,36.0,40.0,57.0,79.0,81.0
224.0,100.0,120.0,88.0,123.0,20.0,136.0,84.0,2.0,9.0,13.0,22.0,25.0,30.0,34.0,37.0,40.0,57.0,60.0,81.0
219.0,3120.0,30.0,66.0,3120.0,10.0,0.0,0.0,2.0,9.0,16.0,21.0,24.0,27.0,34.0,39.0,41.0,57.0,72.0,81.0
82.0,2340.0,120.0,24.0,4160.0,10.0,90.0,80.0,1.0,9.0,16.0,21.0,25.0,29.0,34.0,38.0,41.0,43.0,60.0,81.0
124.0,180.0,60.0,56.0,240.0,30.0,78.0,32.0,1.0,9.0,19.0,21.0,25.0,28.0,33.0,37.0,40.0,42.0,72.0,81.0
311.0,84.0,30.0,226.0,90.0,10.0,130.0,64.0,3.0,10.0,11.0,21.0,25.0,29.0,34.0,37.0,40.0,42.0,78.0,81.0
253.0,130.0,60.0,111.0,194.0,30.0,208.0,182.0,3.0,9.0,13.0,21.0,24.0,29.0,34.0,38.0,40.0,59.0,75.0,81.0
205.0,74.0,60.0,117.0,81.0,10.0,80.0,60.0,0.0,10.0,11.0,21.0,24.0,28.0,33.0,37.0,40.0,57.0,61.0,81.0
108.0,40.0,120.0,61.0,48.0,20.0,130.0,104.0,3.0,9.0,11.0,23.0,25.0,29.0,34.0,38.0,40.0,42.0,61.0,81.0
92.0,72.0,60.0,34.0,78.0,20.0,88.0,52.0,2.0,10.0,11.0,20.0,24.0,30.0,34.0,35.0,40.0,43.0,60.0,81.0
227.0,175.0,30.0,122.0,210.0,10.0,136.0,100.0,3.0,10.0,13.0,21.0,25.0,29.0,34.0,37.0,40.0,43.0,73.0,81.0
274.0,225.0,30.0,137.0,274.0,30.0,312.0,116.0,2.0,10.0,13.0,22.0,25.0,29.0,34.0,37.0,40.0,42.0,79.0,81.0
103.0,20.0,60.0,56.0,32.0,30.0,0.0,0.0,2.0,9.0,11.0,21.0,25.0,28.0,34.0,37.0,40.0,42.0,72.0,82.0
104.0,2600.0,30.0,39.0,3120.0,10.0,110.0,80.0,1.0,9.0,16.0,21.0,25.0,28.0,34.0,37.0,41.0,42.0,61.0,81.0
77.0,3780.0,120.0,19.0,6720.0,10.0,90.0,96.0,0.0,10.0,16.0,22.0,25.0,27.0,34.0,37.0,41.0,43.0,60.0,81.0
157.0,3780.0,120.0,59.0,5040.0,30.0,0.0,0.0,2.0,10.0,16.0,22.0,24.0,28.0,33.0,36.0,41.0,52.0,61.0,81.0
80.0,5040.0,60.0,34.0,5460.0,10.0,0.0,0.0,1.0,10.0,16.0,21.0,25.0,29.0,34.0,37.0,41.0,52.0,60.0,82.0
114.0,34.0,60.0,63.0,42.0,10.0,117.0,58.0,3.0,9.0,11.0,21.0,24.0,28.0,34.0,37.0,40.0,42.0,61.0,81.0
206.0,85.0,60.0,114.0,118.0,30.0,168.0,214.0,2.0,10.0,11.0,22.0,25.0,30.0,34.0,38.0,40.0,52.0,65.0,81.0
173.0,89.0,120.0,148.0,99.0,30.0,182.0,72.0,3.0,9.0,13.0,21.0,25.0,30.0,34.0,38.0,40.0,57.0,60.0,81.0
92.0,35.0,60.0,37.0,49.0,30.0,90.0,50.0,2.0,9.0,11.0,21.0,24.0,30.0,34.0,37.0,40.0,43.0,60.0,81.0
189.0,8.0,120.0,102.0,10.0,30.0,286.0,96.0,3.0,9.0,17.0,21.0,24.0,27.0,34.0,36.0,40.0,57.0,60.0,81.0
100.0,89.0,60.0,61.0,99.0,20.0,70.0,52.0,2.0,10.0,13.0,21.0,26.0,30.0,34.0,36.0,40.0,58.0,79.0,81.0
160.0,59.0,60.0,112.0,72.0,30.0,144.0,110.0,6.0,9.0,11.0,21.0,25.0,27.0,33.0,36.0,40.0,55.0,74.0,82.0
206.0,92.0,30.0,73.0,105.0,10.0,150.0,80.0,3.0,10.0,11.0,21.0,25.0,31.0,34.0,38.0,40.0,42.0,77.0,81.0
103.0,156.0,60.0,45.0,162.0,20.0,72.0,44.0,7.0,10.0,13.0,21.0,25.0,29.0,34.0,38.0,40.0,43.0,60.0,81.0
185.0,74.0,30.0,91.0,78.0,10.0,260.0,136.0,3.0,9.0,11.0,21.0,24.0,28.0,33.0,36.0,40.0,42.0,78.0,81.0
183.0,150.0,60.0,109.0,237.0,30.0,120.0,130.0,2.0,10.0,13.0,22.0,25.0,28.0,34.0,38.0,40.0,52.0,61.0,81.0
177.0,133.0,30.0,82.0,144.0,10.0,208.0,130.0,3.0,9.0,13.0,21.0,25.0,28.0,34.0,37.0,40.0,57.0,60.0,81.0
124.0,38.0,60.0,69.0,48.0,30.0,90.0,55.0,3.0,9.0,11.0,21.0,24.0,28.0,34.0,37.0,40.0,57.0,61.0,81.0
200.0,74.0,120.0,71.0,82.0,20.0,273.0,145.0,3.0,9.0,11.0,23.0,24.0,29.0,34.0,37.0,40.0,59.0,60.0,81.0
216.0,45.0,60.0,101.0,80.0,30.0,0.0,0.0,0.0,9.0,15.0,23.0,25.0,28.0,34.0,39.0,40.0,47.0,79.0,82.0
247.0,131.0,60.0,71.0,140.0,20.0,208.0,132.0,2.0,10.0,11.0,23.0,25.0,29.0,34.0,38.0,40.0,52.0,77.0,81.0
284.0,133.0,30.0,126.0,183.0,20.0,232.0,164.0,2.0,10.0,11.0,22.0,25.0,30.0,34.0,38.0,40.0,52.0,79.0,81.0
259.0,119.0,60.0,159.0,139.0,10.0,273.0,156.0,3.0,9.0,13.0,21.0,25.0,30.0,33.0,36.0,40.0,57.0,72.0,81.0
159.0,103.0,120.0,80.0,106.0,30.0,110.0,65.0,3.0,9.0,13.0,21.0,24.0,28.0,34.0,37.0,40.0,57.0,60.0,81.0
292.0,115.0,60.0,80.0,132.0,20.0,200.0,182.0,2.0,9.0,13.0,22.0,25.0,28.0,34.0,37.0,40.0,57.0,72.0,81.0
209.0,74.0,60.0,95.0,84.0,10.0,96.0,75.0,3.0,10.0,11.0,21.0,24.0,30.0,34.0,37.0,40.0,59.0,61.0,81.0
214.0,194.0,60.0,106.0,266.0,30.0,180.0,125.0,2.0,10.0,13.0,22.0,24.0,30.0,34.0,38.0,40.0,57.0,60.0,81.0
92.0,2340.0,120.0,36.0,4160.0,10.0,60.0,28.0,1.0,9.0,16.0,21.0,25.0,28.0,33.0,36.0,41.0,52.0,60.0,81.0
183.0,200.0,60.0,103.0,237.0,30.0,182.0,76.0,0.0,10.0,13.0,21.0,24.0,29.0,34.0,38.0,40.0,57.0,60.0,81.0
120.0,91.0,30.0,45.0,103.0,30.0,72.0,65.0,3.0,9.0,13.0,21.0,24.0,28.0,34.0,37.0,40.0,43.0,60.0,81.0
164.0,100.0,30.0,123.0,100.0,10.0,182.0,110.0,0.0,10.0,15.0,22.0,25.0,28.0,34.0,37.0,40.0,55.0,61.0,81.0
160.0,81.0,120.0,84.0,99.0,10.0,143.0,97.0,2.0,10.0,11.0,20.0,24.0,29.0,34.0,35.0,40.0,43.0,60.0,81.0
248.0,95.0,30.0,133.0,116.0,10.0,140.0,64.0,2.0,9.0,13.0,23.0,24.0,28.0,34.0,36.0,40.0,43.0,72.0,81.0
182.0,94.0,120.0,71.0,109.0,30.0,273.0,132.0,2.0,10.0,11.0,22.0,24.0,29.0,34.0,38.0,40.0,59.0,60.0,81.0
189.0,5040.0,120.0,88.0,6720.0,10.0,132.0,165.0,0.0,10.0,16.0,21.0,25.0,29.0,34.0,38.0,41.0,42.0,79.0,81.0
90.0,19.0,120.0,73.0,25.0,20.0,70.0,52.0,3.0,10.0,16.0,21.0,25.0,29.0,34.0,37.0,40.0,59.0,77.0,81.0
381.0,134.0,30.0,145.0,189.0,20.0,351.0,210.0,3.0,9.0,13.0,21.0,25.0,28.0,34.0,38.0,40.0,57.0,72.0,81.0
190.0,123.0,120.0,71.0,144.0,20.0,0.0,0.0,2.0,9.0,13.0,21.0,26.0,27.0,34.0,39.0,40.0,59.0,60.0,81.0
77.0,5040.0,120.0,22.0,5460.0,20.0,117.0,120.0,0.0,10.0,16.0,22.0,25.0,27.0,34.0,37.0,41.0,43.0,60.0,81.0
209.0,83.0,60.0,113.0,105.0,10.0,208.0,143.0,2.0,10.0,11.0,22.0,24.0,30.0,34.0,38.0,40.0,42.0,77.0,81.0
159.0,98.0,120.0,55.0,116.0,20.0,180.0,143.0,2.0,9.0,13.0,21.0,24.0,29.0,34.0,37.0,40.0,52.0,61.0,81.0
206.0,108.0,60.0,59.0,128.0,10.0,136.0,95.0,2.0,9.0,13.0,22.0,25.0,28.0,34.0,37.0,40.0,57.0,60.0,81.0
200.0,74.0,60.0,100.0,84.0,20.0,0.0,0.0,2.0,9.0,14.0,21.0,24.0,28.0,34.0,36.0,40.0,59.0,60.0,82.0
182.0,123.0,30.0,71.0,172.0,20.0,216.0,128.0,3.0,9.0,13.0,21.0,25.0,31.0,34.0,37.0,40.0,59.0,60.0,81.0
150.0,61.0,60.0,72.0,71.0,20.0,90.0,65.0,3.0,10.0,11.0,21.0,25.0,29.0,33.0,37.0,40.0,42.0,61.0,81.0
89.0,30.0,120.0,34.0,38.0,20.0,91.0,40.0,2.0,9.0,11.0,21.0,25.0,28.0,33.0,37.0,40.0,57.0,61.0,81.0
164.0,106.0,120.0,56.0,118.0,20.0,221.0,80.0,3.0,10.0,11.0,21.0,25.0,29.0,34.0,38.0,40.0,57.0,60.0,81.0
114.0,96.0,120.0,55.0,123.0,10.0,88.0,70.0,3.0,9.0,13.0,21.0,24.0,30.0,34.0,37.0,40.0,59.0,61.0,81.0
94.0,4200.0,120.0,72.0,5040.0,30.0,96.0,91.0,1.0,10.0,16.0,21.0,25.0,29.0,34.0,38.0,41.0,58.0,79.0,81.0
246.0,45.0,30.0,138.0,60.0,10.0,144.0,105.0,2.0,9.0,15.0,21.0,25.0,28.0,33.0,39.0,40.0,42.0,77.0,82.0
101.0,54.0,30.0,46.0,65.0,10.0,72.0,50.0,2.0,10.0,11.0,22.0,24.0,28.0,34.0,37.0,40.0,43.0,60.0,81.0
108.0,82.0,120.0,97.0,86.0,20.0,130.0,60.0,3.0,9.0,13.0,21.0,24.0,29.0,33.0,36.0,40.0,59.0,65.0,81.0
141.0,78.0,30.0,90.0,90.0,20.0,100.0,78.0,2.0,10.0,11.0,22.0,25.0,29.0,34.0,37.0,40.0,57.0,61.0,81.0
182.0,94.0,60.0,63.0,133.0,30.0,152.0,214.0,0.0,10.0,11.0,21.0,24.0,28.0,34.0,38.0,40.0,59.0,60.0,81.0
85.0,63.0,30.0,41.0,80.0,30.0,90.0,55.0,0.0,9.0,13.0,21.0,24.0,30.0,34.0,37.0,40.0,43.0,60.0,81.0
253.0,110.0,120.0,165.0,112.0,30.0,150.0,90.0,2.0,10.0,11.0,22.0,24.0,30.0,34.0,38.0,40.0,57.0,64.0,81.0
52.0,360.0,60.0,33.0,390.0,10.0,60.0,32.0,1.0,9.0,18.0,22.0,25.0,28.0,34.0,36.0,40.0,57.0,79.0,82.0
336.0,122.0,120.0,95.0,178.0,10.0,351.0,234.0,2.0,10.0,11.0,22.0,24.0,28.0,34.0,38.0,40.0,52.0,79.0,81.0
114.0,40.0,30.0,49.0,53.0,20.0,88.0,60.0,3.0,9.0,11.0,21.0,25.0,28.0,33.0,36.0,40.0,59.0,61.0,81.0
132.0,2220.0,120.0,93.0,2960.0,10.0,72.0,50.0,2.0,9.0,17.0,21.0,25.0,27.0,34.0,36.0,41.0,42.0,61.0,81.0
182.0,97.0,30.0,68.0,112.0,30.0,260.0,100.0,2.0,10.0,11.0,23.0,24.0,30.0,34.0,37.0,40.0,57.0,60.0,81.0
182.0,62.0,30.0,71.0,86.0,20.0,152.0,84.0,3.0,9.0,11.0,21.0,25.0,29.0,34.0,38.0,40.0,59.0,60.0,81.0
119.0,43.0,30.0,90.0,68.0,30.0,48.0,39.0,0.0,10.0,11.0,22.0,24.0,28.0,34.0,38.0,40.0,52.0,60.0,81.0
146.0,97.0,30.0,107.0,97.0,10.0,195.0,123.0,2.0,10.0,11.0,22.0,24.0,28.0,34.0,38.0,40.0,43.0,72.0,81.0
112.0,1850.0,60.0,40.0,2405.0,10.0,0.0,0.0,2.0,9.0,17.0,22.0,24.0,27.0,33.0,36.0,41.0,52.0,60.0,81.0
264.0,109.0,120.0,93.0,150.0,10.0,338.0,279.0,3.0,10.0,11.0,21.0,25.0,30.0,34.0,38.0,40.0,59.0,64.0,81.0
80.0,4200.0,120.0,31.0,5460.0,20.0,0.0,0.0,1.0,10.0,16.0,21.0,25.0,29.0,34.0,37.0,41.0,52.0,60.0,81.0
87.0,102.0,120.0,43.0,147.0,10.0,56.0,45.0,2.0,10.0,13.0,21.0,25.0,30.0,33.0,39.0,40.0,57.0,61.0,81.0
99.0,72.0,120.0,44.0,84.0,20.0,104.0,50.0,1.0,10.0,11.0,21.0,25.0,28.0,33.0,37.0,40.0,42.0,61.0,81.0
151.0,67.0,120.0,110.0,76.0,30.0,195.0,64.0,2.0,10.0,11.0,21.0,25.0,29.0,34.0,37.0,40.0,42.0,65.0,81.0
186.0,100.0,60.0,88.0,123.0,10.0,234.0,123.0,1.0,9.0,13.0,21.0,25.0,28.0,33.0,37.0,40.0,57.0,60.0,81.0
85.0,70.0,30.0,37.0,98.0,20.0,88.0,48.0,2.0,9.0,13.0,21.0,24.0,28.0,34.0,36.0,40.0,43.0,60.0,81.0
102.0,35.0,30.0,53.0,46.0,20.0,70.0,45.0,0.0,9.0,11.0,21.0,25.0,29.0,33.0,38.0,40.0,47.0,72.0,82.0
300.0,118.0,120.0,125.0,161.0,10.0,234.0,214.0,2.0,10.0,11.0,21.0,25.0,29.0,34.0,39.0,40.0,55.0,79.0,82.0
206.0,109.0,60.0,113.0,122.0,20.0,286.0,135.0,1.0,10.0,11.0,21.0,25.0,30.0,34.0,37.0,40.0,42.0,79.0,81.0
228.0,134.0,60.0,123.0,150.0,10.0,300.0,128.0,2.0,10.0,11.0,21.0,25.0,31.0,34.0,38.0,40.0,52.0,79.0,81.0
237.0,79.0,60.0,100.0,86.0,20.0,168.0,120.0,3.0,9.0,11.0,21.0,25.0,29.0,34.0,37.0,40.0,52.0,79.0,81.0
79.0,2340.0,30.0,65.0,3380.0,30.0,70.0,40.0,2.0,9.0,16.0,21.0,25.0,27.0,34.0,36.0,41.0,57.0,79.0,81.0
150.0,52.0,60.0,64.0,57.0,20.0,221.0,125.0,2.0,9.0,11.0,22.0,25.0,28.0,34.0,38.0,40.0,57.0,60.0,81.0
195.0,83.0,120.0,76.0,108.0,20.0,250.0,266.0,0.0,10.0,15.0,22.0,25.0,29.0,34.0,38.0,40.0,59.0,60.0,81.0
116.0,78.0,60.0,58.0,84.0,20.0,72.0,44.0,2.0,10.0,11.0,21.0,25.0,31.0,34.0,39.0,40.0,42.0,61.0,81.0
240.0,83.0,120.0,107.0,105.0,20.0,144.0,112.0,2.0,10.0,11.0,21.0,24.0,29.0,34.0,38.0,40.0,57.0,60.0,81.0
155.0,89.0,30.0,113.0,90.0,10.0,130.0,78.0,3.0,10.0,11.0,21.0,24.0,30.0,34.0,37.0,40.0,42.0,61.0,81.0
308.0,167.0,120.0,125.0,177.0,30.0,250.0,155.0,2.0,9.0,13.0,22.0,24.0,28.0,34.0,39.0,40.0,52.0,79.0,81.0
288.0,225.0,120.0,133.0,254.0,30.0,176.0,240.0,0.0,10.0,13.0,22.0,24.0,30.0,34.0,37.0,40.0,57.0,72.0,81.0
118.0,53.0,30.0,51.0,63.0,10.0,70.0,32.0,0.0,9.0,13.0,23.0,24.0,31.0,33.0,36.0,40.0,57.0,61.0,81.0
49.0,3120.0,60.0,28.0,3380.0,10.0,0.0,0.0,1.0,9.0,16.0,21.0,25.0,28.0,33.0,37.0,41.0,57.0,79.0,82.0
155.0,39.0,120.0,115.0,45.0,30.0,130.0,44.0,3.0,9.0,11.0,20.0,24.0,30.0,34.0,35.0,40.0,52.0,61.0,81.0
146.0,48.0,30.0,49.0,53.0,30.0,96.0,91.0,0.0,9.0,11.0,23.0,24.0,30.0,34.0,37.0,40.0,59.0,61.0,81.0
142.0,68.0,60.0,87.0,88.0,30.0,90.0,50.0,2.0,10.0,11.0,22.0,25.0,28.0,33.0,37.0,40.0,42.0,61.0,81.0
112.0,4200.0,60.0,63.0,6720.0,30.0,80.0,70.0,2.0,10.0,16.0,21.0,25.0,30.0,34.0,38.0,41.0,43.0,60.0,81.0
164.0,211.0,120.0,56.0,237.0,20.0,221.0,135.0,0.0,10.0,13.0,22.0,24.0,29.0,34.0,38.0,40.0,57.0,60.0,81.0
117.0,36.0,60.0,66.0,43.0,10.0,130.0,84.0,3.0,9.0,11.0,21.0,25.0,30.0,34.0,37.0,40.0,43.0,60.0,81.0
193.0,176.0,30.0,64.0,194.0,10.0,200.0,104.0,2.0,10.0,13.0,21.0,24.0,30.0,34.0,38.0,40.0,57.0,60.0,81.0
262.0,149.0,30.0,102.0,210.0,20.0,200.0,124.0,3.0,9.0,13.0,21.0,25.0,30.0,34.0,38.0,40.0,59.0,72.0,81.0
355.0,193.0,120.0,288.0,231.0,10.0,184.0,165.0,0.0,9.0,13.0,23.0,24.0,29.0,34.0,38.0,40.0,57.0,76.0,81.0
202.0,203.0,60.0,144.0,210.0,20.0,128.0,88.0,2.0,10.0,13.0,22.0,24.0,29.0,34.0,38.0,40.0,57.0,67.0,81.0
193.0,47.0,120.0,64.0,57.0,20.0,160.0,92.0,0.0,9.0,11.0,23.0,24.0,28.0,33.0,37.0,40.0,57.0,60.0,81.0
103.0,2340.0,120.0,38.0,3380.0,20.0,48.0,32.0,1.0,9.0,16.0,21.0,25.0,28.0,34.0,39.0,41.0,57.0,61.0,82.0
182.0,56.0,120.0,71.0,64.0,30.0,273.0,88.0,3.0,9.0,11.0,21.0,25.0,29.0,34.0,37.0,40.0,42.0,79.0,81.0
150.0,211.0,120.0,64.0,281.0,10.0,136.0,140.0,2.0,10.0,13.0,22.0,25.0,29.0,34.0,38.0,40.0,42.0,77.0,81.0
190.0,68.0,120.0,118.0,81.0,20.0,96.0,56.0,1.0,10.0,11.0,23.0,25.0,29.0,34.0,38.0,40.0,52.0,61.0,82.0
94.0,2340.0,60.0,43.0,3380.0,10.0,0.0,0.0,1.0,9.0,16.0,21.0,25.0,28.0,34.0,36.0,41.0,43.0,77.0,81.0
283.0,245.0,30.0,84.0,301.0,30.0,312.0,160.0,2.0,10.0,13.0,22.0,24.0,29.0,34.0,38.0,40.0,52.0,79.0,81.0
102.0,109.0,120.0,87.0,142.0,10.0,56.0,50.0,1.0,10.0,13.0,21.0,24.0,30.0,33.0,39.0,40.0,59.0,65.0,81.0
108.0,3480.0,30.0,68.0,3770.0,30.0,64.0,58.0,2.0,10.0,17.0,21.0,25.0,31.0,33.0,36.0,41.0,59.0,78.0,81.0
91.0,65.0,60.0,49.0,71.0,20.0,117.0,60.0,0.0,10.0,11.0,23.0,24.0,29.0,34.0,38.0,40.0,43.0,60.0,81.0
107.0,226.0,30.0,91.0,362.0,20.0,72.0,36.0,0.0,10.0,19.0,22.0,25.0,28.0,33.0,38.0,40.0,59.0,78.0,81.0
194.0,49.0,120.0,103.0,57.0,30.0,208.0,84.0,2.0,9.0,11.0,22.0,25.0,28.0,34.0,37.0,40.0,42.0,77.0,81.0
106.0,70.0,120.0,37.0,98.0,10.0,104.0,58.0,2.0,9.0,13.0,21.0,24.0,29.0,34.0,37.0,40.0,42.0,61.0,81.0
261.0,105.0,120.0,96.0,146.0,10.0,0.0,0.0,1.0,10.0,11.0,22.0,24.0,28.0,34.0,37.0,40.0,42.0,79.0,82.0
139.0,41.0,120.0,98.0,48.0,30.0,78.0,28.0,2.0,10.0,11.0,21.0,25.0,28.0,34.0,37.0,40.0,42.0,72.0,81.0
210.0,76.0,60.0,66.0,90.0,20.0,140.0,117.0,4.0,10.0,11.0,22.0,25.0,30.0,34.0,38.0,40.0,43.0,70.0,81.0
146.0,96.0,120.0,44.0,99.0,30.0,120.0,85.0,2.0,9.0,13.0,22.0,25.0,28.0,34.0,37.0,40.0,43.0,79.0,81.0
283.0,110.0,30.0,95.0,133.0,10.0,216.0,180.0,2.0,10.0,11.0,22.0,24.0,28.0,34.0,38.0,40.0,52.0,79.0,81.0
107.0,32.0,60.0,56.0,40.0,10.0,0.0,0.0,1.0,9.0,11.0,21.0,25.0,28.0,33.0,37.0,40.0,42.0,61.0,81.0
97.0,46.0,30.0,48.0,48.0,10.0,117.0,58.0,4.0,9.0,11.0,22.0,25.0,30.0,33.0,37.0,40.0,43.0,60.0,81.0
186.0,43.0,120.0,135.0,45.0,30.0,144.0,123.0,3.0,9.0,11.0,21.0,25.0,28.0,33.0,37.0,40.0,57.0,62.0,81.0
184.0,57.0,120.0,84.0,64.0,30.0,152.0,123.0,2.0,9.0,11.0,21.0,25.0,29.0,34.0,37.0,40.0,57.0,60.0,81.0
34.0,35.0,30.0,8.0,45.0,30.0,52.0,64.0,1.0,10.0,19.0,21.0,25.0,29.0,34.0,38.0,40.0,57.0,79.0,82.0
127.0,85.0,120.0,78.0,92.0,20.0,130.0,144.0,0.0,10.0,11.0,22.0,25.0,29.0,34.0,37.0,40.0,42.0,61.0,81.0
114.0,78.0,30.0,42.0,84.0,30.0,72.0,71.0,2.0,10.0,11.0,22.0,25.0,29.0,34.0,38.0,40.0,43.0,60.0,81.0
164.0,47.0,60.0,64.0,57.0,10.0,221.0,162.0,2.0,9.0,11.0,22.0,25.0,28.0,34.0,38.0,40.0,57.0,60.0,81.0
210.0,12.0,120.0,69.0,19.0,10.0,221.0,136.0,2.0,9.0,16.0,21.0,25.0,30.0,34.0,38.0,40.0,42.0,77.0,81.0
97.0,50.0,60.0,53.0,60.0,20.0,91.0,27.0,0.0,9.0,15.0,22.0,25.0,28.0,34.0,37.0,40.0,57.0,61.0,82.0
76.0,221.0,30.0,57.0,320.0,30.0,60.0,40.0,1.0,9.0,18.0,21.0,25.0,28.0,33.0,38.0,40.0,59.0,77.0,81.0
131.0,108.0,30.0,64.0,111.0,10.0,156.0,91.0,3.0,9.0,13.0,21.0,25.0,28.0,34.0,37.0,40.0,59.0,61.0,81.0
409.0,72.0,120.0,216.0,97.0,10.0,312.0,175.0,3.0,9.0,11.0,21.0,24.0,31.0,33.0,39.0,40.0,59.0,72.0,81.0
93.0,82.0,60.0,91.0,86.0,10.0,90.0,44.0,1.0,9.0,13.0,21.0,24.0,28.0,34.0,37.0,40.0,59.0,65.0,81.0
121.0,2340.0,60.0,51.0,4160.0,30.0,0.0,0.0,2.0,9.0,16.0,21.0,25.0,27.0,33.0,39.0,41.0,59.0,61.0,82.0
193.0,100.0,60.0,103.0,139.0,30.0,144.0,169.0,2.0,9.0,13.0,21.0,24.0,29.0,34.0,36.0,40.0,57.0,60.0,81.0
153.0,4200.0,60.0,74.0,5460.0,10.0,72.0,50.0,5.0,10.0,16.0,22.0,25.0,29.0,34.0,38.0,41.0,43.0,60.0,81.0
184.0,81.0,60.0,92.0,112.0,30.0,120.0,117.0,2.0,10.0,11.0,22.0,25.0,30.0,34.0,38.0,40.0,52.0,61.0,81.0
283.0,59.0,60.0,128.0,66.0,20.0,240.0,201.0,3.0,9.0,11.0,21.0,24.0,29.0,34.0,38.0,40.0,57.0,75.0,81.0
126.0,42.0,120.0,77.0,48.0,30.0,48.0,45.0,0.0,10.0,11.0,22.0,25.0,28.0,34.0,37.0,40.0,42.0,72.0,81.0
87.0,54.0,120.0,63.0,53.0,20.0,195.0,90.0,1.0,9.0,11.0,22.0,25.0,28.0,34.0,37.0,40.0,59.0,78.0,81.0
231.0,233.0,60.0,117.0,254.0,20.0,160.0,92.0,2.0,10.0,13.0,22.0,25.0,28.0,34.0,37.0,40.0,42.0,77.0,81.0
121.0,38.0,30.0,92.0,45.0,30.0,110.0,70.0,2.0,9.0,11.0,21.0,25.0,30.0,34.0,37.0,40.0,42.0,65.0,81.0
199.0,65.0,120.0,91.0,74.0,20.0,221.0,95.0,2.0,9.0,11.0,22.0,24.0,28.0,34.0,37.0,40.0,57.0,60.0,81.0
92.0,143.0,60.0,34.0,155.0,20.0,64.0,44.0,2.0,10.0,13.0,22.0,24.0,28.0,34.0,38.0,40.0,42.0,61.0,81.0
209.0,118.0,120.0,116.0,116.0,30.0,170.0,95.0,3.0,9.0,13.0,21.0,25.0,28.0,34.0,38.0,40.0,57.0,67.0,81.0
125.0,68.0,60.0,49.0,90.0,30.0,120.0,80.0,2.0,10.0,11.0,22.0,24.0,30.0,34.0,38.0,40.0,43.0,79.0,81.0
139.0,43.0,30.0,65.0,48.0,30.0,80.0,71.0,3.0,9.0,11.0,21.0,25.0,28.0,33.0,36.0,40.0,57.0,61.0,81.0
262.0,179.0,30.0,91.0,194.0,10.0,325.0,201.0,3.0,9.0,13.0,21.0,25.0,30.0,34.0,38.0,40.0,59.0,72.0,81.0
186.0,221.0,60.0,72.0,237.0,20.0,184.0,96.0,2.0,10.0,13.0,22.0,25.0,30.0,34.0,37.0,40.0,42.0,77.0,81.0
90.0,75.0,60.0,41.0,133.0,30.0,48.0,45.0,0.0,10.0,15.0,22.0,25.0,29.0,34.0,38.0,40.0,42.0,72.0,82.0
206.0,59.0,120.0,120.0,62.0,30.0,140.0,95.0,3.0,9.0,11.0,21.0,25.0,28.0,34.0,37.0,40.0,52.0,61.0,81.0
167.0,82.0,60.0,118.0,95.0,10.0,169.0,110.0,3.0,9.0,13.0,21.0,25.0,28.0,33.0,36.0,40.0,52.0,67.0,81.0
82.0,2340.0,120.0,24.0,4160.0,10.0,70.0,44.0,2.0,9.0,16.0,22.0,25.0,29.0,33.0,38.0,41.0,57.0,61.0,81.0
212.0,42.0,30.0,132.0,43.0,10.0,120.0,48.0,2.0,9.0,11.0,21.0,25.0,28.0,34.0,37.0,40.0,43.0,72.0,81.0
140.0,156.0,30.0,63.0,176.0,30.0,80.0,84.0,2.0,10.0,13.0,22.0,24.0,28.0,34.0,38.0,40.0,42.0,61.0,81.0
114.0,36.0,120.0,49.0,42.0,30.0,182.0,76.0,2.0,9.0,11.0,20.0,24.0,29.0,34.0,35.0,40.0,43.0,79.0,81.0
92.0,3480.0,60.0,66.0,3480.0,20.0,64.0,36.0,2.0,10.0,17.0,21.0,25.0,31.0,33.0,36.0,41.0,59.0,78.0,81.0
182.0,74.0,30.0,63.0,78.0,10.0,273.0,188.0,3.0,9.0,11.0,21.0,25.0,30.0,34.0,37.0,40.0,59.0,60.0,81.0
164.0,89.0,30.0,74.0,111.0,30.0,140.0,90.0,0.0,9.0,13.0,22.0,25.0,29.0,34.0,38.0,40.0,43.0,72.0,81.0
285.0,64.0,120.0,131.0,86.0,10.0,364.0,221.0,3.0,9.0,11.0,21.0,25.0,30.0,34.0,37.0,40.0,57.0,75.0,81.0
155.0,89.0,120.0,120.0,105.0,10.0,80.0,60.0,3.0,10.0,11.0,21.0,24.0,30.0,34.0,37.0,40.0,42.0,61.0,81.0
234.0,101.0,60.0,146.0,112.0,30.0,208.0,128.0,2.0,10.0,11.0,21.0,24.0,30.0,34.0,38.0,40.0,57.0,67.0,81.0
81.0,4200.0,120.0,59.0,5040.0,30.0,80.0,65.0,1.0,10.0,16.0,22.0,25.0,29.0,34.0,39.0,41.0,57.0,79.0,81.0
97.0,1665.0,120.0,34.0,2405.0,20.0,0.0,0.0,0.0,9.0,17.0,21.0,25.0,28.0,33.0,37.0,41.0,52.0,60.0,82.0
254.0,134.0,60.0,115.0,161.0,10.0,280.0,176.0,2.0,10.0,11.0,23.0,25.0,29.0,34.0,38.0,40.0,52.0,77.0,81.0
354.0,179.0,60.0,217.0,194.0,20.0,200.0,104.0,3.0,9.0,13.0,21.0,25.0,31.0,34.0,39.0,40.0,59.0,73.0,81.0
107.0,216.0,120.0,56.0,259.0,30.0,0.0,0.0,2.0,9.0,19.0,21.0,25.0,31.0,33.0,36.0,40.0,42.0,61.0,81.0
61.0,2600.0,30.0,40.0,4160.0,20.0,0.0,0.0,0.0,9.0,16.0,21.0,24.0,28.0,33.0,39.0,41.0,59.0,77.0,81.0
46.0,201.0,30.0,27.0,290.0,30.0,0.0,0.0,1.0,9.0,18.0,21.0,25.0,28.0,34.0,37.0,40.0,57.0,79.0,81.0
66.0,83.0,60.0,33.0,108.0,10.0,96.0,110.0,1.0,10.0,15.0,22.0,25.0,28.0,34.0,38.0,40.0,54.0,79.0,81.0
246.0,122.0,120.0,103.0,155.0,20.0,270.0,208.0,2.0,10.0,11.0,23.0,25.0,29.0,34.0,38.0,40.0,59.0,72.0,81.0
107.0,3780.0,120.0,59.0,5040.0,30.0,0.0,0.0,2.0,10.0,16.0,21.0,25.0,30.0,34.0,38.0,41.0,43.0,60.0,81.0
108.0,32.0,120.0,99.0,35.0,30.0,0.0,0.0,2.0,9.0,11.0,21.0,25.0,31.0,33.0,36.0,40.0,48.0,79.0,81.0
168.0,60.0,120.0,147.0,72.0,10.0,128.0,90.0,2.0,9.0,11.0,23.0,25.0,29.0,34.0,38.0,40.0,57.0,60.0,81.0
203.0,95.0,120.0,145.0,106.0,30.0,221.0,88.0,3.0,9.0,13.0,21.0,24.0,28.0,34.0,38.0,40.0,59.0,67.0,81.0
126.0,75.0,60.0,75.0,90.0,10.0,143.0,97.0,2.0,9.0,13.0,22.0,25.0,28.0,34.0,37.0,40.0,52.0,61.0,81.0
169.0,48.0,60.0,78.0,62.0,30.0,143.0,56.0,2.0,9.0,11.0,20.0,24.0,29.0,34.0,35.0,40.0,59.0,61.0,81.0
61.0,315.0,30.0,28.0,560.0,20.0,65.0,25.0,1.0,10.0,18.0,22.0,25.0,28.0,34.0,37.0,40.0,57.0,79.0,81.0
94.0,2600.0,120.0,43.0,3120.0,30.0,0.0,0.0,1.0,9.0,16.0,21.0,25.0,28.0,34.0,36.0,41.0,43.0,77.0,81.0
134.0,2340.0,60.0,83.0,3380.0,10.0,0.0,0.0,1.0,9.0,16.0,21.0,25.0,28.0,33.0,39.0,41.0,58.0,61.0,81.0
267.0,245.0,120.0,97.0,301.0,20.0,250.0,208.0,2.0,10.0,13.0,22.0,25.0,30.0,34.0,38.0,40.0,51.0,79.0,81.0
287.0,115.0,30.0,108.0,165.0,20.0,273.0,130.0,3.0,9.0,13.0,21.0,25.0,29.0,34.0,37.0,40.0,59.0,60.0,81.0
281.0,134.0,30.0,127.0,187.0,20.0,280.0,286.0,2.0,10.0,11.0,23.0,25.0,29.0,34.0,38.0,40.0,52.0,77.0,81.0
51.0,3120.0,30.0,28.0,3120.0,10.0,65.0,16.0,1.0,9.0,16.0,21.0,25.0,27.0,33.0,39.0,41.0,59.0,77.0,81.0
242.0,101.0,30.0,113.0,118.0,10.0,176.0,155.0,2.0,10.0,11.0,22.0,25.0,28.0,34.0,39.0,40.0,55.0,79.0,81.0
125.0,96.0,30.0,55.0,123.0,20.0,120.0,97.0,3.0,9.0,13.0,21.0,25.0,28.0,33.0,37.0,40.0,59.0,61.0,81.0
151.0,89.0,60.0,110.0,94.0,10.0,150.0,64.0,2.0,10.0,11.0,21.0,25.0,29.0,34.0,37.0,40.0,42.0,65.0,82.0
157.0,1665.0,120.0,83.0,2405.0,20.0,0.0,0.0,3.0,9.0,17.0,21.0,25.0,31.0,34.0,36.0,41.0,42.0,61.0,82.0
220.0,170.0,30.0,183.0,167.0,10.0,169.0,110.0,2.0,10.0,13.0,22.0,24.0,30.0,34.0,37.0,40.0,57.0,74.0,81.0
71.0,3120.0,60.0,42.0,4160.0,30.0,0.0,0.0,0.0,9.0,16.0,21.0,24.0,28.0,33.0,39.0,41.0,59.0,77.0,81.0
66.0,2600.0,120.0,35.0,4160.0,10.0,65.0,52.0,0.0,9.0,16.0,21.0,25.0,28.0,33.0,39.0,41.0,57.0,79.0,82.0
54.0,350.0,60.0,30.0,560.0,30.0,50.0,25.0,1.0,10.0,18.0,22.0,25.0,28.0,34.0,37.0,40.0,57.0,79.0,81.0
236.0,123.0,60.0,63.0,144.0,10.0,168.0,115.0,3.0,9.0,13.0,21.0,24.0,29.0,34.0,36.0,40.0,59.0,60.0,81.0
80.0,26.0,120.0,38.0,41.0,10.0,0.0,0.0,2.0,10.0,12.0,21.0,25.0,28.0,33.0,36.0,40.0,52.0,60.0,81.0
182.0,105.0,60.0,81.0,118.0,20.0,273.0,125.0,0.0,10.0,11.0,21.0,24.0,28.0,34.0,37.0,40.0,59.0,60.0,81.0
104.0,48.0,30.0,34.0,50.0,10.0,143.0,84.0,2.0,9.0,11.0,21.0,25.0,28.0,34.0,37.0,40.0,43.0,79.0,81.0
202.0,81.0,30.0,147.0,90.0,10.0,136.0,100.0,2.0,10.0,11.0,22.0,25.0,28.0,34.0,37.0,40.0,52.0,61.0,81.0
203.0,74.0,60.0,113.0,84.0,10.0,80.0,60.0,3.0,10.0,11.0,21.0,24.0,30.0,34.0,37.0,40.0,42.0,61.0,81.0
230.0,127.0,120.0,112.0,128.0,30.0,180.0,105.0,3.0,9.0,13.0,21.0,24.0,29.0,33.0,38.0,40.0,59.0,67.0,81.0
188.0,100.0,120.0,74.0,139.0,10.0,160.0,84.0,3.0,9.0,13.0,21.0,24.0,28.0,34.0,37.0,40.0,57.0,60.0,81.0
116.0,35.0,120.0,46.0,38.0,30.0,70.0,35.0,0.0,9.0,11.0,21.0,25.0,29.0,33.0,38.0,40.0,47.0,72.0,82.0
195.0,87.0,30.0,87.0,99.0,10.0,144.0,115.0,2.0,10.0,11.0,22.0,25.0,29.0,34.0,38.0,40.0,57.0,60.0,81.0
185.0,49.0,30.0,139.0,54.0,30.0,234.0,76.0,2.0,9.0,11.0,22.0,24.0,29.0,34.0,37.0,40.0,57.0,60.0,81.0
92.0,60.0,30.0,34.0,74.0,30.0,117.0,48.0,3.0,10.0,11.0,21.0,24.0,28.0,34.0,38.0,40.0,42.0,61.0,81.0
236.0,252.0,120.0,63.0,266.0,30.0,190.0,150.0,2.0,10.0,13.0,21.0,24.0,29.0,34.0,37.0,40.0,59.0,60.0,81.0
394.0,329.0,30.0,319.0,349.0,10.0,377.0,227.0,2.0,10.0,13.0,22.0,25.0,29.0,33.0,37.0,40.0,57.0,73.0,81.0
157.0,3480.0,30.0,53.0,3480.0,10.0,0.0,0.0,2.0,10.0,17.0,21.0,25.0,31.0,33.0,36.0,41.0,52.0,61.0,81.0
150.0,79.0,30.0,64.0,97.0,30.0,170.0,105.0,2.0,10.0,11.0,23.0,24.0,29.0,33.0,36.0,40.0,57.0,60.0,81.0
190.0,103.0,120.0,83.0,108.0,30.0,130.0,100.0,2.0,9.0,13.0,22.0,25.0,28.0,33.0,36.0,40.0,43.0,79.0,81.0
106.0,31.0,60.0,59.0,42.0,30.0,80.0,78.0,0.0,9.0,11.0,21.0,25.0,28.0,34.0,37.0,40.0,57.0,61.0,81.0
79.0,418.0,60.0,57.0,603.0,10.0,0.0,0.0,1.0,10.0,18.0,22.0,25.0,29.0,33.0,36.0,40.0,58.0,79.0,81.0
262.0,67.0,30.0,89.0,94.0,20.0,273.0,65.0,2.0,9.0,14.0,21.0,24.0,28.0,33.0,36.0,40.0,42.0,79.0,81.0
129.0,100.0,60.0,94.0,106.0,10.0,100.0,52.0,2.0,9.0,13.0,22.0,25.0,29.0,34.0,37.0,40.0,43.0,60.0,81.0
182.0,67.0,60.0,142.0,81.0,30.0,112.0,110.0,2.0,10.0,11.0,22.0,24.0,29.0,34.0,38.0,40.0,52.0,61.0,81.0
47.0,1665.0,30.0,23.0,2220.0,10.0,48.0,30.0,1.0,9.0,17.0,21.0,25.0,27.0,34.0,37.0,41.0,57.0,79.0,82.0
133.0,128.0,120.0,81.0,169.0,10.0,100.0,40.0,2.0,10.0,13.0,23.0,25.0,29.0,34.0,38.0,40.0,43.0,60.0,81.0
117.0,3120.0,120.0,64.0,3380.0,20.0,0.0,0.0,1.0,9.0,16.0,21.0,25.0,28.0,33.0,36.0,41.0,54.0,60.0,81.0
194.0,105.0,120.0,77.0,127.0,20.0,200.0,169.0,2.0,10.0,11.0,23.0,24.0,28.0,34.0,37.0,40.0,42.0,79.0,81.0
121.0,3120.0,120.0,66.0,3380.0,20.0,0.0,0.0,2.0,9.0,16.0,21.0,25.0,31.0,34.0,39.0,41.0,43.0,77.0,81.0
225.0,44.0,60.0,119.0,49.0,20.0,140.0,117.0,3.0,9.0,11.0,21.0,24.0,29.0,34.0,37.0,40.0,59.0,80.0,81.0
162.0,85.0,30.0,111.0,105.0,20.0,100.0,84.0,3.0,10.0,11.0,23.0,25.0,29.0,34.0,38.0,40.0,43.0,60.0,81.0
182.0,137.0,120.0,74.0,156.0,20.0,260.0,125.0,3.0,9.0,13.0,21.0,25.0,31.0,34.0,37.0,40.0,57.0,60.0,81.0
213.0,111.0,30.0,103.0,132.0,30.0,234.0,104.0,2.0,9.0,13.0,21.0,24.0,29.0,34.0,36.0,40.0,57.0,60.0,81.0
334.0,119.0,60.0,236.0,139.0,10.0,247.0,136.0,3.0,9.0,13.0,21.0,24.0,30.0,34.0,37.0,40.0,57.0,72.0,81.0
229.0,84.0,60.0,145.0,91.0,10.0,210.0,108.0,3.0,9.0,11.0,21.0,25.0,30.0,34.0,37.0,40.0,53.0,77.0,81.0
280.0,56.0,60.0,188.0,74.0,30.0,160.0,162.0,0.0,9.0,11.0,22.0,24.0,28.0,33.0,36.0,40.0,57.0,72.0,81.0
103.0,54.0,60.0,65.0,56.0,30.0,195.0,72.0,1.0,9.0,11.0,22.0,25.0,28.0,34.0,37.0,40.0,59.0,78.0,81.0
184.0,95.0,30.0,94.0,116.0,30.0,0.0,0.0,2.0,9.0,13.0,21.0,25.0,28.0,34.0,37.0,40.0,52.0,61.0,81.0
125.0,72.0,30.0,49.0,83.0,10.0,88.0,65.0,3.0,9.0,13.0,21.0,24.0,28.0,33.0,37.0,40.0,59.0,61.0,81.0
105.0,32.0,30.0,47.0,40.0,30.0,117.0,44.0,2.0,9.0,11.0,21.0,24.0,29.0,34.0,38.0,40.0,57.0,61.0,81.0
292.0,98.0,60.0,80.0,112.0,20.0,220.0,162.0,2.0,10.0,11.0,22.0,24.0,29.0,34.0,38.0,40.0,52.0,77.0,81.0
164.0,158.0,60.0,64.0,194.0,10.0,221.0,123.0,2.0,10.0,13.0,22.0,25.0,29.0,34.0,38.0,40.0,42.0,77.0,81.0
155.0,92.0,120.0,113.0,105.0,20.0,150.0,312.0,0.0,10.0,11.0,22.0,25.0,28.0,34.0,38.0,40.0,53.0,61.0,81.0
224.0,140.0,120.0,71.0,182.0,20.0,190.0,143.0,0.0,9.0,18.0,22.0,25.0,29.0,33.0,38.0,40.0,52.0,77.0,81.0
269.0,12.0,60.0,93.0,15.0,10.0,168.0,115.0,1.0,9.0,16.0,21.0,25.0,28.0,33.0,37.0,40.0,42.0,79.0,81.0
110.0,78.0,60.0,65.0,88.0,10.0,90.0,48.0,0.0,10.0,11.0,22.0,25.0,28.0,34.0,37.0,40.0,42.0,61.0,82.0
175.0,127.0,120.0,123.0,149.0,10.0,144.0,90.0,3.0,9.0,13.0,21.0,25.0,29.0,34.0,37.0,40.0,59.0,67.0,81.0
104.0,42.0,120.0,82.0,48.0,30.0,40.0,32.0,3.0,9.0,13.0,21.0,24.0,28.0,34.0,36.0,40.0,59.0,77.0,81.0
236.0,148.0,30.0,71.0,165.0,30.0,152.0,182.0,3.0,9.0,13.0,21.0,24.0,29.0,34.0,38.0,40.0,59.0,60.0,81.0
200.0,92.0,120.0,95.0,105.0,30.0,136.0,136.0,2.0,10.0,11.0,22.0,24.0,28.0,34.0,38.0,40.0,43.0,72.0,81.0
191.0,70.0,60.0,86.0,81.0,20.0,150.0,149.0,2.0,10.0,11.0,22.0,25.0,29.0,34.0,38.0,40.0,43.0,79.0,81.0
188.0,111.0,120.0,88.0,123.0,30.0,136.0,136.0,2.0,9.0,13.0,22.0,25.0,30.0,34.0,37.0,40.0,57.0,60.0,81.0
243.0,70.0,120.0,220.0,74.0,10.0,0.0,0.0,0.0,9.0,11.0,21.0,25.0,28.0,34.0,38.0,40.0,56.0,72.0,81.0
219.0,101.0,60.0,105.0,140.0,30.0,176.0,201.0,2.0,10.0,11.0,22.0,25.0,28.0,34.0,39.0,40.0,55.0,79.0,81.0
123.0,38.0,60.0,77.0,50.0,30.0,88.0,71.0,2.0,9.0,11.0,22.0,25.0,28.0,34.0,37.0,40.0,43.0,60.0,81.0
186.0,211.0,60.0,72.0,225.0,20.0,120.0,68.0,1.0,10.0,13.0,21.0,25.0,28.0,34.0,36.0,40.0,57.0,60.0,81.0
188.0,176.0,60.0,98.0,198.0,20.0,208.0,115.0,2.0,10.0,13.0,22.0,24.0,28.0,34.0,38.0,40.0,52.0,61.0,81.0
112.0,2600.0,30.0,54.0,3380.0,30.0,117.0,40.0,4.0,9.0,16.0,23.0,25.0,29.0,34.0,37.0,41.0,43.0,60.0,82.0
214.0,126.0,30.0,95.0,168.0,20.0,200.0,169.0,2.0,10.0,11.0,23.0,24.0,28.0,34.0,37.0,40.0,42.0,79.0,81.0
230.0,81.0,30.0,112.0,105.0,20.0,247.0,155.0,0.0,10.0,11.0,23.0,24.0,29.0,34.0,38.0,40.0,59.0,67.0,81.0
164.0,88.0,120.0,64.0,97.0,30.0,144.0,123.0,2.0,10.0,11.0,21.0,25.0,30.0,33.0,39.0,40.0,57.0,60.0,81.0
218.0,39.0,120.0,135.0,43.0,20.0,144.0,76.0,3.0,9.0,11.0,21.0,25.0,28.0,33.0,37.0,40.0,57.0,62.0,81.0
176.0,170.0,60.0,79.0,245.0,30.0,144.0,175.0,2.0,10.0,13.0,22.0,25.0,28.0,34.0,38.0,40.0,57.0,60.0,81.0
129.0,83.0,60.0,98.0,90.0,20.0,130.0,65.0,2.0,9.0,13.0,22.0,25.0,29.0,34.0,37.0,40.0,43.0,60.0,81.0
314.0,126.0,120.0,160.0,133.0,30.0,190.0,115.0,2.0,10.0,11.0,22.0,24.0,29.0,34.0,38.0,40.0,57.0,72.0,81.0
193.0,189.0,60.0,85.0,266.0,30.0,180.0,135.0,2.0,10.0,13.0,22.0,25.0,28.0,34.0,38.0,40.0,57.0,60.0,81.0
132.0,80.0,120.0,81.0,90.0,30.0,80.0,78.0,2.0,9.0,13.0,20.0,24.0,28.0,34.0,35.0,40.0,43.0,60.0,81.0
125.0,60.0,30.0,81.0,78.0,20.0,80.0,56.0,2.0,10.0,11.0,23.0,24.0,30.0,34.0,38.0,40.0,43.0,77.0,81.0
146.0,23.0,120.0,90.0,35.0,10.0,0.0,0.0,3.0,9.0,11.0,21.0,25.0,31.0,33.0,36.0,40.0,42.0,70.0,81.0
209.0,44.0,120.0,151.0,53.0,10.0,140.0,76.0,1.0,9.0,11.0,21.0,25.0,27.0,33.0,37.0,40.0,57.0,67.0,81.0
109.0,1850.0,60.0,85.0,2960.0,30.0,0.0,0.0,2.0,9.0,17.0,22.0,25.0,27.0,34.0,36.0,41.0,59.0,78.0,81.0
87.0,31.0,30.0,32.0,38.0,10.0,0.0,0.0,2.0,9.0,11.0,21.0,25.0,27.0,34.0,36.0,40.0,43.0,60.0,82.0
135.0,50.0,60.0,63.0,62.0,30.0,130.0,40.0,3.0,9.0,11.0,21.0,24.0,28.0,33.0,37.0,40.0,47.0,61.0,81.0
209.0,175.0,120.0,95.0,245.0,10.0,180.0,96.0,2.0,10.0,13.0,20.0,24.0,28.0,34.0,35.0,40.0,57.0,60.0,81.0
134.0,128.0,60.0,90.0,169.0,30.0,80.0,65.0,2.0,10.0,13.0,22.0,25.0,28.0,34.0,37.0,40.0,47.0,61.0,81.0
86.0,19.0,60.0,44.0,23.0,20.0,143.0,75.0,0.0,10.0,16.0,21.0,24.0,29.0,34.0,38.0,40.0,43.0,60.0,81.0
150.0,47.0,120.0,56.0,53.0,30.0,221.0,100.0,2.0,9.0,11.0,22.0,25.0,28.0,34.0,38.0,40.0,57.0,60.0,81.0
193.0,137.0,60.0,79.0,149.0,20.0,144.0,96.0,3.0,9.0,13.0,21.0,24.0,30.0,34.0,38.0,40.0,57.0,60.0,81.0
322.0,56.0,30.0,219.0,66.0,20.0,208.0,115.0,3.0,9.0,11.0,21.0,24.0,30.0,34.0,37.0,40.0,52.0,78.0,81.0
120.0,3120.0,30.0,85.0,3120.0,10.0,0.0,0.0,2.0,9.0,16.0,21.0,24.0,28.0,33.0,39.0,41.0,48.0,60.0,81.0
95.0,63.0,60.0,94.0,70.0,20.0,117.0,55.0,3.0,9.0,13.0,21.0,24.0,28.0,34.0,36.0,40.0,59.0,65.0,81.0
128.0,3480.0,60.0,90.0,4640.0,30.0,182.0,320.0,2.0,10.0,17.0,21.0,25.0,31.0,34.0,36.0,41.0,58.0,79.0,81.0
120.0,36.0,60.0,65.0,46.0,30.0,100.0,55.0,3.0,9.0,11.0,21.0,25.0,28.0,33.0,36.0,40.0,57.0,61.0,81.0
140.0,4200.0,30.0,96.0,5460.0,30.0,104.0,120.0,0.0,10.0,16.0,22.0,26.0,28.0,34.0,38.0,41.0,48.0,60.0,82.0
144.0,48.0,120.0,70.0,50.0,30.0,110.0,70.0,2.0,9.0,11.0,21.0,25.0,31.0,33.0,37.0,40.0,43.0,60.0,82.0
207.0,77.0,30.0,92.0,82.0,10.0,0.0,0.0,2.0,9.0,11.0,21.0,24.0,28.0,33.0,37.0,40.0,42.0,79.0,81.0
134.0,128.0,120.0,53.0,176.0,10.0,130.0,60.0,2.0,10.0,13.0,20.0,24.0,29.0,34.0,35.0,40.0,43.0,79.0,81.0
126.0,32.0,30.0,54.0,38.0,10.0,90.0,44.0,2.0,9.0,11.0,21.0,24.0,29.0,34.0,38.0,40.0,57.0,61.0,81.0
76.0,4200.0,30.0,47.0,5040.0,10.0,0.0,0.0,1.0,10.0,16.0,23.0,25.0,30.0,34.0,38.0,41.0,59.0,77.0,81.0
114.0,65.0,120.0,42.0,84.0,10.0,117.0,97.0,2.0,10.0,11.0,23.0,25.0,29.0,34.0,38.0,40.0,43.0,60.0,81.0
105.0,22.0,60.0,60.0,26.0,10.0,0.0,0.0,4.0,9.0,12.0,21.0,26.0,28.0,34.0,36.0,40.0,42.0,61.0,81.0
93.0,5040.0,120.0,53.0,6720.0,10.0,48.0,100.0,0.0,10.0,16.0,22.0,25.0,29.0,34.0,38.0,41.0,42.0,72.0,81.0
164.0,124.0,120.0,56.0,139.0,20.0,221.0,85.0,3.0,9.0,13.0,21.0,25.0,28.0,34.0,39.0,40.0,42.0,77.0,81.0
238.0,99.0,30.0,124.0,118.0,30.0,0.0,0.0,2.0,10.0,11.0,21.0,25.0,30.0,33.0,37.0,40.0,47.0,77.0,82.0
221.0,181.0,120.0,151.0,194.0,30.0,152.0,201.0,2.0,10.0,13.0,22.0,25.0,29.0,34.0,38.0,40.0,54.0,79.0,81.0
104.0,38.0,30.0,61.0,52.0,20.0,72.0,44.0,3.0,9.0,11.0,21.0,24.0,29.0,34.0,37.0,40.0,43.0,60.0,81.0
258.0,2340.0,30.0,167.0,3380.0,30.0,270.0,95.0,2.0,9.0,16.0,21.0,26.0,31.0,33.0,39.0,41.0,59.0,60.0,81.0
97.0,75.0,30.0,44.0,100.0,10.0,48.0,35.0,0.0,10.0,15.0,22.0,25.0,29.0,34.0,38.0,40.0,42.0,72.0,82.0
183.0,94.0,60.0,120.0,112.0,30.0,208.0,64.0,2.0,10.0,11.0,22.0,25.0,29.0,34.0,38.0,40.0,57.0,60.0,81.0
92.0,63.0,120.0,34.0,91.0,10.0,90.0,44.0,0.0,9.0,13.0,21.0,24.0,30.0,34.0,37.0,40.0,43.0,60.0,81.0
107.0,68.0,30.0,94.0,76.0,30.0,130.0,120.0,6.0,9.0,13.0,22.0,24.0,29.0,33.0,37.0,40.0,59.0,65.0,82.0
102.0,65.0,120.0,54.0,76.0,20.0,90.0,78.0,2.0,10.0,11.0,20.0,24.0,31.0,34.0,35.0,40.0,43.0,60.0,81.0
346.0,149.0,60.0,91.0,177.0,10.0,200.0,155.0,3.0,9.0,13.0,21.0,25.0,30.0,34.0,38.0,40.0,59.0,72.0,81.0
110.0,65.0,60.0,69.0,74.0,20.0,117.0,60.0,0.0,10.0,11.0,22.0,25.0,28.0,34.0,37.0,40.0,42.0,61.0,82.0
220.0,176.0,120.0,72.0,245.0,10.0,195.0,143.0,2.0,10.0,13.0,22.0,25.0,29.0,34.0,38.0,40.0,43.0,72.0,81.0
92.0,63.0,60.0,41.0,80.0,10.0,117.0,65.0,2.0,9.0,13.0,21.0,25.0,28.0,34.0,37.0,40.0,43.0,60.0,81.0
216.0,87.0,30.0,68.0,122.0,20.0,260.0,125.0,2.0,10.0,11.0,23.0,24.0,30.0,34.0,37.0,40.0,57.0,60.0,81.0
106.0,60.0,60.0,34.0,74.0,10.0,88.0,60.0,2.0,10.0,11.0,20.0,24.0,29.0,34.0,35.0,40.0,43.0,60.0,81.0
185.0,59.0,60.0,139.0,62.0,20.0,144.0,76.0,2.0,9.0,11.0,22.0,24.0,29.0,34.0,37.0,40.0,57.0,60.0,81.0
250.0,217.0,120.0,180.0,225.0,30.0,170.0,85.0,3.0,10.0,13.0,21.0,25.0,31.0,34.0,38.0,40.0,42.0,77.0,81.0
106.0,143.0,30.0,37.0,167.0,30.0,72.0,78.0,2.0,10.0,13.0,23.0,24.0,29.0,34.0,38.0,40.0,42.0,61.0,81.0
233.0,74.0,120.0,67.0,104.0,10.0,247.0,71.0,0.0,9.0,14.0,22.0,24.0,29.0,34.0,37.0,40.0,59.0,60.0,82.0
100.0,4200.0,30.0,52.0,6720.0,20.0,96.0,64.0,0.0,10.0,16.0,22.0,25.0,29.0,34.0,38.0,41.0,43.0,60.0,81.0
106.0,54.0,120.0,41.0,68.0,20.0,72.0,40.0,2.0,10.0,11.0,23.0,24.0,29.0,34.0,38.0,40.0,43.0,60.0,81.0
178.0,97.0,120.0,140.0,109.0,20.0,210.0,162.0,1.0,10.0,11.0,21.0,25.0,29.0,33.0,36.0,40.0,48.0,73.0,81.0
157.0,184.0,60.0,73.0,210.0,20.0,195.0,95.0,2.0,10.0,13.0,22.0,24.0,30.0,34.0,38.0,40.0,57.0,60.0,81.0
251.0,87.0,120.0,111.0,109.0,20.0,160.0,92.0,2.0,10.0,11.0,21.0,24.0,29.0,34.0,37.0,40.0,57.0,69.0,81.0
200.0,111.0,60.0,81.0,132.0,10.0,273.0,195.0,3.0,9.0,13.0,20.0,24.0,28.0,34.0,37.0,40.0,59.0,60.0,81.0
106.0,35.0,30.0,41.0,42.0,10.0,90.0,40.0,2.0,9.0,11.0,21.0,24.0,30.0,34.0,37.0,40.0,43.0,60.0,81.0
108.0,34.0,60.0,38.0,42.0,20.0,0.0,0.0,0.0,10.0,11.0,22.0,25.0,29.0,34.0,38.0,40.0,52.0,60.0,81.0
86.0,5040.0,60.0,70.0,5460.0,10.0,120.0,56.0,1.0,10.0,16.0,21.0,25.0,29.0,34.0,38.0,41.0,58.0,79.0,82.0
184.0,127.0,30.0,80.0,139.0,10.0,0.0,0.0,2.0,9.0,13.0,21.0,25.0,28.0,34.0,37.0,40.0,52.0,61.0,81.0
70.0,52.0,120.0,51.0,62.0,20.0,70.0,52.0,3.0,9.0,13.0,21.0,25.0,31.0,34.0,36.0,40.0,59.0,77.0,81.0
166.0,45.0,60.0,71.0,80.0,30.0,128.0,123.0,2.0,9.0,15.0,21.0,25.0,29.0,33.0,38.0,40.0,42.0,77.0,82.0
164.0,106.0,30.0,64.0,140.0,20.0,180.0,123.0,2.0,10.0,11.0,21.0,25.0,30.0,33.0,39.0,40.0,57.0,60.0,82.0
222.0,77.0,30.0,103.0,105.0,20.0,220.0,188.0,2.0,9.0,11.0,21.0,25.0,30.0,34.0,37.0,40.0,59.0,64.0,81.0
97.0,200.0,120.0,41.0,355.0,10.0,60.0,32.0,0.0,10.0,18.0,22.0,25.0,29.0,34.0,38.0,40.0,52.0,60.0,81.0
138.0,68.0,30.0,66.0,76.0,10.0,90.0,48.0,2.0,10.0,11.0,22.0,25.0,30.0,34.0,38.0,40.0,43.0,60.0,81.0
103.0,60.0,120.0,59.0,80.0,10.0,56.0,80.0,0.0,9.0,15.0,21.0,25.0,29.0,33.0,37.0,40.0,43.0,77.0,81.0
148.0,26.0,60.0,103.0,32.0,10.0,0.0,0.0,2.0,9.0,11.0,21.0,25.0,30.0,33.0,37.0,40.0,57.0,79.0,81.0
200.0,83.0,60.0,95.0,99.0,10.0,221.0,136.0,2.0,10.0,11.0,22.0,24.0,28.0,34.0,38.0,40.0,43.0,72.0,81.0
234.0,158.0,60.0,121.0,181.0,20.0,180.0,143.0,0.0,10.0,13.0,21.0,25.0,29.0,33.0,38.0,40.0,59.0,62.0,81.0
258.0,66.0,30.0,232.0,78.0,20.0,144.0,84.0,3.0,9.0,11.0,21.0,25.0,31.0,33.0,37.0,40.0,43.0,76.0,81.0
197.0,76.0,120.0,139.0,92.0,10.0,160.0,128.0,2.0,10.0,11.0,21.0,24.0,30.0,34.0,38.0,40.0,57.0,67.0,81.0
163.0,110.0,30.0,66.0,118.0,10.0,221.0,156.0,3.0,10.0,11.0,21.0,25.0,30.0,34.0,38.0,40.0,57.0,60.0,81.0
292.0,94.0,120.0,145.0,133.0,10.0,247.0,169.0,3.0,10.0,11.0,21.0,24.0,30.0,34.0,38.0,40.0,42.0,77.0,81.0
82.0,20.0,30.0,63.0,45.0,10.0,56.0,40.0,0.0,9.0,11.0,22.0,24.0,30.0,34.0,38.0,40.0,43.0,60.0,81.0
90.0,5040.0,120.0,48.0,6720.0,10.0,56.0,35.0,4.0,10.0,16.0,22.0,25.0,28.0,33.0,37.0,41.0,42.0,72.0,81.0
97.0,35.0,30.0,81.0,46.0,20.0,56.0,16.0,1.0,9.0,14.0,22.0,24.0,31.0,34.0,36.0,40.0,59.0,77.0,81.0
56.0,75.0,30.0,37.0,108.0,30.0,120.0,110.0,1.0,10.0,15.0,22.0,25.0,28.0,34.0,38.0,40.0,54.0,79.0,81.0
114.0,72.0,60.0,44.0,99.0,30.0,88.0,104.0,3.0,9.0,13.0,21.0,24.0,29.0,34.0,37.0,40.0,59.0,61.0,81.0
170.0,57.0,120.0,70.0,66.0,20.0,190.0,123.0,2.0,9.0,11.0,21.0,25.0,29.0,34.0,37.0,40.0,57.0,60.0,81.0
121.0,128.0,30.0,88.0,153.0,30.0,100.0,50.0,2.0,10.0,13.0,23.0,25.0,29.0,34.0,38.0,40.0,43.0,60.0,81.0
139.0,32.0,30.0,62.0,43.0,20.0,130.0,55.0,3.0,9.0,11.0,21.0,25.0,28.0,33.0,36.0,40.0,57.0,61.0,81.0
54.0,29.0,60.0,30.0,44.0,30.0,40.0,35.0,0.0,10.0,11.0,21.0,24.0,30.0,34.0,38.0,40.0,57.0,79.0,81.0
201.0,98.0,60.0,85.0,140.0,30.0,208.0,279.0,3.0,10.0,11.0,21.0,25.0,30.0,34.0,38.0,40.0,59.0,64.0,81.0
241.0,90.0,30.0,127.0,109.0,30.0,221.0,100.0,0.0,10.0,11.0,22.0,24.0,29.0,34.0,38.0,40.0,57.0,60.0,81.0
284.0,237.0,120.0,165.0,266.0,30.0,192.0,201.0,3.0,10.0,13.0,21.0,25.0,29.0,34.0,38.0,40.0,59.0,72.0,81.0
103.0,40.0,30.0,63.0,52.0,20.0,72.0,52.0,0.0,9.0,11.0,21.0,24.0,29.0,33.0,37.0,40.0,43.0,60.0,81.0
257.0,2340.0,30.0,103.0,4160.0,20.0,234.0,50.0,2.0,9.0,16.0,21.0,26.0,28.0,34.0,38.0,41.0,42.0,78.0,81.0
111.0,31.0,120.0,46.0,40.0,20.0,48.0,40.0,4.0,9.0,11.0,23.0,25.0,29.0,34.0,37.0,40.0,43.0,60.0,82.0
185.0,146.0,120.0,104.0,194.0,10.0,160.0,76.0,2.0,10.0,13.0,20.0,24.0,30.0,34.0,35.0,40.0,43.0,79.0,81.0
172.0,3780.0,60.0,67.0,5460.0,10.0,0.0,0.0,2.0,10.0,16.0,22.0,24.0,28.0,33.0,36.0,41.0,52.0,61.0,81.0
120.0,2600.0,30.0,88.0,4160.0,20.0,0.0,0.0,2.0,9.0,16.0,21.0,24.0,28.0,33.0,39.0,41.0,48.0,60.0,81.0
262.0,202.0,120.0,86.0,293.0,10.0,240.0,136.0,2.0,10.0,13.0,22.0,25.0,29.0,34.0,38.0,40.0,57.0,72.0,81.0
169.0,60.0,60.0,73.0,65.0,10.0,150.0,68.0,4.0,9.0,15.0,22.0,25.0,28.0,34.0,37.0,40.0,52.0,61.0,82.0
92.0,67.0,120.0,36.0,106.0,10.0,60.0,24.0,2.0,10.0,13.0,22.0,25.0,29.0,34.0,38.0,40.0,52.0,60.0,81.0
221.0,133.0,120.0,74.0,144.0,30.0,180.0,95.0,1.0,9.0,13.0,21.0,25.0,28.0,33.0,37.0,40.0,57.0,60.0,81.0
125.0,72.0,60.0,55.0,86.0,10.0,156.0,97.0,3.0,9.0,13.0,21.0,25.0,28.0,33.0,37.0,40.0,59.0,61.0,81.0
134.0,91.0,30.0,91.0,94.0,10.0,143.0,65.0,2.0,10.0,11.0,23.0,25.0,29.0,33.0,36.0,40.0,43.0,60.0,81.0
243.0,5040.0,60.0,88.0,6720.0,30.0,214.0,132.0,0.0,10.0,16.0,21.0,25.0,29.0,34.0,38.0,41.0,42.0,79.0,81.0
206.0,218.0,60.0,109.0,245.0,20.0,260.0,100.0,6.0,10.0,13.0,21.0,26.0,29.0,34.0,37.0,40.0,42.0,79.0,82.0
56.0,83.0,30.0,35.0,133.0,20.0,96.0,88.0,1.0,10.0,15.0,22.0,25.0,28.0,34.0,38.0,40.0,54.0,79.0,81.0
180.0,59.0,120.0,125.0,72.0,10.0,112.0,90.0,3.0,9.0,11.0,21.0,24.0,29.0,34.0,37.0,40.0,59.0,80.0,81.0
114.0,2600.0,120.0,70.0,3380.0,20.0,110.0,104.0,2.0,9.0,16.0,21.0,25.0,28.0,34.0,36.0,41.0,42.0,61.0,81.0
71.0,3780.0,120.0,40.0,5460.0,20.0,48.0,120.0,1.0,10.0,16.0,21.0,25.0,29.0,34.0,38.0,41.0,57.0,79.0,82.0
156.0,142.0,60.0,81.0,162.0,10.0,80.0,50.0,2.0,10.0,13.0,23.0,25.0,29.0,34.0,38.0,40.0,43.0,60.0,81.0
205.0,60.0,120.0,126.0,80.0,10.0,136.0,95.0,4.0,9.0,15.0,23.0,25.0,30.0,34.0,37.0,40.0,57.0,60.0,81.0
112.0,194.0,60.0,61.0,281.0,10.0,78.0,58.0,0.0,9.0,18.0,22.0,25.0,30.0,34.0,39.0,40.0,42.0,61.0,81.0
233.0,64.0,60.0,180.0,70.0,10.0,170.0,92.0,3.0,9.0,11.0,21.0,25.0,29.0,34.0,38.0,40.0,59.0,62.0,81.0
128.0,48.0,30.0,77.0,62.0,20.0,110.0,91.0,2.0,9.0,11.0,21.0,25.0,31.0,33.0,37.0,40.0,43.0,60.0,82.0
200.0,2340.0,60.0,81.0,3380.0,10.0,0.0,0.0,2.0,9.0,16.0,21.0,25.0,28.0,34.0,37.0,41.0,59.0,60.0,81.0
107.0,5040.0,60.0,59.0,5460.0,10.0,0.0,0.0,2.0,10.0,16.0,21.0,25.0,30.0,34.0,38.0,41.0,43.0,60.0,82.0
285.0,118.0,120.0,230.0,123.0,20.0,182.0,95.0,3.0,9.0,13.0,21.0,24.0,28.0,33.0,37.0,40.0,59.0,61.0,81.0
82.0,60.0,30.0,31.0,68.0,10.0,91.0,45.0,0.0,9.0,13.0,21.0,24.0,27.0,34.0,36.0,40.0,57.0,61.0,81.0
249.0,158.0,120.0,175.0,198.0,10.0,160.0,115.0,3.0,9.0,13.0,21.0,25.0,27.0,34.0,37.0,40.0,42.0,78.0,81.0
110.0,32.0,120.0,42.0,42.0,20.0,64.0,36.0,6.0,9.0,11.0,21.0,24.0,30.0,33.0,37.0,40.0,43.0,60.0,82.0
177.0,4200.0,60.0,127.0,6720.0,30.0,0.0,0.0,2.0,10.0,16.0,22.0,26.0,28.0,34.0,36.0,41.0,43.0,75.0,81.0
236.0,114.0,60.0,125.0,155.0,30.0,0.0,0.0,2.0,10.0,11.0,21.0,26.0,27.0,33.0,36.0,40.0,53.0,79.0,82.0
139.0,36.0,30.0,69.0,40.0,10.0,100.0,44.0,3.0,9.0,11.0,21.0,25.0,28.0,33.0,36.0,40.0,57.0,61.0,81.0
140.0,48.0,30.0,78.0,62.0,20.0,0.0,0.0,2.0,9.0,11.0,21.0,25.0,27.0,34.0,36.0,40.0,59.0,61.0,81.0
114.0,138.0,30.0,76.0,162.0,30.0,130.0,70.0,0.0,10.0,13.0,21.0,24.0,29.0,34.0,37.0,40.0,43.0,60.0,81.0
288.0,202.0,60.0,133.0,245.0,10.0,286.0,240.0,0.0,10.0,13.0,22.0,24.0,30.0,34.0,37.0,40.0,57.0,72.0,81.0
195.0,89.0,60.0,88.0,103.0,20.0,160.0,143.0,3.0,9.0,13.0,21.0,24.0,28.0,33.0,39.0,40.0,59.0,66.0,81.0
214.0,62.0,120.0,61.0,66.0,30.0,140.0,75.0,2.0,9.0,11.0,22.0,24.0,28.0,34.0,37.0,40.0,43.0,72.0,81.0
85.0,60.0,30.0,27.0,74.0,30.0,117.0,48.0,4.0,10.0,11.0,22.0,25.0,29.0,34.0,38.0,40.0,43.0,60.0,82.0
81.0,5040.0,30.0,59.0,6720.0,20.0,100.0,65.0,1.0,10.0,16.0,22.0,25.0,29.0,34.0,39.0,41.0,57.0,79.0,82.0
104.0,56.0,30.0,80.0,58.0,10.0,64.0,55.0,3.0,9.0,13.0,21.0,25.0,28.0,33.0,37.0,40.0,59.0,65.0,81.0
108.0,82.0,120.0,82.0,111.0,10.0,70.0,36.0,3.0,10.0,13.0,21.0,24.0,30.0,34.0,36.0,40.0,59.0,65.0,81.0
138.0,86.0,120.0,87.0,91.0,30.0,88.0,84.0,3.0,9.0,13.0,21.0,24.0,28.0,34.0,37.0,40.0,57.0,60.0,81.0
182.0,139.0,30.0,117.0,181.0,20.0,169.0,95.0,2.0,10.0,13.0,23.0,25.0,31.0,34.0,37.0,40.0,42.0,65.0,81.0
202.0,70.0,60.0,113.0,81.0,20.0,110.0,104.0,2.0,10.0,11.0,22.0,24.0,29.0,34.0,38.0,40.0,52.0,61.0,81.0
92.0,35.0,30.0,34.0,43.0,30.0,104.0,36.0,2.0,9.0,11.0,21.0,25.0,28.0,34.0,37.0,40.0,42.0,61.0,81.0
114.0,175.0,120.0,55.0,196.0,10.0,176.0,130.0,2.0,10.0,11.0,22.0,24.0,29.0,34.0,38.0,40.0,43.0,79.0,81.0
239.0,92.0,60.0,82.0,109.0,10.0,136.0,110.0,3.0,10.0,11.0,23.0,24.0,29.0,34.0,38.0,40.0,43.0,72.0,81.0
98.0,32.0,120.0,52.0,38.0,30.0,0.0,0.0,1.0,9.0,11.0,21.0,25.0,28.0,33.0,37.0,40.0,42.0,61.0,81.0
236.0,125.0,120.0,133.0,139.0,30.0,325.0,124.0,2.0,9.0,13.0,22.0,24.0,28.0,34.0,39.0,40.0,52.0,79.0,81.0
193.0,127.0,30.0,123.0,149.0,20.0,180.0,136.0,3.0,9.0,13.0,21.0,24.0,29.0,33.0,38.0,40.0,59.0,67.0,81.0
125.0,2220.0,120.0,81.0,2960.0,10.0,0.0,0.0,2.0,9.0,17.0,21.0,25.0,27.0,33.0,36.0,41.0,42.0,61.0,81.0
283.0,245.0,60.0,95.0,357.0,30.0,240.0,200.0,2.0,10.0,13.0,22.0,24.0,29.0,34.0,38.0,40.0,52.0,79.0,81.0
121.0,37.0,60.0,70.0,44.0,10.0,117.0,32.0,5.0,10.0,12.0,22.0,25.0,27.0,34.0,39.0,40.0,42.0,61.0,81.0
164.0,90.0,30.0,74.0,127.0,20.0,128.0,76.0,3.0,10.0,11.0,21.0,25.0,30.0,34.0,37.0,40.0,42.0,77.0,81.0
157.0,77.0,30.0,108.0,90.0,10.0,88.0,65.0,2.0,9.0,13.0,22.0,25.0,30.0,34.0,38.0,40.0,43.0,60.0,81.0
82.0,2600.0,120.0,31.0,3380.0,20.0,80.0,52.0,2.0,9.0,16.0,21.0,24.0,30.0,33.0,37.0,41.0,43.0,77.0,81.0
189.0,2610.0,120.0,70.0,4640.0,10.0,0.0,0.0,2.0,10.0,17.0,21.0,25.0,31.0,33.0,36.0,41.0,51.0,61.0,81.0
453.0,212.0,60.0,260.0,253.0,30.0,364.0,136.0,3.0,9.0,13.0,21.0,25.0,28.0,34.0,37.0,40.0,59.0,76.0,81.0
142.0,61.0,30.0,87.0,71.0,10.0,72.0,50.0,2.0,10.0,11.0,22.0,25.0,28.0,33.0,37.0,40.0,42.0,61.0,81.0
85.0,72.0,120.0,41.0,94.0,10.0,88.0,60.0,2.0,10.0,11.0,20.0,24.0,29.0,34.0,35.0,40.0,43.0,60.0,81.0
207.0,94.0,120.0,97.0,127.0,10.0,190.0,112.0,2.0,10.0,11.0,22.0,25.0,29.0,34.0,38.0,40.0,57.0,60.0,81.0
234.0,211.0,120.0,84.0,225.0,30.0,160.0,115.0,2.0,10.0,13.0,22.0,24.0,28.0,34.0,38.0,40.0,52.0,61.0,81.0
118.0,31.0,120.0,81.0,43.0,10.0,56.0,100.0,0.0,9.0,11.0,22.0,25.0,29.0,34.0,37.0,40.0,42.0,72.0,81.0
174.0,2340.0,60.0,69.0,3380.0,10.0,0.0,0.0,0.0,9.0,16.0,21.0,25.0,28.0,34.0,37.0,41.0,52.0,61.0,81.0
203.0,45.0,30.0,53.0,80.0,20.0,0.0,0.0,2.0,9.0,15.0,21.0,25.0,30.0,33.0,36.0,40.0,43.0,72.0,81.0
150.0,79.0,120.0,56.0,90.0,30.0,221.0,96.0,2.0,10.0,11.0,22.0,24.0,29.0,34.0,38.0,40.0,42.0,77.0,81.0
76.0,52.0,120.0,47.0,65.0,20.0,48.0,24.0,1.0,10.0,13.0,22.0,25.0,28.0,33.0,37.0,40.0,57.0,79.0,82.0
149.0,81.0,120.0,91.0,106.0,10.0,110.0,52.0,2.0,9.0,13.0,21.0,24.0,28.0,34.0,37.0,40.0,50.0,61.0,81.0
143.0,76.0,60.0,132.0,90.0,30.0,90.0,60.0,3.0,9.0,13.0,21.0,24.0,28.0,34.0,37.0,40.0,59.0,65.0,81.0
125.0,3780.0,30.0,85.0,5460.0,30.0,80.0,50.0,0.0,10.0,16.0,22.0,25.0,29.0,34.0,38.0,41.0,42.0,61.0,81.0
171.0,100.0,60.0,76.0,139.0,30.0,136.0,123.0,0.0,9.0,13.0,21.0,24.0,29.0,34.0,38.0,40.0,57.0,60.0,81.0
138.0,48.0,30.0,61.0,52.0,30.0,108.0,130.0,0.0,9.0,11.0,21.0,25.0,28.0,34.0,38.0,40.0,54.0,61.0,81.0
193.0,93.0,60.0,56.0,106.0,20.0,170.0,110.0,3.0,9.0,13.0,21.0,25.0,28.0,34.0,39.0,40.0,42.0,77.0,81.0
54.0,420.0,60.0,28.0,420.0,20.0,40.0,20.0,1.0,10.0,18.0,22.0,25.0,28.0,34.0,37.0,40.0,57.0,79.0,81.0
165.0,45.0,30.0,77.0,65.0,30.0,140.0,80.0,0.0,9.0,15.0,22.0,25.0,29.0,34.0,38.0,40.0,52.0,61.0,81.0
275.0,100.0,60.0,76.0,100.0,20.0,0.0,0.0,1.0,10.0,15.0,22.0,25.0,27.0,34.0,39.0,40.0,52.0,79.0,81.0
74.0,1850.0,120.0,52.0,2220.0,30.0,0.0,0.0,1.0,9.0,17.0,21.0,25.0,27.0,34.0,37.0,41.0,57.0,79.0,81.0
225.0,113.0,60.0,89.0,150.0,30.0,221.0,104.0,2.0,10.0,11.0,22.0,25.0,29.0,34.0,38.0,40.0,57.0,60.0,81.0
86.0,19.0,120.0,37.0,25.0,20.0,110.0,97.0,0.0,10.0,16.0,21.0,24.0,29.0,34.0,38.0,40.0,43.0,60.0,81.0
236.0,81.0,30.0,78.0,112.0,20.0,208.0,85.0,3.0,10.0,11.0,20.0,24.0,28.0,33.0,35.0,40.0,52.0,61.0,81.0
54.0,2600.0,30.0,28.0,3380.0,30.0,52.0,20.0,1.0,9.0,16.0,21.0,25.0,29.0,34.0,37.0,41.0,59.0,77.0,82.0
134.0,18.0,120.0,61.0,24.0,10.0,0.0,0.0,2.0,9.0,12.0,21.0,25.0,28.0,33.0,39.0,40.0,52.0,64.0,82.0
210.0,3120.0,30.0,174.0,3120.0,10.0,0.0,0.0,2.0,9.0,16.0,21.0,25.0,27.0,34.0,39.0,41.0,57.0,61.0,81.0
202.0,138.0,120.0,162.0,153.0,30.0,156.0,64.0,3.0,10.0,13.0,21.0,24.0,31.0,34.0,37.0,40.0,57.0,67.0,81.0
200.0,97.0,30.0,145.0,108.0,10.0,136.0,115.0,3.0,9.0,13.0,21.0,25.0,29.0,34.0,37.0,40.0,53.0,61.0,81.0
205.0,59.0,30.0,61.0,66.0,30.0,120.0,123.0,2.0,9.0,11.0,23.0,24.0,29.0,34.0,38.0,40.0,52.0,61.0,81.0
245.0,128.0,60.0,116.0,177.0,30.0,210.0,130.0,3.0,9.0,13.0,21.0,25.0,29.0,34.0,37.0,40.0,59.0,60.0,81.0
75.0,5040.0,60.0,57.0,5460.0,10.0,100.0,40.0,1.0,10.0,16.0,22.0,25.0,29.0,34.0,39.0,41.0,57.0,79.0,82.0
127.0,70.0,120.0,51.0,75.0,20.0,156.0,80.0,2.0,10.0,19.0,21.0,25.0,29.0,34.0,37.0,40.0,43.0,79.0,81.0
208.0,76.0,60.0,64.0,88.0,20.0,110.0,123.0,0.0,10.0,11.0,22.0,25.0,29.0,33.0,38.0,40.0,52.0,61.0,81.0
228.0,50.0,60.0,106.0,64.0,10.0,112.0,75.0,3.0,9.0,11.0,21.0,24.0,28.0,34.0,37.0,40.0,52.0,61.0,81.0
244.0,198.0,30.0,103.0,225.0,10.0,190.0,100.0,3.0,10.0,13.0,21.0,25.0,29.0,33.0,38.0,40.0,57.0,60.0,81.0
129.0,36.0,60.0,59.0,45.0,10.0,0.0,0.0,1.0,9.0,11.0,22.0,26.0,29.0,33.0,38.0,40.0,59.0,61.0,81.0
234.0,184.0,30.0,99.0,210.0,10.0,160.0,72.0,2.0,10.0,13.0,23.0,25.0,29.0,33.0,37.0,40.0,57.0,60.0,81.0
154.0,50.0,30.0,75.0,53.0,30.0,72.0,71.0,3.0,9.0,11.0,21.0,25.0,29.0,34.0,38.0,40.0,43.0,60.0,81.0
274.0,270.0,60.0,137.0,293.0,20.0,192.0,116.0,2.0,10.0,13.0,22.0,25.0,29.0,34.0,37.0,40.0,42.0,79.0,81.0
150.0,47.0,120.0,56.0,53.0,30.0,221.0,104.0,3.0,9.0,11.0,21.0,25.0,28.0,34.0,38.0,40.0,42.0,77.0,81.0
159.0,184.0,120.0,91.0,189.0,30.0,110.0,200.0,2.0,10.0,13.0,21.0,26.0,30.0,34.0,38.0,40.0,48.0,60.0,82.0
89.0,25.0,120.0,38.0,29.0,30.0,72.0,71.0,2.0,9.0,11.0,22.0,24.0,29.0,34.0,38.0,40.0,57.0,61.0,81.0
200.0,55.0,120.0,145.0,62.0,20.0,143.0,75.0,3.0,9.0,11.0,21.0,24.0,31.0,34.0,36.0,40.0,43.0,69.0,81.0
159.0,170.0,60.0,64.0,218.0,30.0,169.0,60.0,2.0,10.0,13.0,20.0,24.0,29.0,34.0,35.0,40.0,43.0,79.0,81.0
56.0,34.0,30.0,38.0,42.0,30.0,40.0,20.0,2.0,9.0,13.0,21.0,25.0,31.0,33.0,36.0,40.0,57.0,79.0,81.0
115.0,26.0,120.0,74.0,31.0,30.0,0.0,0.0,2.0,9.0,11.0,21.0,25.0,29.0,33.0,36.0,40.0,55.0,60.0,81.0
249.0,175.0,60.0,101.0,198.0,20.0,180.0,156.0,2.0,10.0,13.0,20.0,24.0,28.0,34.0,35.0,40.0,57.0,60.0,81.0
147.0,70.0,30.0,120.0,84.0,30.0,160.0,80.0,2.0,10.0,11.0,22.0,25.0,29.0,34.0,38.0,40.0,57.0,60.0,81.0
112.0,75.0,60.0,67.0,90.0,10.0,130.0,78.0,0.0,9.0,13.0,21.0,25.0,28.0,34.0,37.0,40.0,43.0,60.0,81.0
85.0,60.0,30.0,37.0,84.0,20.0,72.0,48.0,2.0,10.0,11.0,21.0,24.0,29.0,34.0,37.0,40.0,42.0,61.0,81.0
203.0,109.0,60.0,105.0,122.0,20.0,286.0,115.0,3.0,10.0,11.0,21.0,25.0,30.0,34.0,37.0,40.0,42.0,79.0,81.0
86.0,295.0,60.0,57.0,394.0,30.0,78.0,32.0,1.0,9.0,18.0,21.0,25.0,28.0,33.0,38.0,40.0,59.0,77.0,81.0
61.0,15.0,30.0,28.0,23.0,20.0,0.0,0.0,1.0,10.0,12.0,22.0,25.0,29.0,34.0,38.0,40.0,59.0,77.0,81.0
181.0,181.0,30.0,123.0,198.0,30.0,195.0,80.0,2.0,10.0,13.0,21.0,25.0,29.0,34.0,38.0,40.0,53.0,61.0,81.0
51.0,332.0,120.0,22.0,480.0,20.0,40.0,20.0,1.0,10.0,18.0,22.0,24.0,28.0,33.0,37.0,40.0,59.0,77.0,82.0
156.0,101.0,30.0,108.0,118.0,20.0,180.0,136.0,2.0,10.0,11.0,22.0,25.0,28.0,34.0,38.0,40.0,55.0,61.0,81.0
149.0,38.0,30.0,73.0,42.0,10.0,90.0,44.0,3.0,9.0,11.0,21.0,24.0,28.0,34.0,37.0,40.0,57.0,61.0,81.0
150.0,76.0,30.0,79.0,86.0,10.0,0.0,0.0,1.0,9.0,13.0,21.0,25.0,27.0,33.0,36.0,40.0,42.0,61.0,81.0
113.0,26.0,30.0,55.0,32.0,30.0,91.0,53.0,2.0,9.0,11.0,21.0,25.0,29.0,33.0,39.0,40.0,57.0,61.0,82.0
229.0,184.0,120.0,129.0,210.0,30.0,168.0,143.0,2.0,10.0,13.0,22.0,24.0,29.0,34.0,38.0,40.0,57.0,60.0,81.0
182.0,252.0,60.0,71.0,281.0,10.0,190.0,120.0,2.0,10.0,13.0,21.0,24.0,29.0,34.0,37.0,40.0,59.0,60.0,81.0
419.0,74.0,120.0,224.0,99.0,10.0,312.0,195.0,3.0,9.0,11.0,23.0,25.0,30.0,34.0,38.0,40.0,59.0,73.0,81.0
199.0,252.0,60.0,91.0,293.0,10.0,220.0,116.0,2.0,10.0,13.0,22.0,24.0,29.0,34.0,38.0,40.0,42.0,79.0,81.0
145.0,184.0,30.0,75.0,225.0,20.0,120.0,110.0,2.0,10.0,13.0,22.0,24.0,29.0,34.0,38.0,40.0,43.0,79.0,81.0
103.0,22.0,60.0,34.0,26.0,20.0,70.0,52.0,2.0,9.0,11.0,21.0,25.0,28.0,33.0,37.0,40.0,57.0,61.0,81.0
321.0,225.0,30.0,155.0,254.0,10.0,240.0,116.0,2.0,10.0,13.0,22.0,25.0,29.0,34.0,37.0,40.0,42.0,79.0,81.0
112.0,3120.0,30.0,61.0,4160.0,20.0,0.0,0.0,1.0,9.0,16.0,21.0,25.0,27.0,33.0,39.0,41.0,43.0,60.0,82.0
240.0,202.0,120.0,133.0,237.0,30.0,273.0,136.0,3.0,10.0,13.0,21.0,25.0,29.0,33.0,39.0,40.0,59.0,60.0,81.0
120.0,78.0,30.0,69.0,99.0,20.0,90.0,78.0,0.0,10.0,11.0,22.0,25.0,28.0,34.0,37.0,40.0,42.0,61.0,82.0
220.0,194.0,60.0,115.0,237.0,30.0,208.0,76.0,2.0,10.0,13.0,20.0,24.0,30.0,34.0,35.0,40.0,43.0,79.0,81.0
216.0,116.0,120.0,68.0,122.0,30.0,180.0,120.0,2.0,10.0,11.0,22.0,24.0,29.0,34.0,38.0,40.0,57.0,60.0,81.0
87.0,2600.0,120.0,36.0,3380.0,20.0,80.0,65.0,2.0,9.0,16.0,21.0,25.0,29.0,33.0,39.0,41.0,43.0,60.0,81.0
157.0,92.0,120.0,59.0,109.0,20.0,150.0,130.0,2.0,10.0,11.0,22.0,24.0,28.0,34.0,37.0,40.0,57.0,60.0,81.0
154.0,200.0,120.0,99.0,218.0,20.0,182.0,95.0,0.0,10.0,13.0,21.0,24.0,29.0,34.0,38.0,40.0,57.0,60.0,81.0
244.0,62.0,60.0,133.0,82.0,30.0,169.0,64.0,3.0,9.0,11.0,21.0,24.0,30.0,34.0,37.0,40.0,52.0,61.0,81.0
53.0,2408.0,30.0,22.0,2609.0,30.0,32.0,32.0,1.0,9.0,18.0,21.0,25.0,30.0,33.0,36.0,41.0,57.0,79.0,81.0
253.0,110.0,60.0,160.0,133.0,30.0,195.0,80.0,3.0,10.0,11.0,21.0,25.0,31.0,34.0,36.0,40.0,43.0,73.0,81.0
187.0,89.0,60.0,82.0,111.0,10.0,182.0,104.0,1.0,9.0,13.0,21.0,24.0,31.0,34.0,36.0,40.0,52.0,61.0,81.0
74.0,3120.0,30.0,23.0,3120.0,10.0,78.0,58.0,1.0,9.0,16.0,21.0,24.0,28.0,34.0,39.0,41.0,43.0,77.0,81.0
492.0,206.0,120.0,275.0,215.0,30.0,280.0,155.0,3.0,9.0,13.0,21.0,24.0,30.0,33.0,36.0,40.0,59.0,73.0,81.0
222.0,64.0,120.0,103.0,72.0,30.0,176.0,188.0,2.0,9.0,11.0,21.0,25.0,30.0,34.0,37.0,40.0,59.0,64.0,81.0
151.0,124.0,120.0,67.0,165.0,10.0,136.0,105.0,2.0,9.0,13.0,22.0,25.0,30.0,33.0,37.0,40.0,57.0,60.0,81.0
219.0,127.0,30.0,149.0,156.0,20.0,170.0,149.0,1.0,9.0,13.0,21.0,24.0,29.0,34.0,38.0,40.0,59.0,67.0,81.0
85.0,63.0,120.0,37.0,76.0,30.0,117.0,40.0,2.0,9.0,13.0,21.0,25.0,28.0,34.0,37.0,40.0,43.0,60.0,81.0
106.0,128.0,60.0,59.0,169.0,30.0,72.0,71.0,2.0,10.0,13.0,22.0,24.0,28.0,34.0,37.0,40.0,47.0,61.0,81.0
71.0,11.0,30.0,45.0,14.0,30.0,110.0,12.0,5.0,9.0,12.0,21.0,24.0,28.0,33.0,36.0,40.0,59.0,77.0,82.0
267.0,213.0,30.0,174.0,266.0,30.0,270.0,180.0,2.0,10.0,13.0,22.0,24.0,29.0,34.0,39.0,40.0,55.0,79.0,81.0
159.0,76.0,60.0,55.0,109.0,30.0,112.0,123.0,2.0,10.0,11.0,20.0,24.0,28.0,34.0,35.0,40.0,52.0,61.0,81.0
340.0,274.0,120.0,240.0,293.0,30.0,200.0,182.0,2.0,10.0,13.0,23.0,25.0,29.0,34.0,37.0,40.0,56.0,77.0,81.0
72.0,36.0,120.0,41.0,43.0,20.0,32.0,12.0,0.0,10.0,14.0,22.0,24.0,28.0,34.0,39.0,40.0,57.0,79.0,82.0
190.0,92.0,60.0,172.0,99.0,20.0,195.0,90.0,2.0,10.0,11.0,22.0,24.0,30.0,34.0,38.0,40.0,57.0,64.0,81.0
158.0,138.0,60.0,107.0,162.0,10.0,130.0,84.0,2.0,10.0,13.0,22.0,25.0,29.0,34.0,38.0,40.0,43.0,60.0,81.0
243.0,100.0,60.0,173.0,116.0,10.0,247.0,162.0,3.0,9.0,13.0,21.0,24.0,28.0,33.0,37.0,40.0,59.0,74.0,81.0
232.0,3120.0,120.0,177.0,3380.0,20.0,0.0,0.0,2.0,9.0,16.0,21.0,25.0,27.0,34.0,39.0,41.0,57.0,61.0,81.0
163.0,68.0,30.0,129.0,88.0,10.0,112.0,85.0,2.0,10.0,11.0,22.0,24.0,29.0,34.0,37.0,40.0,43.0,75.0,81.0
392.0,140.0,120.0,156.0,172.0,20.0,232.0,140.0,3.0,9.0,13.0,21.0,24.0,28.0,34.0,37.0,40.0,52.0,79.0,81.0
249.0,144.0,120.0,106.0,177.0,20.0,260.0,201.0,3.0,9.0,13.0,21.0,24.0,28.0,34.0,36.0,40.0,52.0,79.0,81.0
92.0,3120.0,120.0,39.0,3380.0,20.0,78.0,35.0,1.0,9.0,16.0,21.0,25.0,28.0,33.0,36.0,41.0,52.0,60.0,81.0
188.0,74.0,60.0,79.0,86.0,10.0,200.0,108.0,3.0,9.0,11.0,21.0,25.0,29.0,33.0,39.0,40.0,42.0,79.0,81.0
118.0,85.0,120.0,82.0,105.0,10.0,80.0,144.0,0.0,10.0,11.0,22.0,25.0,29.0,34.0,37.0,40.0,42.0,61.0,81.0
188.0,56.0,60.0,108.0,64.0,20.0,234.0,105.0,3.0,9.0,11.0,21.0,24.0,30.0,33.0,36.0,40.0,42.0,77.0,81.0
188.0,53.0,120.0,91.0,64.0,20.0,200.0,162.0,2.0,9.0,11.0,22.0,25.0,29.0,33.0,38.0,40.0,57.0,60.0,81.0
95.0,26.0,120.0,49.0,29.0,30.0,91.0,28.0,0.0,9.0,11.0,21.0,25.0,29.0,33.0,38.0,40.0,47.0,72.0,81.0
177.0,101.0,120.0,64.0,112.0,20.0,143.0,95.0,0.0,10.0,11.0,22.0,25.0,29.0,33.0,38.0,40.0,52.0,61.0,81.0
95.0,15.0,60.0,40.0,23.0,30.0,0.0,0.0,2.0,9.0,12.0,21.0,25.0,27.0,33.0,39.0,40.0,43.0,77.0,81.0
117.0,2340.0,120.0,74.0,3120.0,30.0,117.0,32.0,6.0,9.0,16.0,21.0,25.0,28.0,34.0,36.0,41.0,42.0,72.0,81.0
116.0,31.0,120.0,39.0,38.0,30.0,80.0,45.0,3.0,9.0,11.0,21.0,24.0,31.0,34.0,39.0,40.0,43.0,77.0,81.0
274.0,2600.0,120.0,123.0,4160.0,10.0,273.0,78.0,0.0,9.0,16.0,21.0,25.0,29.0,34.0,37.0,41.0,45.0,77.0,82.0
205.0,167.0,120.0,61.0,237.0,10.0,182.0,110.0,2.0,10.0,13.0,22.0,24.0,29.0,34.0,38.0,40.0,52.0,61.0,81.0
165.0,5040.0,30.0,114.0,5040.0,10.0,0.0,0.0,2.0,10.0,16.0,21.0,25.0,31.0,33.0,39.0,41.0,54.0,60.0,81.0
115.0,4.0,120.0,59.0,8.0,10.0,0.0,0.0,8.0,9.0,19.0,21.0,25.0,27.0,34.0,36.0,40.0,52.0,60.0,81.0
148.0,31.0,60.0,107.0,42.0,30.0,0.0,0.0,2.0,9.0,11.0,21.0,25.0,30.0,33.0,37.0,40.0,57.0,79.0,81.0
105.0,6.0,30.0,59.0,6.0,10.0,0.0,0.0,8.0,9.0,19.0,21.0,25.0,27.0,34.0,36.0,40.0,52.0,60.0,81.0
159.0,2600.0,30.0,61.0,4160.0,20.0,112.0,72.0,4.0,9.0,16.0,22.0,25.0,30.0,33.0,37.0,41.0,43.0,70.0,81.0
96.0,32.0,120.0,87.0,35.0,30.0,0.0,0.0,1.0,9.0,11.0,21.0,25.0,29.0,34.0,36.0,40.0,59.0,65.0,81.0
125.0,68.0,60.0,51.0,80.0,20.0,110.0,97.0,2.0,9.0,13.0,22.0,25.0,30.0,34.0,38.0,40.0,43.0,60.0,81.0
466.0,274.0,120.0,351.0,310.0,10.0,312.0,188.0,3.0,10.0,13.0,21.0,25.0,31.0,34.0,37.0,40.0,57.0,76.0,81.0
257.0,2600.0,120.0,109.0,4160.0,10.0,234.0,65.0,2.0,9.0,16.0,21.0,26.0,28.0,34.0,38.0,41.0,42.0,78.0,82.0
112.0,259.0,30.0,61.0,346.0,20.0,60.0,58.0,0.0,9.0,18.0,22.0,25.0,30.0,34.0,39.0,40.0,42.0,61.0,82.0
222.0,98.0,30.0,93.0,112.0,10.0,160.0,150.0,2.0,10.0,11.0,23.0,24.0,29.0,34.0,38.0,40.0,47.0,79.0,81.0
130.0,50.0,120.0,93.0,62.0,10.0,88.0,70.0,3.0,9.0,11.0,21.0,25.0,31.0,34.0,37.0,40.0,42.0,61.0,81.0
205.0,3120.0,60.0,69.0,4160.0,30.0,182.0,72.0,4.0,9.0,16.0,22.0,25.0,30.0,33.0,37.0,41.0,43.0,70.0,81.0
112.0,20.0,30.0,59.0,25.0,10.0,0.0,0.0,2.0,9.0,11.0,21.0,25.0,28.0,34.0,37.0,40.0,42.0,72.0,82.0
207.0,77.0,120.0,110.0,102.0,10.0,0.0,0.0,2.0,9.0,11.0,21.0,24.0,28.0,33.0,37.0,40.0,42.0,79.0,81.0
224.0,85.0,120.0,88.0,105.0,20.0,136.0,88.0,3.0,10.0,11.0,21.0,24.0,28.0,34.0,37.0,40.0,57.0,60.0,81.0
165.0,24.0,60.0,89.0,32.0,30.0,110.0,40.0,0.0,9.0,12.0,21.0,24.0,29.0,34.0,38.0,40.0,43.0,79.0,81.0
98.0,82.0,120.0,99.0,95.0,10.0,80.0,60.0,3.0,9.0,13.0,21.0,24.0,29.0,33.0,36.0,40.0,59.0,65.0,81.0
213.0,100.0,30.0,109.0,114.0,10.0,144.0,130.0,2.0,9.0,13.0,21.0,24.0,29.0,34.0,36.0,40.0,57.0,60.0,81.0
87.0,85.0,30.0,39.0,130.0,20.0,56.0,36.0,2.0,10.0,13.0,21.0,25.0,30.0,33.0,39.0,40.0,57.0,61.0,81.0
179.0,23.0,60.0,168.0,25.0,10.0,100.0,44.0,3.0,10.0,16.0,21.0,24.0,29.0,33.0,37.0,40.0,59.0,78.0,81.0
194.0,97.0,120.0,106.0,114.0,30.0,260.0,96.0,2.0,9.0,13.0,22.0,24.0,30.0,34.0,38.0,40.0,57.0,60.0,81.0
161.0,3780.0,60.0,124.0,6720.0,30.0,0.0,0.0,2.0,10.0,16.0,22.0,26.0,28.0,34.0,36.0,41.0,43.0,75.0,82.0
136.0,147.0,60.0,80.0,167.0,20.0,169.0,85.0,2.0,10.0,13.0,22.0,24.0,28.0,34.0,38.0,40.0,43.0,79.0,81.0
89.0,45.0,120.0,31.0,68.0,10.0,70.0,36.0,0.0,9.0,13.0,21.0,24.0,28.0,34.0,38.0,40.0,57.0,61.0,81.0
274.0,87.0,30.0,170.0,109.0,20.0,221.0,105.0,2.0,10.0,11.0,21.0,25.0,30.0,34.0,37.0,40.0,53.0,61.0,81.0
125.0,80.0,60.0,49.0,106.0,30.0,110.0,80.0,3.0,9.0,13.0,21.0,24.0,29.0,34.0,37.0,40.0,59.0,61.0,81.0
257.0,122.0,120.0,84.0,150.0,20.0,270.0,221.0,2.0,10.0,11.0,20.0,24.0,29.0,34.0,35.0,40.0,59.0,72.0,81.0
88.0,60.0,60.0,46.0,71.0,20.0,117.0,60.0,2.0,10.0,11.0,20.0,24.0,29.0,34.0,35.0,40.0,43.0,60.0,81.0
104.0,117.0,60.0,59.0,142.0,10.0,117.0,71.0,2.0,10.0,13.0,22.0,24.0,29.0,34.0,37.0,40.0,43.0,60.0,81.0
172.0,122.0,120.0,107.0,142.0,30.0,143.0,64.0,2.0,10.0,13.0,22.0,24.0,30.0,34.0,38.0,40.0,59.0,61.0,81.0
161.0,106.0,30.0,64.0,112.0,10.0,208.0,136.0,2.0,10.0,11.0,22.0,24.0,31.0,34.0,38.0,40.0,42.0,77.0,81.0
158.0,19.0,30.0,66.0,31.0,20.0,136.0,76.0,0.0,10.0,16.0,21.0,24.0,28.0,34.0,38.0,40.0,57.0,60.0,81.0
236.0,59.0,120.0,122.0,80.0,10.0,240.0,124.0,3.0,9.0,11.0,21.0,24.0,29.0,34.0,38.0,40.0,57.0,75.0,81.0
215.0,76.0,60.0,68.0,90.0,20.0,150.0,117.0,2.0,10.0,11.0,22.0,25.0,28.0,34.0,38.0,40.0,52.0,61.0,81.0
101.0,135.0,60.0,62.0,162.0,20.0,0.0,0.0,0.0,9.0,18.0,21.0,25.0,27.0,33.0,36.0,40.0,52.0,60.0,82.0
233.0,108.0,30.0,147.0,112.0,30.0,136.0,130.0,2.0,10.0,11.0,22.0,25.0,28.0,34.0,37.0,40.0,52.0,61.0,81.0
125.0,38.0,120.0,95.0,42.0,30.0,0.0,0.0,2.0,9.0,11.0,21.0,25.0,31.0,33.0,36.0,40.0,48.0,79.0,82.0
88.0,3120.0,30.0,41.0,3120.0,10.0,0.0,0.0,0.0,9.0,16.0,21.0,25.0,29.0,34.0,36.0,41.0,54.0,72.0,81.0
111.0,117.0,60.0,65.0,167.0,30.0,80.0,84.0,2.0,10.0,13.0,20.0,24.0,30.0,34.0,35.0,40.0,43.0,60.0,81.0
164.0,119.0,120.0,88.0,132.0,20.0,208.0,110.0,3.0,9.0,13.0,21.0,24.0,28.0,33.0,39.0,40.0,59.0,66.0,81.0
201.0,92.0,120.0,105.0,105.0,30.0,128.0,123.0,2.0,10.0,11.0,22.0,25.0,28.0,34.0,37.0,40.0,52.0,65.0,81.0
111.0,1286.0,30.0,41.0,2286.0,20.0,91.0,40.0,2.0,10.0,18.0,21.0,25.0,29.0,34.0,37.0,41.0,42.0,72.0,81.0
277.0,108.0,30.0,133.0,122.0,30.0,136.0,162.0,0.0,10.0,11.0,22.0,24.0,29.0,34.0,38.0,40.0,57.0,60.0,81.0
261.0,105.0,30.0,106.0,118.0,10.0,0.0,0.0,1.0,10.0,11.0,22.0,24.0,28.0,34.0,37.0,40.0,42.0,79.0,81.0
151.0,45.0,120.0,116.0,49.0,30.0,104.0,104.0,3.0,9.0,11.0,21.0,24.0,28.0,34.0,38.0,40.0,42.0,65.0,81.0
171.0,89.0,120.0,116.0,92.0,20.0,130.0,60.0,3.0,10.0,11.0,21.0,24.0,30.0,34.0,37.0,40.0,42.0,61.0,81.0
236.0,189.0,120.0,81.0,225.0,20.0,152.0,84.0,3.0,10.0,13.0,21.0,24.0,28.0,34.0,37.0,40.0,59.0,60.0,81.0
150.0,88.0,120.0,50.0,105.0,20.0,170.0,136.0,2.0,10.0,11.0,23.0,24.0,28.0,33.0,38.0,40.0,57.0,60.0,81.0
143.0,49.0,120.0,63.0,51.0,30.0,90.0,25.0,5.0,10.0,12.0,22.0,25.0,27.0,34.0,39.0,40.0,42.0,61.0,82.0
236.0,62.0,60.0,63.0,72.0,10.0,168.0,145.0,3.0,9.0,11.0,21.0,25.0,30.0,34.0,37.0,40.0,59.0,60.0,81.0
236.0,40.0,60.0,142.0,46.0,20.0,180.0,84.0,2.0,9.0,11.0,21.0,26.0,28.0,33.0,39.0,40.0,50.0,61.0,81.0
344.0,213.0,60.0,164.0,245.0,20.0,270.0,234.0,2.0,10.0,13.0,22.0,24.0,29.0,34.0,39.0,40.0,55.0,79.0,81.0
138.0,35.0,30.0,66.0,38.0,10.0,100.0,48.0,0.0,9.0,11.0,21.0,25.0,28.0,34.0,37.0,40.0,57.0,61.0,81.0
143.0,38.0,60.0,99.0,42.0,10.0,96.0,75.0,5.0,9.0,11.0,21.0,24.0,29.0,34.0,38.0,40.0,59.0,78.0,81.0
200.0,111.0,120.0,63.0,156.0,10.0,210.0,92.0,3.0,9.0,13.0,21.0,24.0,29.0,34.0,36.0,40.0,59.0,60.0,81.0
164.0,158.0,120.0,50.0,225.0,10.0,170.0,84.0,2.0,10.0,13.0,22.0,24.0,28.0,34.0,38.0,40.0,42.0,77.0,81.0
125.0,61.0,60.0,55.0,74.0,10.0,143.0,104.0,2.0,10.0,11.0,21.0,24.0,30.0,34.0,38.0,40.0,59.0,61.0,81.0
112.0,4200.0,30.0,74.0,5040.0,10.0,80.0,96.0,1.0,10.0,16.0,22.0,25.0,29.0,34.0,38.0,41.0,59.0,78.0,81.0
126.0,60.0,60.0,61.0,65.0,10.0,100.0,32.0,1.0,9.0,15.0,22.0,25.0,28.0,34.0,36.0,40.0,43.0,79.0,82.0
202.0,169.0,30.0,144.0,184.0,30.0,208.0,88.0,2.0,10.0,13.0,22.0,24.0,29.0,34.0,38.0,40.0,57.0,67.0,81.0
196.0,169.0,60.0,155.0,218.0,30.0,150.0,85.0,2.0,10.0,13.0,22.0,25.0,30.0,34.0,37.0,40.0,55.0,65.0,81.0
210.0,137.0,30.0,122.0,149.0,10.0,195.0,117.0,2.0,9.0,13.0,22.0,25.0,28.0,34.0,37.0,40.0,43.0,72.0,81.0
275.0,144.0,120.0,131.0,165.0,30.0,208.0,201.0,3.0,9.0,13.0,21.0,24.0,28.0,34.0,36.0,40.0,52.0,79.0,81.0
88.0,72.0,60.0,42.0,84.0,10.0,90.0,48.0,2.0,10.0,11.0,20.0,24.0,29.0,34.0,35.0,40.0,43.0,60.0,81.0
92.0,35.0,30.0,34.0,43.0,30.0,117.0,40.0,2.0,9.0,11.0,21.0,24.0,30.0,34.0,37.0,40.0,43.0,60.0,81.0
104.0,67.0,30.0,56.0,74.0,10.0,104.0,71.0,2.0,10.0,11.0,22.0,25.0,30.0,34.0,37.0,40.0,43.0,77.0,81.0
199.0,210.0,60.0,101.0,245.0,20.0,286.0,145.0,2.0,10.0,13.0,22.0,24.0,29.0,34.0,38.0,40.0,42.0,79.0,81.0
263.0,105.0,60.0,107.0,122.0,10.0,160.0,120.0,2.0,10.0,11.0,22.0,24.0,28.0,34.0,38.0,40.0,42.0,77.0,81.0
111.0,4200.0,60.0,41.0,5460.0,10.0,56.0,35.0,4.0,10.0,16.0,22.0,25.0,28.0,33.0,37.0,41.0,42.0,72.0,81.0
92.0,31.0,30.0,37.0,38.0,10.0,72.0,50.0,2.0,9.0,11.0,21.0,24.0,30.0,34.0,37.0,40.0,43.0,60.0,81.0
44.0,443.0,30.0,22.0,590.0,20.0,50.0,32.0,1.0,10.0,18.0,22.0,24.0,28.0,33.0,37.0,40.0,59.0,77.0,82.0
221.0,2340.0,30.0,125.0,3380.0,30.0,0.0,0.0,2.0,9.0,16.0,21.0,25.0,31.0,34.0,37.0,41.0,42.0,79.0,81.0
272.0,131.0,120.0,95.0,140.0,30.0,220.0,135.0,1.0,10.0,11.0,21.0,25.0,30.0,34.0,37.0,40.0,42.0,79.0,81.0
145.0,108.0,120.0,69.0,116.0,20.0,156.0,70.0,3.0,9.0,13.0,21.0,25.0,28.0,34.0,37.0,40.0,59.0,61.0,81.0
200.0,189.0,120.0,63.0,266.0,10.0,210.0,108.0,2.0,10.0,13.0,22.0,24.0,30.0,34.0,38.0,40.0,59.0,60.0,81.0
112.0,121.0,30.0,67.0,155.0,20.0,88.0,72.0,1.0,10.0,13.0,20.0,24.0,29.0,33.0,35.0,40.0,57.0,61.0,81.0
82.0,30.0,30.0,31.0,34.0,10.0,91.0,58.0,3.0,9.0,11.0,21.0,25.0,29.0,34.0,37.0,40.0,57.0,61.0,81.0
56.0,100.0,120.0,23.0,100.0,30.0,0.0,0.0,1.0,10.0,15.0,22.0,25.0,28.0,33.0,37.0,40.0,59.0,77.0,82.0
207.0,5040.0,120.0,78.0,5460.0,20.0,214.0,165.0,0.0,10.0,16.0,21.0,25.0,29.0,34.0,38.0,41.0,42.0,79.0,81.0
82.0,26.0,60.0,60.0,53.0,20.0,56.0,32.0,0.0,9.0,11.0,22.0,24.0,30.0,34.0,38.0,40.0,43.0,60.0,81.0
97.0,61.0,30.0,57.0,74.0,30.0,120.0,70.0,2.0,10.0,11.0,20.0,24.0,29.0,34.0,35.0,40.0,43.0,60.0,81.0
71.0,13.0,60.0,45.0,15.0,20.0,68.0,12.0,5.0,9.0,12.0,21.0,24.0,28.0,33.0,36.0,40.0,59.0,77.0,81.0
225.0,169.0,30.0,159.0,184.0,10.0,150.0,68.0,2.0,10.0,13.0,22.0,25.0,30.0,34.0,37.0,40.0,55.0,65.0,81.0
177.0,110.0,30.0,82.0,118.0,10.0,208.0,175.0,2.0,10.0,11.0,22.0,25.0,29.0,34.0,38.0,40.0,42.0,77.0,81.0
214.0,54.0,60.0,101.0,72.0,30.0,160.0,110.0,2.0,9.0,11.0,22.0,25.0,29.0,34.0,38.0,40.0,43.0,72.0,81.0
313.0,114.0,30.0,125.0,155.0,20.0,0.0,0.0,2.0,10.0,11.0,21.0,26.0,27.0,33.0,36.0,40.0,53.0,79.0,81.0
80.0,179.0,30.0,29.0,233.0,30.0,78.0,24.0,0.0,9.0,18.0,22.0,25.0,27.0,34.0,39.0,40.0,52.0,75.0,82.0
106.0,54.0,30.0,34.0,78.0,20.0,117.0,60.0,2.0,10.0,11.0,22.0,24.0,29.0,34.0,38.0,40.0,42.0,61.0,81.0
121.0,96.0,60.0,63.0,98.0,20.0,80.0,48.0,2.0,9.0,13.0,21.0,25.0,29.0,34.0,37.0,40.0,43.0,60.0,81.0
236.0,252.0,60.0,81.0,337.0,30.0,273.0,108.0,2.0,10.0,13.0,22.0,24.0,30.0,34.0,38.0,40.0,59.0,60.0,81.0
112.0,3120.0,30.0,63.0,4160.0,20.0,60.0,45.0,6.0,9.0,16.0,21.0,25.0,27.0,34.0,36.0,41.0,42.0,72.0,82.0
103.0,25.0,30.0,38.0,29.0,10.0,70.0,32.0,3.0,9.0,11.0,23.0,24.0,30.0,34.0,38.0,40.0,43.0,77.0,81.0
124.0,2600.0,30.0,68.0,3380.0,30.0,0.0,0.0,0.0,9.0,16.0,21.0,25.0,28.0,33.0,36.0,41.0,42.0,72.0,82.0
224.0,227.0,30.0,80.0,254.0,30.0,160.0,175.0,2.0,10.0,13.0,21.0,25.0,28.0,34.0,39.0,40.0,42.0,77.0,81.0
155.0,85.0,120.0,114.0,98.0,30.0,0.0,0.0,2.0,9.0,13.0,21.0,25.0,27.0,33.0,39.0,40.0,42.0,61.0,81.0
132.0,38.0,60.0,81.0,45.0,10.0,143.0,84.0,2.0,9.0,11.0,22.0,24.0,28.0,34.0,37.0,40.0,52.0,61.0,81.0
210.0,62.0,30.0,138.0,66.0,30.0,120.0,110.0,2.0,9.0,11.0,23.0,24.0,31.0,34.0,37.0,40.0,42.0,77.0,81.0
157.0,83.0,60.0,59.0,118.0,30.0,160.0,143.0,2.0,10.0,11.0,22.0,25.0,28.0,34.0,37.0,40.0,57.0,60.0,81.0
227.0,99.0,120.0,127.0,112.0,30.0,152.0,182.0,2.0,10.0,11.0,23.0,25.0,29.0,34.0,37.0,40.0,57.0,60.0,81.0
45.0,2600.0,30.0,25.0,4160.0,20.0,0.0,0.0,1.0,9.0,16.0,21.0,25.0,28.0,33.0,36.0,41.0,57.0,79.0,81.0
105.0,38.0,60.0,47.0,43.0,20.0,72.0,44.0,2.0,9.0,11.0,21.0,24.0,29.0,34.0,38.0,40.0,57.0,61.0,81.0
139.0,108.0,60.0,78.0,116.0,10.0,140.0,60.0,3.0,9.0,13.0,21.0,24.0,30.0,34.0,38.0,40.0,59.0,61.0,81.0
146.0,68.0,30.0,55.0,76.0,10.0,120.0,60.0,3.0,10.0,11.0,23.0,24.0,30.0,34.0,38.0,40.0,59.0,61.0,81.0
327.0,158.0,60.0,175.0,198.0,30.0,260.0,92.0,3.0,9.0,13.0,21.0,25.0,27.0,34.0,37.0,40.0,42.0,78.0,81.0
165.0,127.0,60.0,74.0,144.0,10.0,170.0,80.0,2.0,9.0,13.0,22.0,24.0,29.0,34.0,38.0,40.0,57.0,60.0,81.0
89.0,2600.0,120.0,38.0,3120.0,30.0,64.0,52.0,2.0,9.0,16.0,21.0,24.0,30.0,33.0,37.0,41.0,43.0,77.0,81.0
234.0,81.0,30.0,193.0,90.0,10.0,136.0,105.0,2.0,10.0,11.0,21.0,24.0,29.0,34.0,37.0,40.0,55.0,65.0,81.0
110.0,48.0,30.0,59.0,62.0,20.0,100.0,78.0,2.0,9.0,11.0,22.0,24.0,28.0,34.0,38.0,40.0,43.0,60.0,81.0
117.0,40.0,120.0,66.0,45.0,30.0,80.0,84.0,3.0,9.0,11.0,21.0,25.0,30.0,34.0,37.0,40.0,43.0,60.0,81.0
44.0,369.0,120.0,22.0,443.0,30.0,40.0,32.0,1.0,10.0,18.0,22.0,24.0,28.0,33.0,37.0,40.0,59.0,77.0,81.0
89.0,22.0,60.0,42.0,32.0,30.0,48.0,52.0,2.0,9.0,11.0,22.0,24.0,28.0,33.0,37.0,40.0,42.0,72.0,81.0
135.0,4200.0,120.0,89.0,5460.0,20.0,0.0,0.0,2.0,10.0,16.0,21.0,25.0,30.0,33.0,39.0,41.0,58.0,61.0,81.0
237.0,83.0,120.0,105.0,99.0,20.0,128.0,76.0,2.0,10.0,11.0,22.0,25.0,28.0,34.0,37.0,40.0,52.0,65.0,81.0
100.0,47.0,30.0,63.0,83.0,10.0,56.0,45.0,2.0,9.0,13.0,22.0,25.0,29.0,34.0,38.0,40.0,43.0,60.0,81.0
224.0,133.0,60.0,88.0,172.0,30.0,208.0,84.0,3.0,9.0,13.0,21.0,24.0,28.0,34.0,37.0,40.0,57.0,60.0,81.0
125.0,52.0,30.0,51.0,84.0,20.0,104.0,45.0,2.0,10.0,11.0,22.0,24.0,29.0,34.0,38.0,40.0,43.0,60.0,81.0
295.0,284.0,120.0,128.0,322.0,20.0,325.0,160.0,2.0,10.0,13.0,22.0,25.0,30.0,34.0,38.0,40.0,57.0,72.0,81.0
59.0,114.0,120.0,37.0,123.0,30.0,168.0,65.0,1.0,9.0,13.0,22.0,24.0,27.0,33.0,36.0,40.0,42.0,79.0,81.0
283.0,220.0,30.0,95.0,266.0,10.0,192.0,200.0,2.0,10.0,13.0,22.0,24.0,29.0,34.0,38.0,40.0,52.0,79.0,81.0
90.0,1850.0,60.0,48.0,2220.0,20.0,0.0,0.0,2.0,9.0,17.0,21.0,25.0,27.0,34.0,36.0,41.0,42.0,72.0,82.0
200.0,111.0,30.0,71.0,128.0,10.0,168.0,125.0,2.0,9.0,13.0,23.0,25.0,28.0,34.0,38.0,40.0,59.0,60.0,81.0
178.0,79.0,120.0,64.0,112.0,10.0,160.0,84.0,2.0,10.0,11.0,22.0,24.0,31.0,34.0,38.0,40.0,42.0,77.0,81.0
268.0,83.0,30.0,130.0,100.0,10.0,0.0,0.0,2.0,10.0,15.0,21.0,25.0,31.0,33.0,39.0,40.0,57.0,60.0,81.0
124.0,40.0,60.0,69.0,52.0,30.0,90.0,60.0,1.0,9.0,11.0,21.0,25.0,30.0,34.0,37.0,40.0,43.0,60.0,81.0
143.0,2600.0,120.0,92.0,3120.0,30.0,0.0,0.0,2.0,9.0,16.0,21.0,24.0,28.0,33.0,36.0,41.0,43.0,60.0,81.0
119.0,65.0,60.0,64.0,88.0,30.0,120.0,70.0,2.0,10.0,11.0,23.0,25.0,30.0,34.0,38.0,40.0,43.0,60.0,81.0
105.0,32.0,60.0,50.0,45.0,30.0,90.0,55.0,2.0,9.0,11.0,21.0,24.0,29.0,34.0,38.0,40.0,57.0,61.0,81.0
206.0,184.0,60.0,59.0,218.0,10.0,136.0,125.0,2.0,10.0,13.0,22.0,24.0,29.0,34.0,38.0,40.0,57.0,60.0,81.0
234.0,126.0,60.0,78.0,168.0,30.0,260.0,104.0,2.0,10.0,11.0,22.0,25.0,30.0,34.0,38.0,40.0,59.0,60.0,81.0
76.0,1850.0,120.0,27.0,2405.0,20.0,0.0,0.0,0.0,9.0,17.0,21.0,25.0,28.0,33.0,37.0,41.0,52.0,60.0,81.0
252.0,202.0,30.0,149.0,225.0,10.0,192.0,140.0,2.0,10.0,13.0,22.0,25.0,30.0,34.0,38.0,40.0,57.0,72.0,81.0
240.0,108.0,120.0,145.0,132.0,10.0,221.0,149.0,3.0,9.0,13.0,21.0,25.0,29.0,34.0,37.0,40.0,53.0,61.0,81.0
124.0,34.0,30.0,69.0,38.0,10.0,72.0,55.0,3.0,9.0,11.0,21.0,24.0,28.0,34.0,37.0,40.0,57.0,61.0,81.0
244.0,3120.0,120.0,115.0,3380.0,20.0,0.0,0.0,2.0,9.0,16.0,21.0,25.0,31.0,34.0,37.0,41.0,42.0,79.0,81.0
188.0,64.0,60.0,97.0,72.0,10.0,200.0,100.0,2.0,9.0,11.0,22.0,25.0,29.0,33.0,38.0,40.0,57.0,60.0,81.0
230.0,74.0,30.0,111.0,99.0,20.0,190.0,169.0,2.0,9.0,11.0,21.0,25.0,30.0,33.0,37.0,40.0,59.0,60.0,82.0
123.0,130.0,30.0,65.0,155.0,30.0,130.0,52.0,2.0,10.0,13.0,20.0,24.0,30.0,34.0,35.0,40.0,43.0,60.0,81.0
289.0,225.0,30.0,141.0,245.0,10.0,220.0,120.0,3.0,10.0,13.0,21.0,25.0,30.0,34.0,38.0,40.0,57.0,73.0,81.0
280.0,51.0,30.0,120.0,72.0,20.0,0.0,0.0,2.0,9.0,11.0,21.0,24.0,29.0,33.0,36.0,40.0,42.0,77.0,81.0
234.0,90.0,60.0,193.0,112.0,30.0,170.0,105.0,2.0,10.0,11.0,21.0,24.0,29.0,34.0,37.0,40.0,55.0,65.0,81.0
103.0,63.0,120.0,52.0,71.0,30.0,56.0,65.0,2.0,9.0,13.0,21.0,25.0,27.0,33.0,36.0,40.0,57.0,61.0,81.0
174.0,78.0,120.0,93.0,97.0,10.0,130.0,78.0,2.0,10.0,11.0,22.0,24.0,29.0,34.0,38.0,40.0,43.0,60.0,81.0
200.0,126.0,120.0,71.0,140.0,20.0,325.0,130.0,3.0,10.0,11.0,21.0,24.0,30.0,33.0,37.0,40.0,42.0,79.0,81.0
151.0,130.0,30.0,109.0,132.0,10.0,221.0,143.0,0.0,9.0,13.0,22.0,25.0,29.0,34.0,39.0,40.0,43.0,73.0,81.0
200.0,105.0,120.0,109.0,118.0,20.0,240.0,182.0,2.0,10.0,11.0,22.0,24.0,29.0,34.0,38.0,40.0,55.0,77.0,81.0
204.0,108.0,60.0,72.0,140.0,30.0,208.0,92.0,2.0,10.0,11.0,22.0,25.0,29.0,34.0,39.0,40.0,42.0,77.0,81.0
51.0,53.0,60.0,31.0,57.0,10.0,45.0,24.0,2.0,9.0,19.0,21.0,25.0,30.0,34.0,36.0,40.0,59.0,77.0,82.0
313.0,87.0,120.0,167.0,109.0,20.0,160.0,120.0,2.0,10.0,11.0,23.0,24.0,28.0,34.0,38.0,40.0,42.0,77.0,81.0
106.0,60.0,60.0,34.0,74.0,10.0,72.0,65.0,2.0,10.0,11.0,23.0,24.0,29.0,34.0,38.0,40.0,42.0,61.0,81.0
63.0,24.0,30.0,37.0,28.0,30.0,0.0,0.0,2.0,9.0,11.0,21.0,25.0,32.0,34.0,37.0,40.0,59.0,77.0,82.0
191.0,211.0,60.0,135.0,225.0,10.0,170.0,100.0,2.0,10.0,13.0,22.0,24.0,30.0,34.0,37.0,40.0,59.0,62.0,81.0
166.0,108.0,60.0,87.0,132.0,30.0,143.0,48.0,3.0,9.0,13.0,21.0,25.0,29.0,34.0,38.0,40.0,42.0,61.0,81.0
187.0,109.0,30.0,99.0,146.0,20.0,136.0,76.0,2.0,10.0,11.0,21.0,25.0,29.0,33.0,39.0,40.0,58.0,60.0,81.0
245.0,189.0,30.0,175.0,225.0,30.0,210.0,140.0,2.0,10.0,13.0,22.0,25.0,28.0,33.0,38.0,40.0,57.0,72.0,81.0
94.0,52.0,60.0,51.0,84.0,30.0,64.0,58.0,2.0,10.0,11.0,22.0,24.0,29.0,34.0,38.0,40.0,43.0,60.0,81.0
137.0,40.0,120.0,112.0,46.0,30.0,169.0,64.0,3.0,9.0,11.0,21.0,24.0,28.0,34.0,38.0,40.0,42.0,65.0,81.0
153.0,31.0,60.0,81.0,43.0,30.0,91.0,80.0,0.0,9.0,11.0,22.0,25.0,29.0,34.0,37.0,40.0,42.0,72.0,81.0
173.0,54.0,60.0,108.0,64.0,30.0,0.0,0.0,1.0,9.0,11.0,21.0,25.0,28.0,33.0,37.0,40.0,42.0,65.0,81.0
283.0,72.0,30.0,84.0,88.0,30.0,416.0,136.0,3.0,9.0,11.0,21.0,24.0,28.0,33.0,37.0,40.0,59.0,72.0,81.0
215.0,84.0,120.0,71.0,118.0,10.0,182.0,117.0,0.0,10.0,11.0,22.0,24.0,30.0,34.0,37.0,40.0,52.0,61.0,82.0
103.0,50.0,30.0,38.0,58.0,10.0,70.0,28.0,3.0,9.0,13.0,21.0,24.0,30.0,34.0,37.0,40.0,57.0,61.0,81.0
146.0,103.0,60.0,106.0,106.0,10.0,140.0,76.0,0.0,9.0,13.0,21.0,25.0,29.0,34.0,37.0,40.0,57.0,62.0,81.0
182.0,56.0,30.0,81.0,66.0,30.0,250.0,160.0,0.0,9.0,11.0,22.0,25.0,28.0,33.0,37.0,40.0,59.0,60.0,81.0
118.0,45.0,120.0,53.0,65.0,20.0,56.0,22.0,0.0,9.0,15.0,22.0,25.0,28.0,34.0,37.0,40.0,57.0,61.0,82.0
140.0,36.0,30.0,64.0,42.0,10.0,60.0,70.0,2.0,9.0,11.0,21.0,25.0,31.0,33.0,36.0,40.0,59.0,61.0,82.0
149.0,119.0,30.0,83.0,128.0,10.0,208.0,143.0,3.0,9.0,13.0,21.0,24.0,28.0,33.0,39.0,40.0,59.0,66.0,81.0
355.0,145.0,30.0,288.0,165.0,30.0,230.0,165.0,0.0,9.0,13.0,23.0,24.0,29.0,34.0,38.0,40.0,57.0,76.0,81.0
82.0,25.0,60.0,38.0,29.0,20.0,91.0,40.0,0.0,9.0,11.0,20.0,24.0,30.0,34.0,35.0,40.0,57.0,61.0,81.0
125.0,96.0,60.0,44.0,99.0,20.0,88.0,64.0,0.0,9.0,13.0,23.0,24.0,29.0,33.0,37.0,40.0,59.0,61.0,81.0
332.0,77.0,120.0,185.0,80.0,30.0,190.0,120.0,3.0,9.0,11.0,21.0,24.0,29.0,34.0,38.0,40.0,52.0,65.0,81.0
92.0,43.0,30.0,36.0,57.0,30.0,78.0,32.0,3.0,9.0,13.0,21.0,24.0,28.0,33.0,37.0,40.0,52.0,60.0,81.0
156.0,109.0,60.0,126.0,116.0,10.0,110.0,56.0,3.0,9.0,13.0,21.0,24.0,29.0,33.0,37.0,40.0,47.0,65.0,81.0
118.0,58.0,120.0,49.0,71.0,20.0,72.0,48.0,0.0,10.0,11.0,23.0,24.0,29.0,34.0,38.0,40.0,43.0,60.0,81.0
95.0,60.0,120.0,44.0,74.0,20.0,60.0,65.0,0.0,10.0,11.0,22.0,25.0,29.0,33.0,37.0,40.0,42.0,61.0,81.0
173.0,139.0,30.0,118.0,153.0,10.0,112.0,85.0,2.0,10.0,13.0,22.0,24.0,30.0,34.0,38.0,40.0,57.0,67.0,81.0
125.0,175.0,120.0,49.0,183.0,20.0,286.0,130.0,2.0,10.0,11.0,22.0,24.0,29.0,34.0,38.0,40.0,43.0,79.0,81.0
250.0,45.0,60.0,85.0,60.0,20.0,210.0,149.0,2.0,9.0,15.0,21.0,25.0,28.0,33.0,39.0,40.0,42.0,79.0,81.0
161.0,100.0,60.0,69.0,108.0,10.0,150.0,80.0,0.0,10.0,15.0,22.0,25.0,28.0,34.0,38.0,40.0,57.0,60.0,82.0
153.0,74.0,120.0,75.0,94.0,10.0,143.0,71.0,2.0,10.0,11.0,23.0,25.0,28.0,34.0,37.0,40.0,43.0,60.0,81.0
157.0,43.0,30.0,105.0,49.0,10.0,104.0,80.0,2.0,9.0,11.0,22.0,25.0,29.0,34.0,38.0,40.0,42.0,61.0,81.0
138.0,42.0,30.0,62.0,46.0,30.0,80.0,78.0,0.0,9.0,11.0,21.0,25.0,28.0,34.0,37.0,40.0,57.0,61.0,81.0
189.0,200.0,30.0,150.0,237.0,20.0,180.0,149.0,2.0,10.0,13.0,22.0,25.0,30.0,34.0,38.0,40.0,57.0,60.0,81.0
103.0,45.0,60.0,61.0,48.0,10.0,120.0,90.0,1.0,9.0,11.0,22.0,25.0,28.0,34.0,37.0,40.0,59.0,78.0,81.0
236.0,105.0,120.0,71.0,146.0,10.0,247.0,214.0,0.0,10.0,11.0,21.0,24.0,28.0,34.0,38.0,40.0,59.0,60.0,81.0
184.0,55.0,120.0,149.0,66.0,10.0,88.0,75.0,3.0,9.0,11.0,21.0,24.0,31.0,34.0,36.0,40.0,43.0,69.0,81.0
125.0,163.0,60.0,44.0,169.0,20.0,96.0,64.0,3.0,10.0,13.0,21.0,25.0,28.0,33.0,38.0,40.0,59.0,61.0,81.0
136.0,48.0,60.0,45.0,62.0,30.0,143.0,52.0,2.0,9.0,11.0,21.0,25.0,28.0,34.0,37.0,40.0,43.0,79.0,81.0
196.0,91.0,30.0,129.0,109.0,30.0,112.0,110.0,2.0,10.0,11.0,22.0,24.0,29.0,34.0,37.0,40.0,43.0,75.0,81.0
235.0,64.0,30.0,129.0,88.0,20.0,0.0,0.0,6.0,9.0,11.0,21.0,24.0,28.0,34.0,39.0,40.0,59.0,60.0,81.0
130.0,96.0,30.0,63.0,103.0,30.0,80.0,78.0,1.0,9.0,13.0,21.0,25.0,30.0,34.0,37.0,40.0,43.0,60.0,81.0
245.0,112.0,120.0,95.0,137.0,20.0,230.0,156.0,2.0,10.0,11.0,21.0,25.0,30.0,34.0,38.0,40.0,57.0,72.0,81.0
267.0,110.0,120.0,173.0,112.0,30.0,160.0,95.0,3.0,10.0,11.0,21.0,25.0,29.0,34.0,38.0,40.0,53.0,61.0,81.0
257.0,154.0,30.0,87.0,177.0,30.0,184.0,201.0,3.0,9.0,13.0,21.0,25.0,29.0,34.0,38.0,40.0,59.0,60.0,81.0
75.0,3120.0,30.0,24.0,3120.0,10.0,117.0,130.0,1.0,9.0,16.0,21.0,25.0,29.0,34.0,38.0,41.0,43.0,60.0,81.0
130.0,76.0,60.0,75.0,103.0,30.0,0.0,0.0,1.0,9.0,13.0,21.0,25.0,27.0,33.0,36.0,40.0,42.0,61.0,81.0
269.0,11.0,60.0,101.0,14.0,20.0,210.0,149.0,1.0,9.0,16.0,21.0,25.0,28.0,33.0,37.0,40.0,42.0,79.0,81.0
118.0,85.0,30.0,75.0,88.0,10.0,130.0,187.0,0.0,10.0,11.0,22.0,25.0,29.0,34.0,37.0,40.0,42.0,61.0,81.0
132.0,83.0,30.0,80.0,98.0,10.0,130.0,68.0,2.0,9.0,13.0,22.0,24.0,29.0,34.0,38.0,40.0,43.0,79.0,81.0
339.0,56.0,120.0,184.0,66.0,20.0,176.0,144.0,2.0,9.0,11.0,22.0,25.0,29.0,34.0,37.0,40.0,58.0,60.0,81.0
183.0,127.0,30.0,83.0,172.0,20.0,160.0,136.0,2.0,9.0,13.0,21.0,25.0,28.0,33.0,39.0,40.0,57.0,60.0,81.0
392.0,119.0,120.0,236.0,139.0,20.0,152.0,84.0,3.0,9.0,13.0,21.0,24.0,30.0,34.0,37.0,40.0,57.0,72.0,81.0
138.0,22.0,60.0,83.0,28.0,30.0,0.0,0.0,3.0,9.0,12.0,21.0,25.0,27.0,33.0,36.0,40.0,43.0,77.0,81.0
122.0,2600.0,60.0,83.0,3120.0,20.0,0.0,0.0,1.0,9.0,16.0,21.0,25.0,28.0,33.0,39.0,41.0,58.0,61.0,82.0
116.0,65.0,120.0,86.0,71.0,30.0,0.0,0.0,2.0,10.0,11.0,21.0,25.0,28.0,34.0,39.0,40.0,59.0,65.0,82.0
92.0,72.0,30.0,41.0,94.0,20.0,90.0,65.0,2.0,10.0,11.0,23.0,24.0,29.0,34.0,38.0,40.0,43.0,60.0,81.0
97.0,26.0,30.0,49.0,40.0,20.0,64.0,32.0,0.0,9.0,11.0,21.0,24.0,30.0,34.0,38.0,40.0,43.0,77.0,81.0
102.0,2600.0,60.0,61.0,3380.0,10.0,56.0,40.0,2.0,9.0,16.0,21.0,25.0,27.0,34.0,36.0,41.0,57.0,79.0,81.0
82.0,25.0,120.0,31.0,32.0,20.0,90.0,71.0,2.0,9.0,11.0,22.0,24.0,29.0,34.0,38.0,40.0,57.0,61.0,81.0
93.0,18.0,60.0,69.0,23.0,30.0,90.0,20.0,8.0,9.0,12.0,21.0,25.0,28.0,33.0,36.0,40.0,58.0,79.0,81.0
125.0,48.0,120.0,57.0,56.0,20.0,56.0,32.0,2.0,10.0,11.0,21.0,24.0,31.0,34.0,38.0,40.0,57.0,61.0,82.0
131.0,184.0,60.0,69.0,198.0,10.0,120.0,68.0,2.0,10.0,13.0,22.0,24.0,29.0,34.0,38.0,40.0,43.0,79.0,81.0
176.0,221.0,120.0,95.0,293.0,10.0,120.0,80.0,2.0,10.0,13.0,22.0,24.0,28.0,34.0,37.0,40.0,42.0,77.0,81.0
173.0,166.0,120.0,59.0,237.0,10.0,170.0,100.0,2.0,10.0,13.0,22.0,24.0,29.0,34.0,38.0,40.0,57.0,60.0,81.0
100.0,89.0,30.0,60.0,155.0,30.0,91.0,36.0,2.0,10.0,13.0,22.0,24.0,29.0,34.0,38.0,40.0,43.0,60.0,81.0
163.0,92.0,30.0,72.0,127.0,20.0,136.0,96.0,3.0,10.0,11.0,21.0,25.0,30.0,34.0,38.0,40.0,57.0,60.0,81.0
60.0,46.0,120.0,36.0,57.0,20.0,52.0,20.0,2.0,9.0,13.0,21.0,25.0,31.0,33.0,36.0,40.0,57.0,79.0,81.0
76.0,252.0,120.0,43.0,403.0,10.0,0.0,0.0,1.0,9.0,18.0,21.0,25.0,28.0,33.0,36.0,40.0,57.0,79.0,82.0
132.0,2220.0,120.0,77.0,2405.0,20.0,0.0,0.0,2.0,9.0,17.0,21.0,25.0,27.0,33.0,36.0,41.0,42.0,61.0,81.0
104.0,2600.0,120.0,35.0,4160.0,10.0,143.0,130.0,1.0,9.0,16.0,21.0,25.0,28.0,34.0,37.0,41.0,42.0,61.0,82.0
328.0,75.0,30.0,76.0,133.0,20.0,0.0,0.0,1.0,10.0,15.0,22.0,25.0,27.0,34.0,39.0,40.0,52.0,79.0,81.0
193.0,81.0,30.0,119.0,97.0,10.0,120.0,95.0,2.0,10.0,11.0,23.0,25.0,28.0,34.0,37.0,40.0,52.0,65.0,81.0
236.0,126.0,120.0,63.0,133.0,30.0,210.0,165.0,2.0,10.0,11.0,22.0,24.0,29.0,34.0,38.0,40.0,59.0,60.0,81.0
171.0,94.0,30.0,81.0,133.0,20.0,136.0,104.0,2.0,10.0,11.0,22.0,25.0,29.0,34.0,38.0,40.0,57.0,60.0,81.0
214.0,60.0,120.0,85.0,65.0,20.0,273.0,115.0,2.0,9.0,15.0,21.0,25.0,28.0,33.0,39.0,40.0,42.0,79.0,81.0
163.0,52.0,30.0,49.0,62.0,30.0,0.0,0.0,2.0,9.0,11.0,21.0,25.0,29.0,33.0,37.0,40.0,57.0,60.0,82.0
95.0,43.0,30.0,47.0,48.0,10.0,104.0,84.0,2.0,9.0,11.0,22.0,25.0,29.0,34.0,37.0,40.0,42.0,61.0,81.0
197.0,33.0,120.0,86.0,38.0,30.0,0.0,0.0,2.0,9.0,12.0,21.0,24.0,27.0,34.0,39.0,40.0,42.0,79.0,81.0
182.0,74.0,120.0,81.0,99.0,10.0,200.0,160.0,0.0,9.0,11.0,22.0,25.0,28.0,33.0,37.0,40.0,59.0,60.0,81.0
206.0,85.0,30.0,118.0,92.0,30.0,108.0,91.0,0.0,10.0,11.0,22.0,25.0,28.0,33.0,37.0,40.0,43.0,63.0,81.0
56.0,40.0,60.0,33.0,58.0,30.0,56.0,45.0,2.0,9.0,13.0,21.0,26.0,28.0,33.0,36.0,40.0,59.0,77.0,82.0
108.0,2340.0,120.0,43.0,3380.0,20.0,0.0,0.0,1.0,9.0,16.0,21.0,25.0,28.0,34.0,36.0,41.0,43.0,77.0,82.0
142.0,61.0,60.0,72.0,76.0,10.0,143.0,97.0,0.0,10.0,11.0,22.0,24.0,29.0,34.0,37.0,40.0,59.0,61.0,81.0
143.0,36.0,30.0,41.0,50.0,20.0,143.0,65.0,2.0,9.0,11.0,21.0,25.0,28.0,33.0,36.0,40.0,59.0,61.0,81.0
69.0,12.0,30.0,46.0,14.0,10.0,52.0,78.0,1.0,9.0,12.0,22.0,25.0,30.0,34.0,38.0,40.0,57.0,79.0,81.0
134.0,2600.0,120.0,83.0,3120.0,30.0,0.0,0.0,1.0,9.0,16.0,21.0,25.0,28.0,33.0,39.0,41.0,58.0,61.0,81.0
110.0,40.0,120.0,59.0,45.0,30.0,80.0,78.0,2.0,9.0,11.0,22.0,24.0,28.0,34.0,38.0,40.0,43.0,60.0,81.0
172.0,23.0,30.0,133.0,31.0,20.0,130.0,104.0,1.0,10.0,16.0,21.0,25.0,29.0,34.0,38.0,40.0,47.0,65.0,81.0
300.0,56.0,30.0,194.0,62.0,10.0,160.0,125.0,0.0,9.0,11.0,22.0,24.0,28.0,33.0,36.0,40.0,57.0,72.0,81.0
233.0,137.0,120.0,128.0,156.0,20.0,195.0,90.0,2.0,9.0,13.0,22.0,25.0,28.0,34.0,37.0,40.0,43.0,72.0,81.0
193.0,176.0,120.0,56.0,245.0,10.0,221.0,136.0,2.0,10.0,13.0,23.0,24.0,29.0,34.0,38.0,40.0,57.0,60.0,81.0
1022.0,137.0,120.0,785.0,144.0,30.0,200.0,130.0,0.0,9.0,13.0,23.0,24.0,30.0,34.0,37.0,40.0,59.0,74.0,81.0
61.0,2600.0,30.0,32.0,3120.0,10.0,40.0,20.0,1.0,9.0,16.0,21.0,25.0,29.0,34.0,37.0,41.0,59.0,77.0,81.0
116.0,46.0,30.0,99.0,46.0,10.0,156.0,97.0,5.0,9.0,11.0,21.0,24.0,29.0,34.0,38.0,40.0,59.0,78.0,81.0
177.0,78.0,30.0,112.0,84.0,10.0,140.0,80.0,2.0,10.0,11.0,22.0,24.0,31.0,34.0,38.0,40.0,57.0,60.0,81.0
230.0,163.0,120.0,123.0,184.0,20.0,136.0,88.0,0.0,10.0,13.0,22.0,24.0,29.0,34.0,38.0,40.0,59.0,67.0,81.0
236.0,90.0,30.0,92.0,105.0,10.0,160.0,68.0,3.0,10.0,11.0,20.0,24.0,28.0,33.0,35.0,40.0,52.0,61.0,81.0
119.0,36.0,30.0,93.0,56.0,10.0,60.0,24.0,0.0,10.0,11.0,22.0,24.0,28.0,34.0,38.0,40.0,52.0,60.0,81.0
161.0,3120.0,120.0,79.0,3120.0,30.0,100.0,60.0,4.0,9.0,16.0,21.0,25.0,29.0,33.0,37.0,41.0,43.0,72.0,82.0
163.0,72.0,120.0,79.0,76.0,30.0,100.0,65.0,3.0,10.0,11.0,21.0,25.0,31.0,34.0,38.0,40.0,43.0,77.0,81.0
61.0,1800.0,30.0,30.0,1950.0,30.0,40.0,39.0,1.0,9.0,19.0,22.0,25.0,27.0,33.0,36.0,41.0,57.0,79.0,81.0
107.0,271.0,30.0,89.0,271.0,10.0,117.0,58.0,0.0,10.0,19.0,22.0,25.0,28.0,33.0,38.0,40.0,59.0,78.0,81.0
213.0,84.0,30.0,132.0,94.0,30.0,195.0,76.0,1.0,10.0,11.0,21.0,25.0,29.0,34.0,38.0,40.0,54.0,79.0,81.0
261.0,237.0,120.0,147.0,274.0,20.0,240.0,201.0,3.0,10.0,13.0,21.0,25.0,29.0,34.0,38.0,40.0,59.0,72.0,81.0
74.0,22.0,60.0,29.0,34.0,30.0,0.0,0.0,2.0,9.0,14.0,21.0,26.0,29.0,33.0,37.0,40.0,52.0,60.0,82.0
221.0,3120.0,30.0,107.0,3120.0,10.0,0.0,0.0,2.0,9.0,16.0,21.0,25.0,31.0,34.0,37.0,41.0,42.0,79.0,81.0
188.0,50.0,60.0,88.0,62.0,10.0,221.0,130.0,1.0,9.0,11.0,21.0,25.0,31.0,34.0,37.0,40.0,42.0,77.0,81.0
151.0,46.0,120.0,96.0,48.0,20.0,143.0,70.0,1.0,9.0,11.0,21.0,25.0,31.0,34.0,37.0,40.0,57.0,61.0,81.0
145.0,3120.0,30.0,69.0,3380.0,30.0,72.0,78.0,4.0,9.0,16.0,23.0,25.0,28.0,34.0,36.0,41.0,43.0,60.0,81.0
264.0,131.0,30.0,93.0,150.0,30.0,208.0,279.0,3.0,10.0,11.0,21.0,25.0,30.0,34.0,38.0,40.0,59.0,64.0,81.0
197.0,126.0,120.0,68.0,146.0,20.0,260.0,130.0,2.0,10.0,11.0,22.0,25.0,30.0,34.0,38.0,40.0,59.0,60.0,81.0
252.0,67.0,30.0,163.0,70.0,30.0,136.0,123.0,2.0,9.0,11.0,23.0,25.0,29.0,34.0,38.0,40.0,43.0,75.0,81.0
125.0,80.0,120.0,55.0,90.0,30.0,96.0,110.0,2.0,9.0,13.0,22.0,25.0,28.0,34.0,37.0,40.0,43.0,79.0,81.0
140.0,58.0,120.0,69.0,74.0,20.0,72.0,48.0,0.0,10.0,11.0,22.0,25.0,28.0,34.0,37.0,40.0,42.0,61.0,82.0
293.0,98.0,30.0,197.0,112.0,10.0,176.0,125.0,2.0,10.0,11.0,22.0,24.0,29.0,34.0,37.0,40.0,57.0,72.0,81.0
157.0,138.0,30.0,102.0,153.0,10.0,136.0,95.0,3.0,10.0,13.0,21.0,25.0,31.0,33.0,38.0,40.0,57.0,67.0,81.0
66.0,360.0,120.0,31.0,360.0,30.0,60.0,40.0,1.0,9.0,18.0,22.0,25.0,28.0,34.0,36.0,40.0,57.0,79.0,82.0
194.0,56.0,30.0,95.0,66.0,30.0,0.0,0.0,2.0,9.0,11.0,21.0,25.0,28.0,34.0,39.0,40.0,42.0,79.0,81.0
160.0,23.0,30.0,60.0,25.0,30.0,96.0,110.0,3.0,10.0,16.0,21.0,25.0,30.0,34.0,37.0,40.0,43.0,79.0,81.0
200.0,111.0,60.0,81.0,132.0,10.0,247.0,149.0,2.0,9.0,13.0,22.0,24.0,28.0,34.0,37.0,40.0,42.0,79.0,81.0
82.0,149.0,60.0,40.0,179.0,20.0,78.0,40.0,0.0,10.0,18.0,21.0,25.0,29.0,33.0,38.0,40.0,42.0,72.0,82.0
186.0,153.0,30.0,106.0,162.0,10.0,170.0,76.0,3.0,10.0,13.0,21.0,25.0,31.0,33.0,38.0,40.0,57.0,67.0,81.0
224.0,58.0,120.0,80.0,66.0,30.0,286.0,104.0,3.0,9.0,11.0,21.0,25.0,29.0,34.0,38.0,40.0,52.0,77.0,81.0
120.0,58.0,60.0,45.0,68.0,20.0,120.0,78.0,2.0,10.0,11.0,23.0,25.0,29.0,34.0,38.0,40.0,43.0,60.0,81.0
137.0,60.0,30.0,67.0,80.0,20.0,100.0,52.0,1.0,9.0,15.0,22.0,25.0,28.0,34.0,36.0,40.0,43.0,79.0,82.0
200.0,41.0,120.0,120.0,49.0,20.0,88.0,48.0,1.0,9.0,11.0,21.0,25.0,29.0,34.0,37.0,40.0,43.0,60.0,81.0
202.0,43.0,120.0,144.0,52.0,10.0,130.0,80.0,3.0,9.0,11.0,21.0,25.0,29.0,34.0,37.0,40.0,57.0,74.0,81.0
227.0,89.0,60.0,127.0,109.0,10.0,247.0,182.0,2.0,10.0,11.0,23.0,25.0,29.0,34.0,37.0,40.0,57.0,60.0,81.0
82.0,3780.0,30.0,27.0,5040.0,10.0,56.0,140.0,5.0,10.0,16.0,22.0,25.0,29.0,34.0,38.0,41.0,43.0,77.0,82.0
174.0,2340.0,120.0,55.0,4160.0,10.0,140.0,72.0,4.0,9.0,16.0,22.0,25.0,30.0,33.0,37.0,41.0,43.0,70.0,81.0
92.0,70.0,60.0,37.0,98.0,30.0,80.0,45.0,2.0,9.0,13.0,21.0,24.0,29.0,34.0,37.0,40.0,42.0,61.0,81.0
159.0,73.0,60.0,120.0,88.0,30.0,152.0,149.0,2.0,10.0,11.0,22.0,25.0,29.0,34.0,38.0,40.0,43.0,72.0,81.0
114.0,80.0,30.0,49.0,106.0,20.0,96.0,64.0,1.0,9.0,13.0,21.0,24.0,28.0,33.0,37.0,40.0,59.0,61.0,81.0
85.0,89.0,120.0,43.0,136.0,10.0,48.0,30.0,2.0,10.0,13.0,22.0,25.0,29.0,34.0,38.0,40.0,52.0,60.0,81.0
69.0,246.0,30.0,36.0,295.0,10.0,60.0,32.0,1.0,9.0,18.0,23.0,25.0,28.0,33.0,37.0,40.0,57.0,79.0,81.0
336.0,294.0,30.0,95.0,349.0,30.0,192.0,260.0,2.0,10.0,13.0,22.0,24.0,29.0,34.0,38.0,40.0,52.0,79.0,81.0
150.0,58.0,120.0,80.0,68.0,20.0,88.0,56.0,2.0,10.0,11.0,21.0,24.0,30.0,34.0,37.0,40.0,59.0,61.0,81.0
255.0,154.0,60.0,109.0,172.0,20.0,176.0,112.0,3.0,9.0,13.0,21.0,25.0,27.0,34.0,36.0,40.0,52.0,77.0,81.0
111.0,1850.0,60.0,58.0,2960.0,30.0,0.0,0.0,2.0,9.0,17.0,21.0,25.0,31.0,33.0,36.0,41.0,52.0,60.0,81.0
283.0,122.0,60.0,160.0,137.0,20.0,286.0,145.0,2.0,10.0,11.0,22.0,25.0,29.0,34.0,38.0,40.0,52.0,77.0,81.0
61.0,35.0,120.0,28.0,38.0,30.0,40.0,25.0,1.0,10.0,11.0,22.0,25.0,28.0,34.0,36.0,40.0,59.0,77.0,82.0
142.0,136.0,60.0,102.0,153.0,20.0,0.0,0.0,2.0,10.0,13.0,21.0,25.0,29.0,34.0,38.0,40.0,42.0,61.0,82.0
379.0,159.0,120.0,242.0,210.0,10.0,280.0,136.0,3.0,9.0,13.0,21.0,25.0,28.0,34.0,37.0,40.0,59.0,76.0,81.0
76.0,18.0,60.0,42.0,24.0,30.0,91.0,48.0,2.0,9.0,12.0,21.0,25.0,30.0,34.0,39.0,40.0,59.0,77.0,81.0
95.0,37.0,30.0,47.0,40.0,10.0,117.0,65.0,2.0,9.0,11.0,20.0,24.0,29.0,33.0,35.0,40.0,43.0,77.0,81.0
112.0,109.0,30.0,71.0,130.0,30.0,110.0,90.0,1.0,10.0,13.0,20.0,24.0,29.0,33.0,35.0,40.0,57.0,61.0,81.0
257.0,221.0,30.0,165.0,237.0,30.0,144.0,136.0,2.0,10.0,13.0,22.0,25.0,30.0,34.0,38.0,40.0,42.0,77.0,81.0
131.0,26.0,30.0,62.0,31.0,10.0,70.0,53.0,2.0,9.0,11.0,21.0,25.0,29.0,33.0,39.0,40.0,57.0,61.0,81.0
118.0,117.0,30.0,63.0,136.0,10.0,80.0,65.0,2.0,10.0,13.0,22.0,24.0,28.0,34.0,38.0,40.0,42.0,61.0,81.0
433.0,329.0,120.0,325.0,357.0,20.0,377.0,175.0,2.0,10.0,13.0,22.0,25.0,29.0,33.0,37.0,40.0,57.0,73.0,81.0
162.0,40.0,120.0,83.0,52.0,10.0,156.0,78.0,1.0,9.0,11.0,21.0,25.0,28.0,33.0,36.0,40.0,42.0,61.0,82.0
292.0,85.0,30.0,139.0,122.0,20.0,247.0,130.0,3.0,10.0,11.0,21.0,24.0,30.0,34.0,38.0,40.0,42.0,77.0,81.0
70.0,1665.0,30.0,59.0,2405.0,30.0,50.0,25.0,2.0,9.0,17.0,21.0,25.0,27.0,34.0,36.0,41.0,42.0,72.0,81.0
174.0,19.0,120.0,69.0,23.0,30.0,144.0,117.0,2.0,10.0,16.0,22.0,24.0,28.0,34.0,38.0,40.0,52.0,61.0,81.0
113.0,72.0,60.0,48.0,94.0,30.0,104.0,40.0,1.0,10.0,11.0,21.0,25.0,28.0,33.0,37.0,40.0,42.0,61.0,81.0
73.0,2340.0,30.0,30.0,3380.0,30.0,0.0,0.0,2.0,9.0,16.0,21.0,25.0,28.0,34.0,36.0,41.0,43.0,60.0,81.0
128.0,64.0,30.0,76.0,74.0,10.0,88.0,75.0,2.0,10.0,11.0,22.0,24.0,29.0,34.0,38.0,40.0,42.0,61.0,81.0
157.0,2220.0,120.0,76.0,2220.0,30.0,0.0,0.0,3.0,9.0,17.0,21.0,25.0,31.0,34.0,36.0,41.0,42.0,61.0,82.0
79.0,295.0,120.0,55.0,320.0,20.0,78.0,40.0,1.0,9.0,18.0,21.0,25.0,28.0,33.0,38.0,40.0,59.0,77.0,81.0
99.0,2340.0,60.0,30.0,3120.0,20.0,0.0,0.0,0.0,9.0,16.0,22.0,25.0,29.0,33.0,38.0,41.0,42.0,61.0,81.0
145.0,147.0,60.0,90.0,184.0,30.0,100.0,50.0,2.0,10.0,13.0,22.0,24.0,29.0,34.0,38.0,40.0,43.0,60.0,81.0
200.0,123.0,120.0,81.0,139.0,30.0,152.0,149.0,2.0,9.0,13.0,22.0,24.0,28.0,34.0,37.0,40.0,42.0,79.0,81.0
185.0,45.0,30.0,102.0,54.0,10.0,120.0,75.0,3.0,9.0,11.0,21.0,24.0,28.0,33.0,37.0,40.0,43.0,72.0,81.0
239.0,170.0,120.0,148.0,167.0,30.0,100.0,55.0,2.0,10.0,13.0,22.0,24.0,30.0,34.0,38.0,40.0,43.0,78.0,81.0
174.0,88.0,120.0,55.0,128.0,10.0,150.0,80.0,3.0,9.0,13.0,21.0,25.0,28.0,33.0,37.0,40.0,52.0,61.0,81.0
224.0,85.0,30.0,192.0,84.0,10.0,143.0,84.0,2.0,10.0,11.0,21.0,24.0,29.0,34.0,38.0,40.0,52.0,62.0,81.0
51.0,2600.0,30.0,22.0,3120.0,10.0,50.0,20.0,1.0,9.0,16.0,23.0,25.0,28.0,33.0,36.0,41.0,59.0,77.0,81.0
182.0,74.0,60.0,71.0,82.0,10.0,210.0,88.0,3.0,9.0,11.0,21.0,25.0,29.0,34.0,37.0,40.0,42.0,79.0,81.0
266.0,74.0,120.0,93.0,78.0,30.0,190.0,130.0,2.0,9.0,11.0,21.0,25.0,30.0,33.0,37.0,40.0,59.0,60.0,82.0
220.0,170.0,120.0,190.0,189.0,10.0,104.0,85.0,2.0,10.0,13.0,22.0,24.0,30.0,34.0,37.0,40.0,57.0,74.0,81.0
200.0,210.0,30.0,63.0,245.0,30.0,273.0,108.0,2.0,10.0,13.0,22.0,25.0,28.0,34.0,38.0,40.0,42.0,79.0,81.0
85.0,70.0,120.0,34.0,86.0,20.0,80.0,65.0,3.0,9.0,13.0,20.0,24.0,28.0,34.0,35.0,40.0,43.0,60.0,81.0
140.0,4200.0,60.0,99.0,6720.0,30.0,80.0,150.0,0.0,10.0,16.0,22.0,26.0,28.0,34.0,38.0,41.0,48.0,60.0,81.0
171.0,67.0,120.0,113.0,84.0,10.0,100.0,48.0,3.0,10.0,11.0,21.0,24.0,30.0,34.0,37.0,40.0,42.0,61.0,81.0
188.0,76.0,60.0,95.0,94.0,10.0,195.0,117.0,2.0,10.0,11.0,22.0,24.0,29.0,34.0,38.0,40.0,52.0,61.0,81.0
119.0,40.0,120.0,68.0,45.0,30.0,104.0,104.0,3.0,9.0,11.0,23.0,25.0,29.0,34.0,38.0,40.0,42.0,61.0,81.0
131.0,46.0,30.0,56.0,52.0,30.0,72.0,65.0,2.0,9.0,11.0,22.0,25.0,29.0,34.0,37.0,40.0,43.0,60.0,81.0
246.0,123.0,60.0,168.0,139.0,20.0,234.0,120.0,3.0,9.0,13.0,21.0,24.0,31.0,33.0,37.0,40.0,57.0,60.0,81.0
105.0,40.0,60.0,66.0,45.0,20.0,130.0,65.0,3.0,9.0,11.0,21.0,25.0,30.0,34.0,37.0,40.0,43.0,60.0,81.0
387.0,100.0,60.0,282.0,111.0,20.0,160.0,136.0,3.0,9.0,13.0,21.0,25.0,29.0,34.0,38.0,40.0,42.0,78.0,81.0
224.0,154.0,120.0,92.0,210.0,10.0,176.0,130.0,2.0,9.0,13.0,21.0,24.0,30.0,34.0,37.0,40.0,52.0,77.0,81.0
142.0,153.0,60.0,107.0,167.0,20.0,130.0,65.0,2.0,10.0,13.0,22.0,25.0,29.0,34.0,38.0,40.0,43.0,60.0,81.0
242.0,217.0,120.0,88.0,225.0,30.0,180.0,110.0,3.0,10.0,13.0,21.0,24.0,30.0,34.0,38.0,40.0,43.0,70.0,81.0
116.0,46.0,60.0,58.0,48.0,20.0,72.0,40.0,1.0,9.0,11.0,21.0,25.0,29.0,33.0,36.0,40.0,42.0,61.0,81.0
102.0,163.0,120.0,47.0,176.0,20.0,117.0,60.0,2.0,10.0,13.0,22.0,24.0,29.0,34.0,38.0,40.0,42.0,61.0,81.0
182.0,111.0,30.0,81.0,132.0,30.0,210.0,115.0,3.0,9.0,13.0,21.0,24.0,29.0,34.0,36.0,40.0,59.0,60.0,81.0
258.0,77.0,120.0,129.0,88.0,20.0,0.0,0.0,6.0,9.0,11.0,21.0,24.0,28.0,34.0,39.0,40.0,59.0,60.0,81.0
209.0,88.0,120.0,123.0,99.0,20.0,136.0,76.0,3.0,9.0,13.0,21.0,25.0,28.0,34.0,38.0,40.0,57.0,67.0,81.0
142.0,80.0,60.0,66.0,108.0,30.0,120.0,75.0,1.0,9.0,13.0,21.0,25.0,30.0,34.0,39.0,40.0,59.0,61.0,81.0
97.0,82.0,120.0,57.0,99.0,10.0,96.0,70.0,2.0,10.0,11.0,20.0,24.0,29.0,34.0,35.0,40.0,43.0,60.0,81.0
85.0,72.0,30.0,34.0,78.0,10.0,104.0,65.0,2.0,10.0,11.0,22.0,24.0,29.0,34.0,38.0,40.0,43.0,60.0,81.0
231.0,101.0,120.0,120.0,105.0,30.0,170.0,120.0,2.0,10.0,11.0,22.0,24.0,30.0,34.0,38.0,40.0,59.0,66.0,81.0
179.0,108.0,60.0,98.0,128.0,30.0,143.0,52.0,2.0,9.0,13.0,21.0,24.0,28.0,34.0,37.0,40.0,50.0,61.0,81.0
221.0,100.0,120.0,88.0,123.0,20.0,144.0,76.0,1.0,9.0,13.0,21.0,25.0,28.0,33.0,37.0,40.0,57.0,60.0,81.0
168.0,46.0,120.0,120.0,50.0,30.0,88.0,78.0,1.0,9.0,11.0,21.0,25.0,29.0,34.0,37.0,40.0,43.0,60.0,81.0
126.0,50.0,30.0,77.0,71.0,20.0,60.0,45.0,0.0,10.0,11.0,22.0,25.0,28.0,34.0,37.0,40.0,42.0,72.0,82.0
130.0,85.0,30.0,63.0,92.0,30.0,72.0,84.0,3.0,10.0,11.0,21.0,25.0,29.0,34.0,38.0,40.0,43.0,60.0,81.0
249.0,170.0,30.0,90.0,237.0,20.0,208.0,105.0,2.0,10.0,13.0,22.0,24.0,30.0,34.0,38.0,40.0,43.0,72.0,81.0
80.0,3120.0,120.0,38.0,4160.0,10.0,0.0,0.0,2.0,9.0,16.0,21.0,25.0,31.0,33.0,37.0,41.0,42.0,72.0,81.0
231.0,152.0,120.0,122.0,198.0,20.0,112.0,72.0,2.0,10.0,13.0,22.0,24.0,28.0,34.0,37.0,40.0,52.0,61.0,81.0
97.0,38.0,30.0,51.0,50.0,20.0,72.0,36.0,4.0,9.0,11.0,22.0,25.0,30.0,33.0,37.0,40.0,43.0,60.0,81.0
141.0,2340.0,30.0,104.0,3380.0,30.0,0.0,0.0,2.0,9.0,16.0,22.0,25.0,27.0,33.0,39.0,41.0,58.0,61.0,81.0
134.0,40.0,30.0,108.0,48.0,30.0,0.0,0.0,1.0,9.0,11.0,21.0,25.0,28.0,33.0,37.0,40.0,42.0,65.0,81.0
131.0,271.0,60.0,93.0,362.0,30.0,117.0,36.0,0.0,10.0,19.0,22.0,25.0,28.0,33.0,38.0,40.0,59.0,78.0,81.0
182.0,2340.0,120.0,71.0,3120.0,30.0,0.0,0.0,2.0,9.0,16.0,21.0,25.0,28.0,34.0,37.0,41.0,59.0,60.0,81.0
142.0,122.0,30.0,108.0,136.0,30.0,140.0,105.0,2.0,10.0,13.0,22.0,25.0,29.0,34.0,38.0,40.0,43.0,72.0,81.0
117.0,4200.0,120.0,50.0,6720.0,10.0,104.0,39.0,0.0,10.0,16.0,22.0,25.0,28.0,34.0,37.0,41.0,42.0,72.0,82.0
95.0,135.0,30.0,56.0,195.0,30.0,60.0,40.0,1.0,9.0,19.0,21.0,25.0,28.0,33.0,37.0,40.0,42.0,72.0,81.0
236.0,148.0,60.0,81.0,198.0,30.0,273.0,100.0,3.0,9.0,13.0,21.0,25.0,28.0,34.0,37.0,40.0,59.0,60.0,81.0
186.0,74.0,60.0,99.0,81.0,10.0,96.0,85.0,2.0,10.0,11.0,22.0,24.0,29.0,34.0,38.0,40.0,57.0,67.0,81.0
169.0,217.0,60.0,84.0,245.0,10.0,170.0,88.0,2.0,10.0,13.0,22.0,24.0,30.0,34.0,38.0,40.0,57.0,60.0,81.0
188.0,54.0,120.0,152.0,60.0,20.0,80.0,64.0,3.0,10.0,11.0,21.0,24.0,29.0,34.0,38.0,40.0,59.0,65.0,81.0
164.0,176.0,30.0,50.0,210.0,30.0,221.0,88.0,0.0,10.0,13.0,23.0,24.0,29.0,34.0,38.0,40.0,57.0,60.0,81.0
68.0,2900.0,60.0,35.0,3770.0,10.0,0.0,0.0,2.0,10.0,17.0,21.0,25.0,31.0,33.0,39.0,41.0,57.0,79.0,81.0
274.0,97.0,30.0,177.0,105.0,10.0,170.0,84.0,2.0,10.0,11.0,21.0,25.0,30.0,34.0,37.0,40.0,53.0,61.0,81.0
200.0,126.0,60.0,63.0,133.0,20.0,168.0,120.0,2.0,10.0,11.0,22.0,24.0,29.0,34.0,38.0,40.0,59.0,60.0,81.0
148.0,45.0,60.0,96.0,57.0,30.0,120.0,70.0,2.0,9.0,11.0,22.0,25.0,29.0,34.0,39.0,40.0,43.0,75.0,81.0
106.0,31.0,120.0,41.0,40.0,20.0,72.0,48.0,3.0,9.0,11.0,23.0,24.0,28.0,34.0,37.0,40.0,42.0,61.0,81.0
244.0,252.0,60.0,130.0,266.0,20.0,208.0,116.0,3.0,10.0,13.0,21.0,25.0,30.0,33.0,36.0,40.0,57.0,75.0,81.0
95.0,150.0,30.0,52.0,240.0,20.0,48.0,32.0,1.0,9.0,19.0,21.0,25.0,28.0,33.0,37.0,40.0,42.0,72.0,81.0
132.0,2340.0,60.0,83.0,3380.0,10.0,0.0,0.0,0.0,9.0,16.0,22.0,25.0,29.0,34.0,38.0,41.0,55.0,60.0,81.0
126.0,68.0,120.0,96.0,83.0,10.0,130.0,195.0,6.0,9.0,13.0,22.0,24.0,29.0,33.0,37.0,40.0,59.0,65.0,82.0
183.0,106.0,60.0,88.0,118.0,10.0,140.0,68.0,2.0,10.0,11.0,21.0,24.0,29.0,33.0,38.0,40.0,52.0,61.0,82.0
137.0,45.0,60.0,116.0,49.0,20.0,169.0,80.0,3.0,9.0,11.0,21.0,24.0,28.0,34.0,38.0,40.0,42.0,65.0,81.0
136.0,80.0,120.0,66.0,90.0,30.0,88.0,91.0,3.0,9.0,13.0,21.0,24.0,31.0,34.0,37.0,40.0,59.0,61.0,81.0
189.0,167.0,120.0,150.0,181.0,30.0,144.0,149.0,2.0,10.0,13.0,22.0,25.0,30.0,34.0,38.0,40.0,57.0,60.0,81.0
148.0,48.0,30.0,70.0,52.0,30.0,60.0,78.0,1.0,9.0,11.0,23.0,25.0,28.0,33.0,39.0,40.0,42.0,61.0,81.0
111.0,67.0,30.0,41.0,106.0,20.0,0.0,0.0,2.0,10.0,13.0,21.0,24.0,28.0,33.0,37.0,40.0,52.0,60.0,81.0
170.0,94.0,120.0,74.0,112.0,20.0,170.0,143.0,3.0,10.0,11.0,21.0,24.0,28.0,34.0,37.0,40.0,57.0,60.0,81.0
219.0,89.0,30.0,100.0,120.0,20.0,0.0,0.0,2.0,9.0,14.0,21.0,24.0,28.0,34.0,36.0,40.0,59.0,60.0,82.0
184.0,67.0,120.0,105.0,88.0,10.0,128.0,110.0,3.0,9.0,11.0,21.0,24.0,28.0,34.0,38.0,40.0,57.0,63.0,81.0
52.0,122.0,30.0,30.0,163.0,20.0,40.0,32.0,1.0,9.0,18.0,21.0,25.0,28.0,33.0,37.0,40.0,57.0,79.0,82.0
234.0,67.0,30.0,174.0,74.0,10.0,221.0,130.0,2.0,9.0,11.0,21.0,25.0,28.0,34.0,37.0,40.0,55.0,65.0,81.0
267.0,284.0,120.0,174.0,374.0,10.0,216.0,180.0,2.0,10.0,13.0,22.0,24.0,29.0,34.0,39.0,40.0,55.0,79.0,81.0
231.0,2340.0,30.0,123.0,3120.0,10.0,168.0,60.0,0.0,9.0,16.0,21.0,25.0,29.0,34.0,37.0,41.0,45.0,77.0,82.0
170.0,68.0,30.0,91.0,76.0,10.0,90.0,40.0,2.0,10.0,11.0,22.0,25.0,28.0,33.0,37.0,40.0,42.0,61.0,81.0
292.0,94.0,30.0,153.0,109.0,10.0,190.0,104.0,3.0,10.0,11.0,21.0,24.0,30.0,34.0,38.0,40.0,42.0,77.0,81.0
191.0,2340.0,60.0,54.0,3120.0,20.0,0.0,0.0,1.0,9.0,16.0,21.0,25.0,28.0,34.0,36.0,41.0,57.0,60.0,81.0
104.0,2900.0,30.0,88.0,4640.0,20.0,112.0,320.0,2.0,10.0,17.0,21.0,25.0,31.0,34.0,36.0,41.0,58.0,79.0,81.0
292.0,131.0,120.0,71.0,140.0,30.0,200.0,135.0,2.0,10.0,11.0,22.0,24.0,30.0,34.0,38.0,40.0,57.0,72.0,81.0
163.0,106.0,120.0,70.0,128.0,20.0,210.0,169.0,2.0,9.0,13.0,22.0,25.0,28.0,34.0,37.0,40.0,57.0,60.0,81.0
145.0,48.0,120.0,87.0,71.0,10.0,70.0,32.0,0.0,9.0,13.0,21.0,24.0,29.0,34.0,38.0,40.0,57.0,61.0,81.0
177.0,106.0,30.0,77.0,140.0,20.0,170.0,143.0,2.0,10.0,11.0,23.0,25.0,29.0,34.0,38.0,40.0,57.0,60.0,81.0
51.0,16.0,60.0,32.0,20.0,20.0,52.0,30.0,3.0,9.0,11.0,21.0,24.0,31.0,34.0,36.0,40.0,59.0,77.0,81.0
182.0,210.0,120.0,63.0,245.0,20.0,210.0,156.0,2.0,10.0,13.0,21.0,25.0,29.0,34.0,36.0,40.0,59.0,60.0,81.0
157.0,97.0,30.0,73.0,123.0,30.0,170.0,95.0,2.0,9.0,13.0,22.0,25.0,28.0,34.0,37.0,40.0,57.0,60.0,81.0
91.0,5040.0,30.0,40.0,6720.0,20.0,80.0,71.0,2.0,10.0,16.0,21.0,25.0,30.0,33.0,39.0,41.0,43.0,77.0,82.0
175.0,106.0,60.0,123.0,114.0,20.0,234.0,105.0,3.0,9.0,13.0,21.0,24.0,29.0,33.0,38.0,40.0,59.0,67.0,81.0
97.0,78.0,60.0,39.0,81.0,20.0,72.0,44.0,2.0,10.0,11.0,22.0,25.0,29.0,34.0,38.0,40.0,43.0,60.0,81.0
250.0,202.0,60.0,137.0,281.0,30.0,192.0,188.0,2.0,10.0,13.0,22.0,25.0,29.0,34.0,37.0,40.0,42.0,79.0,81.0
243.0,166.0,120.0,162.0,218.0,10.0,200.0,100.0,2.0,10.0,13.0,21.0,25.0,29.0,34.0,38.0,40.0,47.0,79.0,81.0
162.0,76.0,30.0,72.0,92.0,30.0,110.0,95.0,0.0,10.0,11.0,22.0,25.0,29.0,33.0,38.0,40.0,52.0,61.0,81.0
124.0,32.0,60.0,50.0,38.0,20.0,80.0,84.0,2.0,9.0,11.0,22.0,25.0,29.0,34.0,37.0,40.0,42.0,61.0,81.0
189.0,3780.0,30.0,88.0,5460.0,30.0,165.0,165.0,0.0,10.0,16.0,21.0,25.0,29.0,34.0,38.0,41.0,42.0,79.0,81.0
131.0,90.0,30.0,69.0,116.0,20.0,96.0,56.0,3.0,9.0,13.0,21.0,25.0,28.0,34.0,37.0,40.0,59.0,61.0,81.0
173.0,64.0,120.0,91.0,82.0,10.0,136.0,90.0,3.0,9.0,11.0,21.0,24.0,28.0,34.0,37.0,40.0,42.0,77.0,81.0
394.0,247.0,30.0,333.0,281.0,30.0,290.0,175.0,2.0,10.0,13.0,22.0,25.0,29.0,33.0,37.0,40.0,57.0,73.0,81.0
186.0,89.0,60.0,106.0,99.0,30.0,156.0,68.0,2.0,10.0,11.0,22.0,24.0,29.0,34.0,38.0,40.0,57.0,67.0,81.0
109.0,2600.0,120.0,62.0,3380.0,20.0,90.0,71.0,0.0,9.0,16.0,22.0,25.0,29.0,34.0,38.0,41.0,42.0,61.0,81.0
108.0,2340.0,120.0,43.0,3380.0,20.0,64.0,40.0,2.0,9.0,16.0,21.0,25.0,29.0,33.0,39.0,41.0,43.0,60.0,82.0
247.0,109.0,120.0,92.0,122.0,30.0,176.0,162.0,2.0,10.0,11.0,22.0,24.0,30.0,34.0,38.0,40.0,57.0,72.0,81.0
193.0,95.0,120.0,112.0,123.0,10.0,170.0,88.0,3.0,9.0,13.0,21.0,25.0,30.0,33.0,37.0,40.0,59.0,67.0,81.0
209.0,90.0,30.0,98.0,109.0,30.0,195.0,84.0,2.0,10.0,11.0,22.0,24.0,29.0,34.0,38.0,40.0,52.0,61.0,81.0
101.0,121.0,120.0,58.0,162.0,30.0,0.0,0.0,0.0,9.0,18.0,21.0,25.0,27.0,33.0,36.0,40.0,52.0,60.0,81.0
195.0,113.0,60.0,108.0,127.0,10.0,170.0,104.0,2.0,10.0,11.0,20.0,25.0,31.0,34.0,38.0,40.0,42.0,77.0,81.0
121.0,65.0,120.0,73.0,74.0,20.0,110.0,91.0,2.0,10.0,11.0,21.0,24.0,30.0,34.0,37.0,40.0,59.0,61.0,81.0
61.0,16.0,120.0,38.0,21.0,20.0,0.0,0.0,2.0,9.0,11.0,21.0,25.0,28.0,34.0,36.0,40.0,59.0,77.0,81.0
211.0,79.0,60.0,179.0,82.0,10.0,270.0,144.0,2.0,9.0,11.0,22.0,25.0,29.0,34.0,37.0,40.0,57.0,73.0,81.0
49.0,282.0,30.0,27.0,376.0,20.0,40.0,39.0,1.0,9.0,18.0,21.0,25.0,28.0,34.0,37.0,40.0,59.0,77.0,82.0
108.0,50.0,120.0,53.0,54.0,20.0,130.0,65.0,2.0,9.0,11.0,22.0,25.0,28.0,34.0,37.0,40.0,43.0,60.0,81.0
208.0,62.0,120.0,71.0,80.0,10.0,247.0,130.0,0.0,9.0,11.0,22.0,25.0,29.0,34.0,37.0,40.0,59.0,60.0,82.0
107.0,2340.0,60.0,56.0,3380.0,10.0,0.0,0.0,0.0,9.0,16.0,21.0,25.0,28.0,34.0,37.0,41.0,42.0,61.0,81.0
141.0,58.0,30.0,61.0,81.0,20.0,156.0,70.0,2.0,10.0,11.0,23.0,25.0,30.0,34.0,38.0,40.0,43.0,60.0,81.0
84.0,60.0,30.0,66.0,60.0,10.0,0.0,0.0,0.0,9.0,15.0,21.0,25.0,31.0,34.0,36.0,40.0,59.0,78.0,81.0
230.0,106.0,60.0,80.0,128.0,10.0,0.0,0.0,2.0,9.0,13.0,21.0,25.0,28.0,34.0,37.0,40.0,52.0,61.0,81.0
71.0,2600.0,60.0,38.0,3380.0,10.0,0.0,0.0,0.0,9.0,16.0,21.0,24.0,28.0,33.0,39.0,41.0,59.0,77.0,81.0
125.0,34.0,120.0,55.0,43.0,20.0,80.0,48.0,2.0,9.0,11.0,21.0,25.0,29.0,34.0,38.0,40.0,43.0,60.0,81.0
182.0,155.0,120.0,120.0,194.0,10.0,169.0,123.0,2.0,10.0,13.0,23.0,25.0,31.0,34.0,37.0,40.0,42.0,65.0,81.0
208.0,56.0,120.0,108.0,64.0,30.0,144.0,136.0,3.0,9.0,11.0,21.0,24.0,30.0,33.0,36.0,40.0,42.0,77.0,81.0
104.0,45.0,60.0,53.0,65.0,10.0,91.0,35.0,0.0,9.0,15.0,22.0,25.0,28.0,34.0,37.0,40.0,57.0,61.0,81.0
164.0,52.0,120.0,115.0,54.0,20.0,130.0,55.0,2.0,9.0,11.0,22.0,24.0,28.0,34.0,38.0,40.0,43.0,60.0,81.0
256.0,99.0,60.0,201.0,128.0,30.0,130.0,80.0,3.0,9.0,13.0,21.0,25.0,31.0,34.0,37.0,40.0,42.0,78.0,81.0
186.0,158.0,30.0,78.0,184.0,10.0,120.0,85.0,1.0,10.0,13.0,21.0,25.0,28.0,34.0,36.0,40.0,57.0,60.0,82.0
98.0,43.0,60.0,52.0,49.0,10.0,0.0,0.0,1.0,9.0,11.0,21.0,25.0,28.0,33.0,37.0,40.0,42.0,61.0,82.0
110.0,3120.0,120.0,68.0,4160.0,10.0,0.0,0.0,1.0,9.0,16.0,21.0,25.0,28.0,33.0,36.0,41.0,54.0,60.0,81.0
182.0,94.0,30.0,81.0,112.0,30.0,250.0,130.0,3.0,10.0,11.0,21.0,24.0,30.0,33.0,37.0,40.0,42.0,79.0,81.0
87.0,3120.0,120.0,63.0,3380.0,20.0,91.0,40.0,2.0,9.0,16.0,21.0,25.0,27.0,34.0,36.0,41.0,57.0,79.0,81.0
135.0,100.0,120.0,59.0,108.0,20.0,156.0,100.0,1.0,10.0,15.0,22.0,25.0,29.0,33.0,38.0,40.0,59.0,61.0,81.0
194.0,49.0,60.0,95.0,66.0,30.0,128.0,143.0,2.0,9.0,11.0,22.0,25.0,29.0,34.0,38.0,40.0,43.0,72.0,81.0
157.0,2900.0,30.0,59.0,4640.0,20.0,0.0,0.0,2.0,10.0,17.0,21.0,25.0,31.0,33.0,36.0,41.0,52.0,61.0,81.0
65.0,3480.0,120.0,32.0,3480.0,30.0,40.0,60.0,2.0,10.0,17.0,21.0,25.0,31.0,34.0,37.0,41.0,59.0,77.0,82.0
207.0,217.0,30.0,102.0,281.0,20.0,180.0,143.0,3.0,10.0,13.0,21.0,24.0,30.0,34.0,38.0,40.0,43.0,70.0,81.0
247.0,119.0,30.0,157.0,123.0,30.0,136.0,123.0,3.0,9.0,13.0,21.0,25.0,28.0,33.0,37.0,40.0,57.0,67.0,81.0
240.0,119.0,30.0,170.0,144.0,20.0,160.0,130.0,3.0,9.0,13.0,21.0,25.0,30.0,34.0,37.0,40.0,59.0,61.0,81.0
193.0,163.0,60.0,123.0,184.0,10.0,221.0,143.0,0.0,10.0,13.0,22.0,24.0,29.0,34.0,38.0,40.0,59.0,67.0,81.0
180.0,100.0,120.0,94.0,133.0,10.0,128.0,90.0,0.0,10.0,15.0,22.0,25.0,28.0,33.0,39.0,40.0,43.0,72.0,81.0
242.0,86.0,120.0,166.0,108.0,10.0,216.0,150.0,3.0,9.0,11.0,21.0,25.0,30.0,33.0,37.0,40.0,59.0,72.0,81.0
244.0,56.0,60.0,97.0,64.0,20.0,200.0,136.0,3.0,9.0,11.0,21.0,24.0,28.0,33.0,36.0,40.0,42.0,78.0,81.0
344.0,66.0,60.0,229.0,72.0,10.0,144.0,105.0,3.0,9.0,11.0,21.0,25.0,31.0,33.0,37.0,40.0,43.0,76.0,81.0
210.0,103.0,30.0,136.0,128.0,30.0,150.0,90.0,2.0,9.0,13.0,22.0,25.0,28.0,34.0,37.0,40.0,43.0,72.0,81.0
85.0,12.0,60.0,41.0,14.0,20.0,104.0,50.0,1.0,9.0,16.0,21.0,25.0,29.0,34.0,37.0,40.0,43.0,60.0,81.0
146.0,48.0,60.0,55.0,62.0,30.0,143.0,28.0,2.0,9.0,11.0,21.0,25.0,28.0,33.0,38.0,40.0,59.0,61.0,81.0
188.0,86.0,30.0,112.0,95.0,10.0,110.0,52.0,2.0,9.0,13.0,22.0,25.0,30.0,34.0,38.0,40.0,43.0,60.0,81.0
92.0,2610.0,30.0,68.0,3480.0,10.0,64.0,45.0,2.0,10.0,17.0,21.0,25.0,31.0,33.0,36.0,41.0,59.0,78.0,82.0
113.0,2340.0,30.0,58.0,3120.0,10.0,60.0,50.0,0.0,9.0,16.0,23.0,25.0,29.0,34.0,38.0,41.0,42.0,61.0,82.0
217.0,45.0,60.0,135.0,50.0,10.0,88.0,60.0,2.0,9.0,11.0,21.0,25.0,29.0,34.0,36.0,40.0,52.0,61.0,81.0
66.0,3780.0,60.0,43.0,6720.0,30.0,0.0,0.0,1.0,10.0,16.0,23.0,25.0,30.0,34.0,38.0,41.0,59.0,77.0,82.0
255.0,126.0,120.0,77.0,137.0,30.0,200.0,130.0,2.0,10.0,11.0,23.0,24.0,28.0,34.0,37.0,40.0,42.0,79.0,81.0
137.0,45.0,120.0,109.0,50.0,20.0,130.0,104.0,3.0,9.0,11.0,21.0,24.0,28.0,34.0,38.0,40.0,42.0,65.0,81.0
145.0,71.0,60.0,75.0,84.0,10.0,80.0,144.0,0.0,10.0,11.0,22.0,25.0,29.0,34.0,37.0,40.0,42.0,61.0,81.0
212.0,56.0,120.0,101.0,64.0,30.0,247.0,104.0,2.0,9.0,11.0,21.0,25.0,30.0,33.0,37.0,40.0,59.0,60.0,81.0
81.0,3780.0,30.0,39.0,5460.0,30.0,60.0,30.0,1.0,10.0,16.0,22.0,25.0,28.0,34.0,38.0,41.0,42.0,72.0,81.0
192.0,52.0,30.0,63.0,57.0,10.0,0.0,0.0,2.0,9.0,11.0,21.0,25.0,29.0,33.0,37.0,40.0,57.0,60.0,81.0
224.0,128.0,30.0,80.0,182.0,20.0,176.0,108.0,2.0,9.0,13.0,22.0,24.0,28.0,34.0,37.0,40.0,57.0,72.0,81.0
104.0,109.0,60.0,82.0,130.0,10.0,104.0,104.0,0.0,10.0,13.0,22.0,25.0,29.0,34.0,38.0,40.0,58.0,79.0,81.0
141.0,61.0,120.0,74.0,74.0,20.0,80.0,48.0,2.0,10.0,11.0,22.0,24.0,29.0,34.0,38.0,40.0,43.0,60.0,81.0
236.0,74.0,60.0,81.0,99.0,30.0,325.0,128.0,0.0,9.0,11.0,22.0,25.0,28.0,33.0,37.0,40.0,59.0,60.0,81.0
232.0,92.0,60.0,124.0,127.0,30.0,170.0,155.0,2.0,10.0,11.0,21.0,25.0,29.0,34.0,38.0,40.0,42.0,77.0,81.0
216.0,87.0,120.0,102.0,122.0,10.0,180.0,92.0,0.0,10.0,11.0,22.0,24.0,29.0,34.0,38.0,40.0,57.0,60.0,81.0
372.0,98.0,120.0,210.0,118.0,20.0,168.0,104.0,2.0,10.0,11.0,22.0,24.0,28.0,34.0,38.0,40.0,52.0,78.0,81.0
130.0,1850.0,120.0,58.0,2960.0,10.0,0.0,0.0,2.0,9.0,17.0,21.0,25.0,31.0,33.0,36.0,41.0,52.0,60.0,82.0
217.0,200.0,120.0,143.0,210.0,30.0,180.0,115.0,2.0,10.0,13.0,22.0,25.0,30.0,34.0,38.0,40.0,57.0,60.0,81.0
196.0,64.0,60.0,82.0,66.0,20.0,136.0,84.0,2.0,9.0,11.0,21.0,25.0,29.0,34.0,37.0,40.0,42.0,77.0,81.0
116.0,38.0,30.0,48.0,45.0,30.0,0.0,0.0,0.0,9.0,11.0,22.0,25.0,28.0,34.0,37.0,40.0,52.0,74.0,81.0
157.0,2610.0,30.0,67.0,3770.0,30.0,0.0,0.0,2.0,10.0,17.0,21.0,25.0,31.0,33.0,36.0,41.0,52.0,61.0,81.0
144.0,91.0,60.0,92.0,116.0,30.0,120.0,80.0,2.0,9.0,13.0,21.0,24.0,28.0,34.0,37.0,40.0,42.0,61.0,81.0
140.0,5040.0,60.0,96.0,5040.0,20.0,64.0,120.0,0.0,10.0,16.0,22.0,26.0,28.0,34.0,38.0,41.0,48.0,60.0,81.0
103.0,3780.0,60.0,60.0,6720.0,30.0,64.0,91.0,2.0,10.0,16.0,21.0,25.0,30.0,34.0,38.0,41.0,43.0,60.0,82.0
233.0,152.0,30.0,178.0,181.0,30.0,150.0,90.0,3.0,10.0,13.0,21.0,25.0,30.0,34.0,37.0,40.0,59.0,61.0,81.0
236.0,111.0,120.0,81.0,132.0,20.0,168.0,120.0,3.0,9.0,13.0,20.0,24.0,28.0,34.0,37.0,40.0,59.0,60.0,81.0
146.0,80.0,120.0,49.0,106.0,10.0,143.0,84.0,3.0,9.0,13.0,21.0,24.0,28.0,33.0,37.0,40.0,59.0,61.0,81.0
297.0,90.0,30.0,180.0,97.0,10.0,180.0,104.0,2.0,10.0,11.0,21.0,24.0,30.0,34.0,38.0,40.0,59.0,68.0,81.0
150.0,117.0,30.0,120.0,142.0,20.0,117.0,55.0,1.0,10.0,13.0,21.0,25.0,30.0,34.0,38.0,40.0,59.0,65.0,81.0
169.0,4200.0,30.0,131.0,6720.0,20.0,0.0,0.0,2.0,10.0,16.0,21.0,24.0,31.0,34.0,36.0,41.0,43.0,73.0,81.0
142.0,163.0,30.0,101.0,162.0,10.0,182.0,136.0,2.0,10.0,13.0,22.0,25.0,29.0,34.0,38.0,40.0,43.0,72.0,81.0
85.0,3120.0,30.0,36.0,3120.0,10.0,78.0,45.0,1.0,9.0,16.0,21.0,25.0,28.0,33.0,36.0,41.0,52.0,60.0,81.0
394.0,274.0,30.0,348.0,293.0,30.0,312.0,116.0,3.0,10.0,13.0,21.0,25.0,31.0,34.0,37.0,40.0,57.0,76.0,81.0
195.0,59.0,120.0,119.0,64.0,20.0,182.0,90.0,3.0,9.0,11.0,21.0,24.0,29.0,34.0,37.0,40.0,59.0,80.0,81.0
355.0,161.0,30.0,280.0,198.0,20.0,184.0,132.0,0.0,9.0,13.0,23.0,24.0,29.0,34.0,38.0,40.0,57.0,76.0,81.0
164.0,99.0,30.0,66.0,139.0,20.0,112.0,72.0,0.0,9.0,13.0,22.0,25.0,29.0,34.0,38.0,40.0,43.0,72.0,81.0
374.0,58.0,120.0,223.0,66.0,20.0,144.0,104.0,3.0,9.0,11.0,21.0,25.0,28.0,33.0,37.0,40.0,42.0,77.0,81.0
186.0,163.0,60.0,108.0,181.0,30.0,182.0,84.0,2.0,10.0,13.0,22.0,25.0,29.0,34.0,38.0,40.0,43.0,72.0,81.0
90.0,47.0,120.0,55.0,53.0,20.0,56.0,32.0,3.0,9.0,13.0,21.0,25.0,31.0,34.0,36.0,40.0,59.0,77.0,81.0
114.0,58.0,30.0,39.0,81.0,20.0,117.0,75.0,2.0,10.0,11.0,23.0,25.0,29.0,34.0,38.0,40.0,43.0,60.0,81.0
197.0,44.0,60.0,86.0,50.0,10.0,0.0,0.0,2.0,9.0,12.0,21.0,24.0,27.0,34.0,39.0,40.0,42.0,79.0,82.0
77.0,12.0,60.0,55.0,15.0,10.0,91.0,19.0,5.0,9.0,12.0,21.0,25.0,29.0,34.0,37.0,40.0,59.0,77.0,81.0
200.0,94.0,120.0,63.0,133.0,10.0,210.0,112.0,1.0,10.0,11.0,21.0,24.0,31.0,34.0,38.0,40.0,59.0,60.0,81.0
206.0,41.0,30.0,121.0,53.0,20.0,156.0,65.0,3.0,9.0,11.0,21.0,25.0,30.0,34.0,37.0,40.0,43.0,69.0,81.0
205.0,2600.0,120.0,93.0,4160.0,10.0,0.0,0.0,2.0,9.0,16.0,21.0,25.0,27.0,34.0,36.0,41.0,52.0,61.0,82.0
113.0,49.0,30.0,102.0,54.0,10.0,0.0,0.0,1.0,10.0,11.0,21.0,25.0,28.0,34.0,39.0,40.0,48.0,79.0,82.0
147.0,40.0,120.0,66.0,54.0,10.0,0.0,0.0,2.0,9.0,11.0,21.0,26.0,29.0,33.0,36.0,40.0,59.0,61.0,81.0
82.0,60.0,120.0,38.0,86.0,10.0,56.0,35.0,0.0,9.0,13.0,21.0,24.0,27.0,34.0,36.0,40.0,57.0,61.0,81.0
49.0,102.0,120.0,26.0,133.0,20.0,40.0,32.0,1.0,9.0,18.0,21.0,25.0,28.0,33.0,37.0,40.0,57.0,79.0,81.0
290.0,173.0,120.0,161.0,194.0,20.0,312.0,150.0,3.0,9.0,13.0,21.0,25.0,30.0,34.0,37.0,40.0,55.0,79.0,81.0
57.0,101.0,120.0,40.0,109.0,10.0,88.0,80.0,2.0,10.0,11.0,20.0,24.0,29.0,34.0,35.0,40.0,57.0,61.0,81.0
225.0,58.0,120.0,115.0,58.0,30.0,150.0,90.0,2.0,9.0,11.0,22.0,25.0,30.0,34.0,38.0,40.0,43.0,79.0,81.0
124.0,2600.0,30.0,66.0,3380.0,30.0,117.0,48.0,4.0,9.0,16.0,23.0,25.0,28.0,34.0,36.0,41.0,43.0,60.0,82.0
257.0,146.0,30.0,84.0,165.0,10.0,351.0,214.0,3.0,10.0,11.0,21.0,25.0,29.0,34.0,37.0,40.0,59.0,72.0,81.0
133.0,163.0,60.0,123.0,196.0,20.0,117.0,50.0,2.0,10.0,18.0,21.0,24.0,30.0,33.0,37.0,40.0,59.0,77.0,82.0
133.0,170.0,120.0,84.0,181.0,20.0,130.0,50.0,2.0,10.0,13.0,23.0,25.0,29.0,34.0,38.0,40.0,43.0,60.0,81.0
192.0,45.0,30.0,152.0,53.0,20.0,96.0,64.0,3.0,9.0,11.0,21.0,25.0,28.0,34.0,39.0,40.0,43.0,77.0,81.0
250.0,90.0,30.0,169.0,105.0,30.0,234.0,104.0,2.0,10.0,11.0,21.0,24.0,30.0,34.0,38.0,40.0,59.0,68.0,81.0
161.0,95.0,30.0,124.0,123.0,20.0,88.0,52.0,2.0,9.0,13.0,22.0,25.0,28.0,34.0,37.0,40.0,52.0,61.0,81.0
247.0,98.0,30.0,80.0,112.0,10.0,208.0,165.0,2.0,10.0,11.0,23.0,25.0,29.0,34.0,38.0,40.0,52.0,77.0,81.0
236.0,189.0,120.0,81.0,225.0,20.0,152.0,120.0,2.0,10.0,13.0,21.0,24.0,29.0,34.0,37.0,40.0,59.0,60.0,81.0
171.0,113.0,120.0,89.0,150.0,10.0,136.0,130.0,2.0,10.0,11.0,22.0,25.0,29.0,34.0,38.0,40.0,57.0,60.0,81.0
120.0,2600.0,60.0,77.0,4160.0,30.0,0.0,0.0,0.0,9.0,16.0,21.0,24.0,29.0,33.0,37.0,41.0,42.0,65.0,81.0
231.0,97.0,30.0,95.0,109.0,10.0,180.0,92.0,2.0,10.0,11.0,22.0,25.0,29.0,34.0,38.0,40.0,57.0,60.0,81.0
247.0,131.0,30.0,92.0,178.0,20.0,220.0,162.0,2.0,10.0,11.0,22.0,24.0,30.0,34.0,38.0,40.0,57.0,72.0,81.0
132.0,2600.0,120.0,83.0,3120.0,30.0,0.0,0.0,0.0,9.0,16.0,22.0,25.0,29.0,34.0,38.0,41.0,55.0,60.0,81.0
64.0,4200.0,120.0,42.0,5040.0,30.0,0.0,0.0,1.0,10.0,16.0,22.0,25.0,28.0,34.0,38.0,41.0,59.0,77.0,81.0
123.0,153.0,60.0,98.0,167.0,20.0,143.0,200.0,2.0,10.0,13.0,21.0,26.0,30.0,34.0,38.0,40.0,48.0,60.0,82.0
88.0,32.0,60.0,87.0,35.0,20.0,0.0,0.0,1.0,9.0,11.0,21.0,25.0,29.0,34.0,36.0,40.0,59.0,65.0,82.0
89.0,42.0,30.0,63.0,63.0,30.0,65.0,20.0,2.0,9.0,13.0,22.0,25.0,28.0,34.0,38.0,40.0,51.0,60.0,81.0
115.0,48.0,120.0,39.0,53.0,20.0,143.0,65.0,2.0,9.0,11.0,21.0,25.0,28.0,34.0,37.0,40.0,43.0,79.0,81.0
280.0,57.0,30.0,134.0,64.0,10.0,0.0,0.0,2.0,9.0,11.0,21.0,24.0,29.0,33.0,36.0,40.0,42.0,77.0,81.0
207.0,131.0,120.0,99.0,146.0,20.0,221.0,95.0,2.0,10.0,11.0,21.0,25.0,29.0,33.0,39.0,40.0,58.0,60.0,81.0
149.0,52.0,60.0,68.0,65.0,10.0,56.0,40.0,0.0,9.0,13.0,21.0,24.0,29.0,33.0,36.0,40.0,43.0,77.0,81.0
95.0,18.0,60.0,37.0,20.0,20.0,0.0,0.0,2.0,9.0,12.0,21.0,25.0,27.0,33.0,39.0,40.0,43.0,77.0,81.0
103.0,30.0,30.0,34.0,38.0,30.0,56.0,52.0,3.0,9.0,11.0,23.0,24.0,30.0,34.0,38.0,40.0,43.0,77.0,81.0
162.0,101.0,120.0,72.0,137.0,10.0,88.0,95.0,0.0,10.0,11.0,22.0,25.0,29.0,33.0,38.0,40.0,52.0,61.0,81.0
76.0,2600.0,60.0,43.0,3380.0,10.0,0.0,0.0,1.0,9.0,16.0,23.0,25.0,29.0,34.0,38.0,41.0,57.0,79.0,81.0
112.0,3780.0,60.0,63.0,5460.0,10.0,130.0,195.0,0.0,10.0,16.0,22.0,25.0,29.0,34.0,38.0,41.0,54.0,72.0,81.0
82.0,50.0,60.0,34.0,65.0,10.0,70.0,32.0,1.0,10.0,11.0,20.0,24.0,29.0,34.0,35.0,40.0,43.0,77.0,81.0
224.0,131.0,30.0,71.0,140.0,10.0,338.0,156.0,2.0,10.0,11.0,22.0,25.0,29.0,34.0,38.0,40.0,57.0,72.0,81.0
142.0,96.0,60.0,69.0,123.0,30.0,130.0,48.0,0.0,9.0,13.0,21.0,24.0,29.0,34.0,37.0,40.0,43.0,74.0,81.0
150.0,88.0,60.0,64.0,97.0,20.0,221.0,105.0,2.0,10.0,11.0,23.0,24.0,28.0,33.0,38.0,40.0,57.0,60.0,81.0
89.0,50.0,60.0,63.0,70.0,20.0,40.0,20.0,2.0,9.0,13.0,22.0,25.0,28.0,34.0,38.0,40.0,51.0,60.0,81.0
82.0,3120.0,120.0,27.0,3380.0,20.0,117.0,100.0,1.0,9.0,16.0,21.0,25.0,29.0,34.0,38.0,41.0,43.0,60.0,81.0
114.0,2600.0,60.0,77.0,3120.0,20.0,143.0,80.0,2.0,9.0,16.0,21.0,25.0,28.0,34.0,36.0,41.0,42.0,61.0,82.0
118.0,36.0,30.0,60.0,42.0,30.0,130.0,56.0,3.0,9.0,11.0,21.0,24.0,29.0,34.0,37.0,40.0,57.0,61.0,81.0
236.0,123.0,120.0,71.0,172.0,10.0,247.0,169.0,3.0,9.0,13.0,23.0,25.0,27.0,34.0,36.0,40.0,59.0,60.0,81.0
89.0,45.0,30.0,34.0,52.0,10.0,56.0,45.0,3.0,9.0,13.0,21.0,25.0,31.0,33.0,38.0,40.0,57.0,61.0,81.0
222.0,98.0,30.0,93.0,112.0,10.0,208.0,215.0,3.0,10.0,11.0,21.0,25.0,30.0,34.0,38.0,40.0,59.0,64.0,81.0
220.0,128.0,30.0,190.0,142.0,30.0,130.0,85.0,2.0,10.0,13.0,22.0,24.0,30.0,34.0,37.0,40.0,57.0,74.0,81.0
97.0,122.0,60.0,55.0,167.0,30.0,80.0,71.0,2.0,10.0,13.0,22.0,24.0,30.0,34.0,38.0,40.0,43.0,60.0,81.0
181.0,76.0,120.0,62.0,109.0,10.0,150.0,72.0,2.0,10.0,11.0,22.0,25.0,28.0,34.0,38.0,40.0,52.0,61.0,81.0
61.0,188.0,30.0,28.0,334.0,20.0,0.0,0.0,2.0,9.0,18.0,22.0,25.0,27.0,33.0,36.0,40.0,59.0,77.0,81.0
80.0,2340.0,30.0,38.0,3380.0,30.0,0.0,0.0,2.0,9.0,16.0,21.0,25.0,31.0,33.0,37.0,41.0,42.0,72.0,81.0
109.0,25.0,60.0,54.0,38.0,30.0,0.0,0.0,1.0,9.0,11.0,21.0,25.0,29.0,34.0,39.0,40.0,57.0,61.0,81.0
114.0,36.0,30.0,55.0,43.0,30.0,110.0,85.0,3.0,9.0,11.0,21.0,25.0,29.0,34.0,38.0,40.0,59.0,61.0,81.0
68.0,34.0,60.0,36.0,40.0,20.0,40.0,26.0,2.0,9.0,13.0,21.0,25.0,31.0,33.0,36.0,40.0,57.0,79.0,81.0
201.0,106.0,60.0,149.0,116.0,20.0,221.0,115.0,1.0,9.0,13.0,21.0,24.0,29.0,34.0,38.0,40.0,59.0,67.0,81.0
115.0,156.0,120.0,75.0,194.0,10.0,72.0,65.0,0.0,10.0,13.0,22.0,24.0,30.0,33.0,37.0,40.0,42.0,61.0,81.0
105.0,50.0,30.0,66.0,76.0,30.0,40.0,32.0,2.0,9.0,13.0,22.0,25.0,28.0,34.0,38.0,40.0,51.0,60.0,81.0
225.0,166.0,120.0,146.0,189.0,20.0,128.0,84.0,0.0,10.0,13.0,22.0,24.0,29.0,34.0,38.0,40.0,57.0,60.0,81.0
102.0,91.0,30.0,85.0,121.0,20.0,56.0,40.0,1.0,10.0,13.0,21.0,24.0,30.0,33.0,39.0,40.0,59.0,65.0,81.0
110.0,35.0,120.0,59.0,43.0,20.0,0.0,0.0,0.0,9.0,11.0,22.0,25.0,28.0,33.0,36.0,40.0,43.0,60.0,81.0
406.0,149.0,120.0,225.0,198.0,10.0,325.0,169.0,3.0,9.0,13.0,21.0,25.0,31.0,34.0,39.0,40.0,59.0,73.0,81.0
189.0,97.0,60.0,114.0,112.0,30.0,195.0,76.0,2.0,10.0,11.0,22.0,24.0,28.0,34.0,38.0,40.0,43.0,72.0,81.0
190.0,65.0,60.0,101.0,74.0,10.0,160.0,80.0,2.0,9.0,11.0,21.0,25.0,29.0,34.0,36.0,40.0,57.0,60.0,82.0
195.0,184.0,30.0,85.0,218.0,30.0,208.0,72.0,2.0,10.0,13.0,23.0,25.0,29.0,33.0,37.0,40.0,57.0,60.0,81.0
165.0,2220.0,60.0,90.0,2960.0,30.0,0.0,0.0,2.0,9.0,17.0,21.0,25.0,27.0,33.0,39.0,41.0,52.0,62.0,81.0
230.0,90.0,30.0,123.0,97.0,10.0,190.0,124.0,0.0,10.0,11.0,23.0,24.0,29.0,34.0,38.0,40.0,59.0,67.0,81.0
112.0,4200.0,120.0,63.0,5040.0,30.0,80.0,195.0,0.0,10.0,16.0,22.0,25.0,29.0,34.0,38.0,41.0,54.0,72.0,81.0
200.0,176.0,30.0,104.0,245.0,20.0,128.0,84.0,2.0,10.0,13.0,22.0,25.0,29.0,34.0,38.0,40.0,43.0,72.0,81.0
148.0,2900.0,60.0,111.0,3480.0,20.0,0.0,0.0,2.0,10.0,17.0,21.0,25.0,31.0,33.0,36.0,41.0,43.0,72.0,82.0
103.0,2340.0,60.0,55.0,4160.0,30.0,60.0,65.0,0.0,9.0,16.0,23.0,25.0,29.0,34.0,38.0,41.0,42.0,61.0,82.0
106.0,2610.0,120.0,41.0,3770.0,20.0,0.0,0.0,2.0,10.0,17.0,21.0,25.0,31.0,33.0,36.0,41.0,42.0,61.0,82.0
179.0,98.0,120.0,74.0,111.0,30.0,0.0,0.0,0.0,9.0,13.0,22.0,25.0,29.0,34.0,37.0,40.0,52.0,61.0,81.0
122.0,128.0,30.0,64.0,153.0,30.0,130.0,75.0,2.0,10.0,13.0,20.0,24.0,29.0,34.0,35.0,40.0,43.0,79.0,81.0
116.0,48.0,60.0,58.0,50.0,20.0,108.0,80.0,0.0,9.0,11.0,21.0,25.0,28.0,34.0,38.0,40.0,54.0,61.0,81.0
92.0,72.0,120.0,48.0,94.0,10.0,64.0,50.0,1.0,10.0,11.0,21.0,25.0,28.0,33.0,37.0,40.0,42.0,61.0,81.0
168.0,2340.0,60.0,131.0,4160.0,30.0,0.0,0.0,1.0,9.0,16.0,21.0,25.0,28.0,33.0,36.0,41.0,43.0,72.0,82.0
134.0,6.0,60.0,66.0,8.0,30.0,0.0,0.0,8.0,9.0,19.0,21.0,25.0,27.0,34.0,36.0,40.0,52.0,60.0,81.0
120.0,5040.0,60.0,53.0,6720.0,30.0,78.0,80.0,0.0,10.0,16.0,22.0,25.0,29.0,34.0,38.0,41.0,42.0,72.0,81.0
94.0,5040.0,120.0,55.0,5040.0,30.0,100.0,50.0,1.0,10.0,16.0,22.0,25.0,29.0,34.0,39.0,41.0,57.0,79.0,82.0
511.0,247.0,60.0,325.0,274.0,20.0,290.0,227.0,2.0,10.0,13.0,22.0,25.0,29.0,33.0,37.0,40.0,57.0,73.0,81.0
51.0,2600.0,120.0,28.0,3380.0,20.0,50.0,78.0,1.0,9.0,16.0,23.0,25.0,28.0,33.0,37.0,41.0,59.0,77.0,81.0
180.0,59.0,30.0,114.0,62.0,10.0,182.0,117.0,3.0,9.0,11.0,21.0,24.0,29.0,34.0,37.0,40.0,59.0,80.0,81.0
41.0,369.0,60.0,22.0,443.0,20.0,65.0,25.0,1.0,10.0,18.0,22.0,24.0,28.0,33.0,37.0,40.0,59.0,77.0,82.0
336.0,65.0,30.0,84.0,97.0,20.0,416.0,170.0,3.0,9.0,11.0,21.0,24.0,28.0,33.0,37.0,40.0,59.0,72.0,81.0
221.0,184.0,120.0,78.0,254.0,10.0,299.0,156.0,2.0,10.0,13.0,22.0,25.0,30.0,34.0,37.0,40.0,42.0,77.0,81.0
105.0,61.0,30.0,66.0,74.0,30.0,100.0,65.0,2.0,10.0,11.0,21.0,25.0,30.0,33.0,38.0,40.0,42.0,61.0,81.0
171.0,143.0,60.0,100.0,169.0,30.0,117.0,48.0,3.0,10.0,13.0,21.0,25.0,31.0,34.0,37.0,40.0,51.0,74.0,81.0
353.0,2600.0,30.0,284.0,4160.0,20.0,168.0,104.0,2.0,9.0,16.0,21.0,25.0,30.0,33.0,36.0,41.0,57.0,76.0,81.0
62.0,76.0,120.0,43.0,116.0,20.0,0.0,0.0,0.0,10.0,13.0,22.0,24.0,28.0,34.0,38.0,40.0,42.0,72.0,81.0
283.0,65.0,30.0,95.0,78.0,10.0,216.0,190.0,3.0,9.0,11.0,21.0,25.0,29.0,33.0,37.0,40.0,59.0,72.0,81.0
78.0,10.0,30.0,45.0,15.0,20.0,110.0,15.0,5.0,9.0,12.0,21.0,24.0,28.0,33.0,36.0,40.0,59.0,77.0,81.0
200.0,252.0,120.0,71.0,281.0,20.0,247.0,140.0,2.0,10.0,13.0,20.0,24.0,29.0,34.0,35.0,40.0,59.0,60.0,81.0
200.0,17.0,60.0,81.0,25.0,10.0,247.0,149.0,2.0,10.0,16.0,21.0,24.0,30.0,34.0,38.0,40.0,42.0,79.0,81.0
176.0,46.0,60.0,124.0,57.0,30.0,120.0,65.0,3.0,9.0,11.0,21.0,25.0,30.0,34.0,37.0,40.0,43.0,69.0,81.0
150.0,211.0,30.0,50.0,225.0,10.0,221.0,136.0,2.0,10.0,13.0,22.0,24.0,28.0,34.0,38.0,40.0,42.0,77.0,81.0
174.0,23.0,120.0,66.0,25.0,20.0,221.0,95.0,0.0,10.0,16.0,21.0,24.0,28.0,34.0,38.0,40.0,57.0,60.0,81.0
245.0,115.0,30.0,116.0,132.0,10.0,168.0,130.0,3.0,9.0,13.0,21.0,25.0,29.0,34.0,37.0,40.0,59.0,60.0,81.0
239.0,105.0,120.0,114.0,127.0,30.0,168.0,175.0,2.0,10.0,11.0,22.0,24.0,30.0,33.0,38.0,40.0,52.0,77.0,81.0
274.0,2600.0,30.0,131.0,3120.0,10.0,210.0,48.0,0.0,9.0,16.0,21.0,25.0,29.0,34.0,37.0,41.0,45.0,77.0,81.0
146.0,83.0,60.0,67.0,95.0,10.0,72.0,50.0,1.0,9.0,13.0,21.0,25.0,28.0,34.0,36.0,40.0,54.0,61.0,81.0
75.0,3120.0,120.0,31.0,4160.0,10.0,72.0,100.0,1.0,9.0,16.0,21.0,25.0,29.0,34.0,38.0,41.0,43.0,60.0,81.0
100.0,2600.0,120.0,51.0,3380.0,20.0,80.0,65.0,4.0,9.0,16.0,21.0,25.0,29.0,34.0,37.0,41.0,42.0,61.0,81.0
96.0,2220.0,120.0,43.0,2405.0,20.0,0.0,0.0,2.0,9.0,17.0,22.0,24.0,27.0,33.0,36.0,41.0,52.0,60.0,81.0
88.0,3780.0,120.0,32.0,6720.0,10.0,60.0,24.0,1.0,10.0,16.0,22.0,25.0,28.0,34.0,38.0,41.0,42.0,72.0,81.0
179.0,90.0,60.0,91.0,99.0,10.0,88.0,65.0,2.0,9.0,13.0,21.0,24.0,28.0,34.0,37.0,40.0,50.0,61.0,81.0
239.0,130.0,120.0,82.0,139.0,30.0,170.0,100.0,2.0,9.0,13.0,22.0,25.0,29.0,34.0,37.0,40.0,43.0,72.0,81.0
116.0,36.0,30.0,61.0,42.0,10.0,108.0,100.0,0.0,9.0,11.0,21.0,25.0,28.0,34.0,38.0,40.0,54.0,61.0,82.0
181.0,74.0,120.0,96.0,94.0,10.0,143.0,97.0,2.0,10.0,11.0,21.0,25.0,30.0,34.0,38.0,40.0,42.0,61.0,81.0
135.0,46.0,30.0,61.0,50.0,30.0,64.0,65.0,2.0,9.0,11.0,23.0,24.0,28.0,34.0,38.0,40.0,43.0,60.0,81.0
138.0,64.0,30.0,87.0,76.0,10.0,91.0,52.0,0.0,9.0,13.0,21.0,24.0,29.0,34.0,38.0,40.0,57.0,61.0,81.0
57.0,5040.0,60.0,31.0,5040.0,20.0,0.0,0.0,1.0,10.0,16.0,22.0,24.0,29.0,34.0,38.0,41.0,57.0,79.0,81.0
245.0,97.0,60.0,108.0,114.0,20.0,170.0,130.0,2.0,9.0,13.0,21.0,26.0,28.0,33.0,36.0,40.0,42.0,77.0,81.0
120.0,78.0,60.0,49.0,99.0,30.0,156.0,48.0,2.0,10.0,11.0,23.0,25.0,29.0,34.0,38.0,40.0,43.0,60.0,81.0
95.0,31.0,30.0,50.0,42.0,20.0,72.0,40.0,2.0,9.0,11.0,20.0,24.0,29.0,33.0,35.0,40.0,43.0,77.0,81.0
158.0,3120.0,120.0,76.0,3120.0,30.0,0.0,0.0,1.0,9.0,16.0,21.0,25.0,28.0,33.0,39.0,41.0,58.0,61.0,82.0
207.0,59.0,30.0,110.0,72.0,30.0,0.0,0.0,2.0,9.0,11.0,21.0,24.0,27.0,34.0,36.0,40.0,59.0,60.0,81.0
236.0,148.0,30.0,71.0,165.0,30.0,168.0,162.0,2.0,9.0,13.0,23.0,25.0,28.0,34.0,38.0,40.0,59.0,60.0,81.0
332.0,58.0,120.0,199.0,66.0,20.0,152.0,96.0,3.0,9.0,11.0,21.0,24.0,29.0,34.0,38.0,40.0,52.0,65.0,81.0
66.0,3120.0,120.0,47.0,4160.0,10.0,0.0,0.0,1.0,9.0,16.0,23.0,25.0,29.0,34.0,38.0,41.0,57.0,79.0,81.0
106.0,52.0,30.0,39.0,65.0,30.0,48.0,52.0,3.0,9.0,13.0,21.0,24.0,28.0,33.0,37.0,40.0,52.0,60.0,81.0
169.0,100.0,120.0,56.0,108.0,20.0,195.0,140.0,0.0,10.0,15.0,21.0,25.0,29.0,34.0,38.0,40.0,52.0,61.0,81.0
252.0,158.0,30.0,133.0,210.0,20.0,220.0,188.0,2.0,9.0,13.0,22.0,25.0,29.0,34.0,38.0,40.0,42.0,79.0,81.0
173.0,48.0,30.0,91.0,58.0,30.0,170.0,90.0,3.0,9.0,11.0,21.0,24.0,28.0,34.0,37.0,40.0,42.0,77.0,81.0
157.0,94.0,30.0,111.0,112.0,20.0,130.0,104.0,2.0,10.0,11.0,22.0,25.0,29.0,34.0,39.0,40.0,55.0,61.0,81.0
107.0,43.0,30.0,56.0,56.0,20.0,0.0,0.0,1.0,9.0,11.0,21.0,25.0,28.0,33.0,37.0,40.0,42.0,61.0,82.0
229.0,210.0,30.0,92.0,254.0,30.0,286.0,120.0,2.0,10.0,13.0,22.0,25.0,29.0,34.0,38.0,40.0,42.0,79.0,81.0
95.0,2340.0,60.0,46.0,4160.0,30.0,0.0,0.0,2.0,9.0,16.0,21.0,25.0,29.0,34.0,37.0,41.0,52.0,60.0,82.0
116.0,1665.0,60.0,49.0,2220.0,20.0,0.0,0.0,2.0,9.0,17.0,22.0,25.0,27.0,33.0,36.0,41.0,52.0,60.0,81.0
295.0,112.0,30.0,181.0,133.0,30.0,260.0,100.0,3.0,10.0,11.0,21.0,25.0,30.0,34.0,37.0,40.0,42.0,78.0,81.0
201.0,41.0,60.0,120.0,48.0,20.0,130.0,91.0,3.0,9.0,11.0,21.0,25.0,29.0,34.0,37.0,40.0,42.0,61.0,81.0
187.0,106.0,30.0,144.0,109.0,10.0,195.0,136.0,2.0,10.0,11.0,22.0,25.0,28.0,34.0,38.0,40.0,52.0,61.0,81.0
219.0,79.0,30.0,105.0,86.0,10.0,325.0,188.0,3.0,9.0,11.0,21.0,25.0,28.0,34.0,37.0,40.0,59.0,75.0,81.0
169.0,41.0,120.0,117.0,54.0,10.0,130.0,56.0,3.0,9.0,11.0,21.0,25.0,29.0,34.0,37.0,40.0,42.0,61.0,81.0
207.0,3780.0,120.0,70.0,6720.0,10.0,165.0,132.0,0.0,10.0,16.0,21.0,25.0,29.0,34.0,38.0,41.0,42.0,79.0,81.0
200.0,126.0,120.0,71.0,140.0,20.0,273.0,140.0,1.0,10.0,11.0,21.0,24.0,31.0,34.0,38.0,40.0,59.0,60.0,81.0
98.0,22.0,30.0,45.0,26.0,10.0,48.0,40.0,2.0,9.0,11.0,22.0,24.0,28.0,33.0,37.0,40.0,42.0,72.0,81.0
146.0,3120.0,120.0,71.0,3120.0,30.0,90.0,40.0,6.0,9.0,16.0,21.0,25.0,28.0,34.0,36.0,41.0,42.0,72.0,82.0
105.0,117.0,120.0,60.0,136.0,30.0,0.0,0.0,0.0,10.0,13.0,22.0,25.0,28.0,33.0,38.0,40.0,42.0,61.0,81.0
89.0,60.0,120.0,34.0,76.0,20.0,91.0,45.0,0.0,9.0,13.0,21.0,24.0,28.0,34.0,38.0,40.0,57.0,61.0,81.0
206.0,221.0,60.0,121.0,254.0,10.0,210.0,88.0,2.0,10.0,13.0,22.0,24.0,29.0,34.0,38.0,40.0,57.0,60.0,81.0
112.0,85.0,60.0,60.0,88.0,20.0,72.0,52.0,3.0,10.0,11.0,21.0,25.0,29.0,34.0,38.0,40.0,43.0,60.0,81.0
125.0,46.0,120.0,101.0,48.0,20.0,156.0,75.0,5.0,9.0,11.0,21.0,24.0,29.0,34.0,38.0,40.0,59.0,78.0,81.0
196.0,158.0,30.0,88.0,184.0,10.0,136.0,120.0,2.0,10.0,13.0,21.0,24.0,31.0,34.0,38.0,40.0,57.0,60.0,81.0
163.0,47.0,120.0,67.0,53.0,30.0,182.0,60.0,2.0,9.0,11.0,22.0,24.0,28.0,34.0,37.0,40.0,43.0,72.0,81.0
211.0,59.0,120.0,179.0,66.0,30.0,351.0,144.0,2.0,9.0,11.0,22.0,25.0,29.0,34.0,37.0,40.0,57.0,73.0,81.0
112.0,2340.0,60.0,61.0,3380.0,10.0,0.0,0.0,1.0,9.0,16.0,21.0,25.0,27.0,33.0,39.0,41.0,43.0,60.0,81.0
148.0,3480.0,60.0,107.0,3770.0,10.0,0.0,0.0,2.0,10.0,17.0,21.0,25.0,31.0,33.0,36.0,41.0,43.0,72.0,82.0
191.0,142.0,120.0,140.0,147.0,30.0,104.0,104.0,0.0,10.0,13.0,22.0,24.0,30.0,34.0,38.0,40.0,57.0,74.0,81.0
193.0,79.0,60.0,56.0,90.0,20.0,170.0,104.0,3.0,10.0,11.0,21.0,25.0,29.0,34.0,38.0,40.0,57.0,60.0,81.0
89.0,62.0,120.0,40.0,71.0,20.0,80.0,71.0,2.0,9.0,13.0,22.0,24.0,29.0,34.0,37.0,40.0,57.0,61.0,81.0
70.0,2220.0,120.0,59.0,2960.0,10.0,40.0,25.0,2.0,9.0,17.0,21.0,25.0,27.0,34.0,36.0,41.0,42.0,72.0,81.0
147.0,86.0,120.0,108.0,95.0,30.0,104.0,84.0,3.0,9.0,13.0,21.0,24.0,30.0,34.0,38.0,40.0,42.0,65.0,81.0
213.0,92.0,60.0,180.0,99.0,20.0,208.0,95.0,3.0,10.0,11.0,21.0,25.0,29.0,34.0,38.0,40.0,53.0,61.0,81.0
191.0,97.0,60.0,111.0,109.0,20.0,260.0,115.0,2.0,10.0,11.0,21.0,24.0,29.0,34.0,37.0,40.0,57.0,69.0,81.0
220.0,210.0,120.0,101.0,245.0,30.0,176.0,188.0,2.0,10.0,13.0,22.0,24.0,29.0,34.0,38.0,40.0,42.0,79.0,81.0
234.0,50.0,30.0,188.0,64.0,30.0,170.0,100.0,2.0,9.0,11.0,21.0,25.0,28.0,34.0,37.0,40.0,55.0,65.0,81.0
66.0,171.0,60.0,33.0,222.0,10.0,40.0,20.0,1.0,10.0,18.0,21.0,25.0,27.0,34.0,36.0,40.0,59.0,77.0,81.0
125.0,72.0,120.0,44.0,99.0,10.0,120.0,64.0,1.0,9.0,13.0,21.0,24.0,28.0,33.0,37.0,40.0,59.0,61.0,81.0
125.0,68.0,60.0,49.0,92.0,30.0,120.0,75.0,3.0,10.0,11.0,23.0,24.0,30.0,34.0,38.0,40.0,59.0,61.0,81.0
120.0,71.0,60.0,81.0,78.0,20.0,169.0,75.0,2.0,10.0,11.0,21.0,24.0,30.0,34.0,38.0,40.0,52.0,61.0,81.0
179.0,31.0,120.0,96.0,32.0,30.0,110.0,30.0,0.0,9.0,12.0,22.0,25.0,28.0,33.0,36.0,40.0,42.0,61.0,82.0
229.0,166.0,60.0,129.0,210.0,10.0,273.0,143.0,2.0,10.0,13.0,22.0,24.0,29.0,34.0,38.0,40.0,57.0,60.0,81.0
182.0,83.0,30.0,96.0,99.0,30.0,170.0,110.0,3.0,10.0,11.0,23.0,24.0,29.0,34.0,38.0,40.0,43.0,72.0,81.0
126.0,32.0,120.0,50.0,45.0,10.0,117.0,71.0,2.0,9.0,11.0,21.0,24.0,29.0,34.0,38.0,40.0,57.0,61.0,81.0
116.0,72.0,120.0,44.0,78.0,30.0,60.0,50.0,0.0,10.0,11.0,22.0,25.0,29.0,33.0,37.0,40.0,42.0,61.0,82.0
200.0,74.0,30.0,81.0,99.0,20.0,210.0,143.0,3.0,9.0,11.0,21.0,25.0,29.0,34.0,37.0,40.0,42.0,79.0,81.0
241.0,225.0,60.0,133.0,293.0,30.0,220.0,150.0,3.0,10.0,13.0,21.0,25.0,30.0,34.0,38.0,40.0,57.0,73.0,81.0
168.0,76.0,120.0,79.0,112.0,10.0,130.0,68.0,3.0,10.0,11.0,21.0,24.0,30.0,34.0,38.0,40.0,43.0,70.0,81.0
185.0,176.0,30.0,66.0,210.0,30.0,195.0,88.0,2.0,10.0,13.0,22.0,25.0,29.0,34.0,38.0,40.0,43.0,72.0,81.0
106.0,60.0,120.0,37.0,84.0,10.0,117.0,78.0,2.0,10.0,11.0,22.0,24.0,29.0,34.0,38.0,40.0,42.0,61.0,81.0
99.0,54.0,120.0,41.0,78.0,10.0,80.0,40.0,1.0,10.0,11.0,21.0,25.0,28.0,33.0,37.0,40.0,42.0,61.0,81.0
106.0,72.0,60.0,41.0,94.0,30.0,117.0,48.0,2.0,10.0,11.0,21.0,24.0,29.0,34.0,37.0,40.0,42.0,61.0,81.0
122.0,91.0,60.0,82.0,108.0,10.0,56.0,45.0,3.0,10.0,13.0,21.0,24.0,30.0,34.0,36.0,40.0,59.0,65.0,81.0
189.0,3480.0,120.0,104.0,3480.0,30.0,0.0,0.0,2.0,10.0,17.0,21.0,25.0,31.0,33.0,36.0,41.0,43.0,72.0,82.0
66.0,40.0,30.0,33.0,58.0,20.0,91.0,35.0,2.0,9.0,13.0,21.0,26.0,28.0,33.0,36.0,40.0,59.0,77.0,81.0
54.0,2340.0,30.0,30.0,3120.0,10.0,32.0,25.0,1.0,9.0,16.0,21.0,25.0,29.0,34.0,37.0,41.0,59.0,77.0,82.0
88.0,2340.0,60.0,37.0,4160.0,30.0,72.0,65.0,0.0,9.0,16.0,22.0,25.0,28.0,34.0,38.0,41.0,42.0,61.0,82.0
138.0,68.0,120.0,62.0,90.0,10.0,117.0,78.0,2.0,10.0,11.0,22.0,25.0,30.0,34.0,38.0,40.0,43.0,60.0,81.0
131.0,38.0,120.0,56.0,52.0,10.0,117.0,65.0,2.0,9.0,11.0,22.0,25.0,29.0,34.0,37.0,40.0,43.0,60.0,81.0
122.0,3120.0,60.0,79.0,3380.0,10.0,0.0,0.0,0.0,9.0,16.0,22.0,25.0,29.0,34.0,38.0,41.0,55.0,60.0,82.0
134.0,3120.0,30.0,83.0,4160.0,20.0,0.0,0.0,1.0,9.0,16.0,21.0,25.0,28.0,33.0,39.0,41.0,58.0,61.0,82.0
249.0,81.0,30.0,98.0,112.0,20.0,195.0,105.0,2.0,10.0,11.0,22.0,24.0,29.0,34.0,38.0,40.0,52.0,61.0,81.0
124.0,60.0,60.0,86.0,68.0,20.0,130.0,65.0,3.0,10.0,11.0,21.0,25.0,31.0,34.0,38.0,40.0,43.0,77.0,81.0
336.0,294.0,120.0,84.0,330.0,30.0,320.0,185.0,2.0,10.0,13.0,22.0,24.0,28.0,34.0,38.0,40.0,52.0,79.0,81.0
173.0,1850.0,60.0,122.0,2960.0,30.0,0.0,0.0,2.0,9.0,17.0,21.0,25.0,27.0,34.0,36.0,41.0,52.0,61.0,81.0
150.0,176.0,30.0,80.0,225.0,20.0,130.0,110.0,2.0,10.0,13.0,22.0,24.0,28.0,34.0,38.0,40.0,43.0,79.0,81.0
323.0,225.0,30.0,116.0,266.0,10.0,210.0,108.0,3.0,10.0,13.0,21.0,25.0,30.0,34.0,38.0,40.0,57.0,72.0,81.0
250.0,90.0,60.0,174.0,112.0,30.0,180.0,130.0,2.0,10.0,11.0,21.0,24.0,30.0,34.0,38.0,40.0,59.0,68.0,81.0
99.0,2220.0,30.0,30.0,2405.0,30.0,0.0,0.0,1.0,9.0,17.0,21.0,26.0,27.0,34.0,39.0,41.0,43.0,77.0,81.0
182.0,123.0,120.0,63.0,144.0,20.0,210.0,195.0,3.0,9.0,13.0,20.0,24.0,28.0,34.0,37.0,40.0,59.0,60.0,81.0
200.0,252.0,120.0,71.0,281.0,20.0,273.0,135.0,2.0,10.0,13.0,22.0,24.0,30.0,34.0,38.0,40.0,59.0,60.0,81.0
195.0,75.0,120.0,84.0,100.0,30.0,325.0,164.0,0.0,10.0,15.0,22.0,25.0,29.0,34.0,38.0,40.0,59.0,60.0,81.0
164.0,79.0,60.0,64.0,97.0,10.0,221.0,156.0,2.0,10.0,11.0,22.0,24.0,29.0,34.0,38.0,40.0,42.0,77.0,81.0
167.0,68.0,30.0,112.0,76.0,10.0,120.0,105.0,2.0,10.0,11.0,23.0,25.0,30.0,34.0,38.0,40.0,57.0,74.0,81.0
79.0,18.0,60.0,46.0,22.0,10.0,40.0,25.0,2.0,9.0,11.0,23.0,24.0,30.0,34.0,38.0,40.0,59.0,77.0,81.0
258.0,58.0,120.0,121.0,82.0,10.0,0.0,0.0,6.0,9.0,11.0,21.0,24.0,28.0,34.0,39.0,40.0,59.0,60.0,81.0
233.0,50.0,120.0,145.0,64.0,10.0,182.0,104.0,2.0,9.0,11.0,22.0,25.0,28.0,34.0,37.0,40.0,43.0,72.0,81.0
104.0,38.0,120.0,56.0,45.0,20.0,90.0,58.0,3.0,9.0,11.0,21.0,24.0,28.0,34.0,37.0,40.0,42.0,61.0,81.0
194.0,87.0,120.0,80.0,122.0,10.0,180.0,92.0,2.0,10.0,11.0,22.0,24.0,30.0,34.0,38.0,40.0,57.0,60.0,81.0
185.0,43.0,30.0,151.0,49.0,30.0,130.0,100.0,3.0,9.0,11.0,21.0,25.0,29.0,34.0,37.0,40.0,57.0,74.0,81.0
200.0,126.0,30.0,81.0,168.0,20.0,210.0,162.0,0.0,10.0,11.0,21.0,24.0,28.0,34.0,37.0,40.0,59.0,60.0,81.0
103.0,45.0,60.0,34.0,52.0,20.0,70.0,58.0,0.0,9.0,13.0,21.0,24.0,28.0,34.0,38.0,40.0,57.0,61.0,81.0
163.0,106.0,60.0,84.0,123.0,20.0,273.0,130.0,2.0,9.0,13.0,22.0,25.0,28.0,34.0,37.0,40.0,57.0,60.0,81.0
170.0,57.0,60.0,84.0,64.0,20.0,247.0,95.0,2.0,9.0,11.0,21.0,25.0,29.0,34.0,37.0,40.0,57.0,60.0,82.0
220.0,50.0,30.0,110.0,58.0,10.0,150.0,60.0,3.0,9.0,11.0,21.0,24.0,28.0,33.0,37.0,40.0,43.0,72.0,81.0
95.0,26.0,30.0,51.0,38.0,20.0,56.0,32.0,3.0,9.0,11.0,21.0,24.0,29.0,34.0,38.0,40.0,42.0,72.0,81.0
237.0,110.0,120.0,82.0,118.0,30.0,170.0,110.0,2.0,10.0,11.0,22.0,24.0,28.0,34.0,37.0,40.0,52.0,65.0,81.0
106.0,70.0,30.0,41.0,83.0,10.0,90.0,44.0,2.0,9.0,13.0,21.0,24.0,29.0,34.0,37.0,40.0,42.0,61.0,81.0
161.0,2340.0,120.0,86.0,3380.0,20.0,80.0,48.0,4.0,9.0,16.0,21.0,25.0,29.0,33.0,37.0,41.0,43.0,72.0,82.0
172.0,163.0,60.0,107.0,181.0,10.0,110.0,64.0,2.0,10.0,13.0,22.0,24.0,30.0,34.0,38.0,40.0,59.0,61.0,81.0
89.0,42.0,60.0,66.0,76.0,30.0,50.0,25.0,2.0,9.0,13.0,22.0,25.0,28.0,34.0,38.0,40.0,51.0,60.0,81.0
133.0,2600.0,30.0,62.0,3120.0,10.0,75.0,40.0,0.0,9.0,16.0,23.0,25.0,29.0,34.0,38.0,41.0,42.0,61.0,81.0
236.0,74.0,60.0,81.0,99.0,30.0,247.0,84.0,3.0,9.0,11.0,21.0,25.0,29.0,34.0,38.0,40.0,59.0,60.0,81.0
103.0,60.0,60.0,38.0,86.0,30.0,91.0,28.0,0.0,9.0,13.0,21.0,24.0,27.0,34.0,36.0,40.0,57.0,61.0,81.0
103.0,3780.0,120.0,38.0,5460.0,20.0,0.0,0.0,0.0,10.0,16.0,23.0,25.0,30.0,33.0,38.0,41.0,57.0,61.0,82.0
242.0,93.0,30.0,166.0,106.0,10.0,144.0,100.0,3.0,9.0,13.0,21.0,24.0,28.0,34.0,38.0,40.0,59.0,62.0,81.0
233.0,111.0,60.0,68.0,128.0,20.0,190.0,130.0,2.0,9.0,13.0,21.0,26.0,30.0,33.0,39.0,40.0,59.0,60.0,81.0
197.0,108.0,60.0,78.0,118.0,20.0,128.0,68.0,3.0,10.0,11.0,20.0,24.0,28.0,33.0,35.0,40.0,52.0,61.0,81.0
229.0,68.0,30.0,115.0,92.0,20.0,195.0,100.0,2.0,10.0,11.0,22.0,25.0,29.0,34.0,38.0,40.0,43.0,79.0,81.0
124.0,60.0,120.0,79.0,71.0,20.0,100.0,84.0,3.0,10.0,11.0,21.0,25.0,31.0,34.0,38.0,40.0,43.0,77.0,81.0
354.0,254.0,60.0,165.0,293.0,10.0,200.0,155.0,3.0,10.0,13.0,21.0,25.0,31.0,34.0,37.0,40.0,59.0,73.0,81.0
79.0,221.0,120.0,53.0,394.0,10.0,60.0,32.0,1.0,9.0,18.0,21.0,25.0,28.0,33.0,38.0,40.0,59.0,77.0,81.0
196.0,12.0,60.0,112.0,15.0,10.0,112.0,85.0,3.0,9.0,16.0,21.0,25.0,29.0,34.0,38.0,40.0,43.0,72.0,81.0
98.0,170.0,30.0,50.0,176.0,10.0,130.0,84.0,2.0,10.0,13.0,22.0,24.0,29.0,34.0,38.0,40.0,43.0,60.0,81.0
163.0,83.0,30.0,80.0,105.0,30.0,170.0,120.0,3.0,10.0,11.0,21.0,25.0,30.0,34.0,38.0,40.0,57.0,60.0,81.0
161.0,73.0,60.0,91.0,84.0,10.0,195.0,117.0,2.0,10.0,11.0,21.0,25.0,31.0,34.0,38.0,40.0,43.0,79.0,81.0
135.0,86.0,120.0,101.0,99.0,20.0,130.0,84.0,3.0,9.0,13.0,21.0,24.0,30.0,34.0,38.0,40.0,42.0,65.0,81.0
221.0,113.0,120.0,108.0,127.0,20.0,208.0,100.0,2.0,10.0,11.0,22.0,25.0,29.0,34.0,38.0,40.0,43.0,72.0,81.0
224.0,154.0,120.0,92.0,210.0,10.0,160.0,140.0,2.0,9.0,13.0,22.0,25.0,28.0,34.0,37.0,40.0,57.0,72.0,81.0
95.0,415.0,120.0,44.0,539.0,20.0,80.0,156.0,4.0,10.0,19.0,22.0,25.0,30.0,34.0,38.0,40.0,43.0,60.0,81.0
279.0,169.0,60.0,167.0,194.0,10.0,120.0,90.0,3.0,10.0,13.0,21.0,25.0,30.0,34.0,37.0,40.0,59.0,61.0,81.0
315.0,94.0,30.0,167.0,109.0,10.0,170.0,88.0,2.0,10.0,11.0,22.0,25.0,29.0,34.0,38.0,40.0,57.0,60.0,81.0
167.0,5040.0,30.0,66.0,5040.0,10.0,182.0,117.0,2.0,10.0,16.0,21.0,25.0,30.0,34.0,38.0,41.0,51.0,61.0,81.0
161.0,48.0,30.0,64.0,53.0,30.0,60.0,91.0,2.0,9.0,11.0,21.0,25.0,31.0,33.0,36.0,40.0,59.0,61.0,81.0
100.0,48.0,60.0,55.0,53.0,10.0,100.0,48.0,2.0,9.0,11.0,22.0,24.0,28.0,34.0,38.0,40.0,43.0,60.0,81.0
82.0,25.0,30.0,34.0,38.0,20.0,56.0,32.0,2.0,9.0,11.0,21.0,25.0,28.0,33.0,37.0,40.0,57.0,61.0,81.0
212.0,68.0,120.0,146.0,76.0,20.0,112.0,76.0,2.0,10.0,11.0,22.0,25.0,29.0,34.0,37.0,40.0,52.0,68.0,81.0
116.0,40.0,30.0,58.0,46.0,30.0,175.0,80.0,0.0,9.0,11.0,21.0,25.0,28.0,34.0,38.0,40.0,54.0,61.0,82.0
167.0,60.0,60.0,142.0,64.0,10.0,140.0,76.0,3.0,9.0,11.0,21.0,24.0,31.0,34.0,37.0,40.0,42.0,77.0,81.0
183.0,150.0,60.0,99.0,169.0,20.0,140.0,123.0,0.0,10.0,13.0,21.0,24.0,29.0,34.0,38.0,40.0,57.0,60.0,81.0
142.0,74.0,30.0,102.0,88.0,20.0,96.0,68.0,2.0,10.0,11.0,22.0,24.0,29.0,34.0,38.0,40.0,57.0,67.0,81.0
196.0,53.0,30.0,82.0,64.0,30.0,221.0,84.0,2.0,9.0,11.0,21.0,25.0,29.0,34.0,37.0,40.0,42.0,77.0,81.0
265.0,94.0,60.0,102.0,112.0,10.0,128.0,100.0,2.0,10.0,11.0,22.0,25.0,29.0,34.0,38.0,40.0,43.0,72.0,81.0
248.0,105.0,60.0,97.0,118.0,10.0,152.0,140.0,2.0,10.0,11.0,22.0,25.0,29.0,34.0,38.0,40.0,57.0,60.0,81.0
321.0,270.0,30.0,145.0,310.0,30.0,192.0,188.0,2.0,10.0,13.0,22.0,25.0,29.0,34.0,37.0,40.0,42.0,79.0,81.0
186.0,176.0,30.0,102.0,181.0,30.0,128.0,169.0,3.0,10.0,13.0,21.0,24.0,29.0,34.0,38.0,40.0,49.0,77.0,81.0
195.0,166.0,30.0,91.0,194.0,10.0,128.0,90.0,2.0,10.0,13.0,23.0,25.0,29.0,33.0,37.0,40.0,57.0,60.0,81.0
216.0,87.0,120.0,82.0,109.0,20.0,144.0,96.0,2.0,10.0,11.0,22.0,24.0,29.0,34.0,38.0,40.0,57.0,60.0,81.0
98.0,64.0,60.0,50.0,84.0,30.0,80.0,78.0,2.0,10.0,11.0,23.0,24.0,29.0,34.0,37.0,40.0,43.0,60.0,81.0
114.0,61.0,30.0,70.0,76.0,20.0,91.0,50.0,2.0,9.0,13.0,21.0,26.0,29.0,33.0,36.0,40.0,58.0,79.0,81.0
164.0,108.0,120.0,82.0,146.0,10.0,128.0,95.0,3.0,10.0,11.0,21.0,25.0,30.0,34.0,37.0,40.0,42.0,77.0,81.0
182.0,189.0,120.0,71.0,218.0,30.0,273.0,96.0,2.0,10.0,13.0,21.0,25.0,29.0,34.0,36.0,40.0,59.0,60.0,81.0
154.0,58.0,120.0,78.0,62.0,20.0,0.0,0.0,2.0,9.0,11.0,21.0,25.0,27.0,34.0,36.0,40.0,59.0,61.0,81.0
323.0,270.0,30.0,104.0,322.0,30.0,168.0,175.0,3.0,10.0,13.0,21.0,25.0,30.0,34.0,38.0,40.0,57.0,72.0,81.0
172.0,3780.0,120.0,114.0,6720.0,10.0,0.0,0.0,2.0,10.0,16.0,21.0,25.0,31.0,33.0,39.0,41.0,54.0,60.0,81.0
190.0,93.0,30.0,82.0,108.0,10.0,120.0,125.0,3.0,9.0,13.0,21.0,24.0,30.0,34.0,39.0,40.0,57.0,60.0,81.0
196.0,169.0,30.0,152.0,194.0,30.0,195.0,68.0,2.0,10.0,13.0,22.0,25.0,30.0,34.0,37.0,40.0,55.0,65.0,81.0
217.0,138.0,30.0,172.0,153.0,10.0,112.0,80.0,0.0,10.0,13.0,21.0,25.0,29.0,34.0,38.0,40.0,52.0,68.0,81.0
171.0,91.0,30.0,96.0,99.0,10.0,120.0,64.0,2.0,9.0,13.0,21.0,24.0,28.0,34.0,37.0,40.0,42.0,61.0,81.0
186.0,194.0,60.0,117.0,225.0,30.0,182.0,68.0,2.0,10.0,13.0,21.0,25.0,28.0,34.0,37.0,40.0,42.0,77.0,81.0
240.0,225.0,120.0,125.0,266.0,20.0,210.0,221.0,3.0,10.0,13.0,21.0,25.0,29.0,33.0,39.0,40.0,59.0,60.0,81.0
167.0,91.0,120.0,118.0,98.0,30.0,104.0,110.0,3.0,9.0,13.0,21.0,25.0,28.0,33.0,36.0,40.0,52.0,67.0,81.0
271.0,112.0,120.0,116.0,133.0,30.0,184.0,156.0,2.0,10.0,11.0,21.0,25.0,30.0,34.0,38.0,40.0,57.0,72.0,81.0
164.0,52.0,60.0,142.0,56.0,20.0,195.0,65.0,1.0,9.0,11.0,21.0,24.0,29.0,33.0,37.0,40.0,46.0,65.0,82.0
136.0,4200.0,120.0,63.0,6720.0,10.0,91.0,58.0,0.0,10.0,16.0,23.0,25.0,29.0,34.0,38.0,41.0,42.0,72.0,82.0
194.0,96.0,60.0,96.0,123.0,30.0,156.0,68.0,2.0,9.0,13.0,21.0,25.0,29.0,33.0,37.0,40.0,59.0,61.0,81.0
299.0,218.0,120.0,143.0,281.0,10.0,247.0,208.0,3.0,10.0,13.0,23.0,25.0,29.0,34.0,38.0,40.0,42.0,78.0,81.0
168.0,28.0,120.0,93.0,32.0,20.0,0.0,0.0,0.0,9.0,11.0,22.0,25.0,29.0,34.0,36.0,40.0,42.0,72.0,82.0
169.0,67.0,120.0,92.0,78.0,20.0,96.0,56.0,0.0,10.0,11.0,22.0,24.0,29.0,34.0,37.0,40.0,48.0,60.0,81.0
163.0,43.0,30.0,124.0,50.0,10.0,40.0,24.0,0.0,9.0,13.0,21.0,24.0,29.0,34.0,38.0,40.0,59.0,77.0,81.0
159.0,200.0,60.0,61.0,225.0,10.0,180.0,88.0,2.0,10.0,13.0,23.0,24.0,29.0,34.0,37.0,40.0,52.0,61.0,81.0
329.0,122.0,60.0,162.0,168.0,30.0,290.0,150.0,3.0,10.0,11.0,21.0,25.0,29.0,34.0,38.0,40.0,55.0,78.0,81.0
100.0,2340.0,120.0,52.0,3120.0,30.0,0.0,0.0,0.0,9.0,16.0,21.0,25.0,28.0,34.0,37.0,41.0,42.0,61.0,81.0
114.0,61.0,60.0,44.0,84.0,30.0,96.0,97.0,3.0,10.0,11.0,23.0,24.0,30.0,34.0,38.0,40.0,59.0,61.0,81.0
236.0,105.0,60.0,63.0,122.0,10.0,168.0,140.0,1.0,10.0,11.0,21.0,24.0,31.0,34.0,38.0,40.0,59.0,60.0,81.0
172.0,142.0,60.0,140.0,147.0,20.0,169.0,80.0,0.0,10.0,13.0,22.0,24.0,30.0,34.0,38.0,40.0,57.0,74.0,81.0
177.0,46.0,60.0,100.0,53.0,30.0,143.0,56.0,1.0,9.0,11.0,21.0,25.0,31.0,34.0,37.0,40.0,57.0,61.0,81.0
228.0,202.0,60.0,143.0,274.0,30.0,192.0,182.0,2.0,10.0,13.0,22.0,25.0,30.0,34.0,38.0,40.0,57.0,72.0,81.0
92.0,29.0,30.0,31.0,37.0,30.0,0.0,0.0,2.0,9.0,14.0,21.0,26.0,29.0,33.0,37.0,40.0,52.0,60.0,81.0
68.0,3480.0,60.0,39.0,4640.0,30.0,0.0,0.0,2.0,10.0,17.0,21.0,25.0,31.0,33.0,39.0,41.0,57.0,79.0,81.0
90.0,97.0,120.0,48.0,109.0,10.0,144.0,100.0,2.0,10.0,11.0,21.0,25.0,31.0,33.0,39.0,40.0,52.0,61.0,81.0
68.0,10.0,60.0,45.0,15.0,30.0,68.0,19.0,5.0,9.0,12.0,21.0,24.0,28.0,33.0,36.0,40.0,59.0,77.0,82.0
140.0,3780.0,30.0,99.0,5040.0,10.0,64.0,150.0,0.0,10.0,16.0,22.0,26.0,28.0,34.0,38.0,41.0,48.0,60.0,82.0
92.0,60.0,60.0,37.0,84.0,30.0,90.0,65.0,2.0,10.0,11.0,20.0,24.0,31.0,34.0,35.0,40.0,43.0,60.0,81.0
145.0,94.0,60.0,90.0,94.0,20.0,80.0,48.0,2.0,10.0,11.0,22.0,24.0,29.0,34.0,38.0,40.0,43.0,60.0,81.0
100.0,68.0,30.0,45.0,80.0,10.0,72.0,50.0,3.0,9.0,13.0,21.0,24.0,28.0,34.0,37.0,40.0,43.0,60.0,81.0
191.0,106.0,30.0,77.0,128.0,30.0,221.0,88.0,0.0,9.0,13.0,22.0,25.0,28.0,34.0,38.0,40.0,57.0,60.0,81.0
193.0,158.0,120.0,64.0,194.0,20.0,136.0,76.0,2.0,10.0,13.0,22.0,25.0,29.0,34.0,38.0,40.0,42.0,77.0,81.0
171.0,82.0,30.0,89.0,108.0,20.0,156.0,80.0,2.0,9.0,13.0,21.0,24.0,28.0,34.0,37.0,40.0,43.0,60.0,81.0
231.0,97.0,120.0,87.0,133.0,10.0,234.0,149.0,2.0,10.0,11.0,22.0,25.0,29.0,34.0,38.0,40.0,57.0,60.0,81.0
85.0,3480.0,60.0,37.0,3770.0,10.0,0.0,0.0,2.0,10.0,17.0,21.0,25.0,31.0,33.0,36.0,41.0,42.0,61.0,82.0
103.0,57.0,30.0,92.0,63.0,10.0,72.0,55.0,0.0,9.0,13.0,21.0,24.0,28.0,34.0,37.0,40.0,59.0,65.0,81.0
151.0,100.0,120.0,71.0,103.0,30.0,90.0,60.0,6.0,9.0,13.0,21.0,25.0,28.0,33.0,37.0,40.0,43.0,64.0,82.0
76.0,2340.0,60.0,45.0,3120.0,20.0,0.0,0.0,1.0,9.0,16.0,23.0,25.0,29.0,34.0,38.0,41.0,57.0,79.0,81.0
176.0,142.0,120.0,93.0,181.0,10.0,130.0,65.0,2.0,10.0,13.0,22.0,25.0,28.0,34.0,37.0,40.0,47.0,61.0,81.0
106.0,2600.0,60.0,36.0,3380.0,10.0,48.0,30.0,0.0,9.0,16.0,23.0,25.0,28.0,34.0,37.0,41.0,52.0,60.0,81.0
158.0,75.0,120.0,60.0,100.0,30.0,182.0,64.0,2.0,10.0,15.0,21.0,25.0,30.0,33.0,38.0,40.0,52.0,61.0,81.0
64.0,3780.0,60.0,42.0,5460.0,10.0,0.0,0.0,1.0,10.0,16.0,22.0,25.0,28.0,34.0,38.0,41.0,59.0,77.0,81.0
61.0,3120.0,30.0,30.0,3380.0,30.0,32.0,32.0,1.0,9.0,16.0,21.0,25.0,29.0,34.0,37.0,41.0,59.0,77.0,81.0
195.0,50.0,30.0,149.0,57.0,30.0,182.0,72.0,3.0,9.0,11.0,21.0,25.0,31.0,33.0,39.0,40.0,57.0,74.0,81.0
83.0,4200.0,120.0,33.0,5460.0,20.0,80.0,71.0,2.0,10.0,16.0,21.0,25.0,30.0,33.0,39.0,41.0,43.0,77.0,81.0
150.0,146.0,30.0,117.0,169.0,30.0,140.0,85.0,2.0,10.0,13.0,21.0,25.0,28.0,34.0,37.0,40.0,42.0,77.0,81.0
140.0,40.0,60.0,64.0,53.0,30.0,75.0,70.0,2.0,9.0,11.0,21.0,25.0,31.0,33.0,36.0,40.0,59.0,61.0,81.0
225.0,176.0,120.0,88.0,245.0,10.0,221.0,156.0,2.0,10.0,13.0,21.0,24.0,31.0,34.0,38.0,40.0,57.0,60.0,81.0
103.0,53.0,60.0,38.0,76.0,30.0,104.0,36.0,2.0,10.0,11.0,22.0,24.0,29.0,34.0,38.0,40.0,57.0,61.0,81.0
220.0,221.0,60.0,162.0,225.0,20.0,144.0,84.0,2.0,10.0,13.0,22.0,25.0,30.0,34.0,38.0,40.0,42.0,77.0,81.0
317.0,134.0,30.0,143.0,155.0,30.0,168.0,208.0,1.0,10.0,11.0,23.0,25.0,29.0,34.0,37.0,40.0,52.0,79.0,81.0
231.0,105.0,30.0,117.0,122.0,30.0,260.0,108.0,0.0,10.0,11.0,22.0,24.0,30.0,34.0,37.0,40.0,57.0,64.0,81.0
159.0,3120.0,120.0,69.0,4160.0,10.0,112.0,90.0,4.0,9.0,16.0,22.0,25.0,30.0,33.0,37.0,41.0,43.0,70.0,81.0
290.0,99.0,120.0,201.0,128.0,10.0,169.0,104.0,3.0,9.0,13.0,21.0,25.0,31.0,34.0,37.0,40.0,42.0,78.0,81.0
104.0,62.0,60.0,80.0,76.0,30.0,80.0,55.0,3.0,9.0,13.0,21.0,25.0,28.0,33.0,37.0,40.0,59.0,65.0,81.0
216.0,45.0,60.0,116.0,65.0,10.0,208.0,136.0,0.0,9.0,18.0,22.0,24.0,29.0,33.0,38.0,40.0,42.0,77.0,81.0
108.0,85.0,60.0,50.0,88.0,20.0,80.0,48.0,2.0,10.0,11.0,23.0,24.0,29.0,34.0,37.0,40.0,43.0,60.0,81.0
317.0,253.0,30.0,232.0,301.0,30.0,310.0,170.0,3.0,10.0,13.0,22.0,24.0,29.0,34.0,38.0,40.0,59.0,73.0,81.0
157.0,147.0,30.0,99.0,162.0,30.0,208.0,104.0,3.0,10.0,13.0,21.0,24.0,29.0,34.0,38.0,40.0,49.0,77.0,81.0
202.0,97.0,30.0,116.0,123.0,30.0,170.0,100.0,2.0,9.0,13.0,21.0,26.0,28.0,33.0,36.0,40.0,42.0,77.0,81.0
118.0,80.0,30.0,60.0,167.0,20.0,91.0,45.0,2.0,10.0,13.0,22.0,24.0,29.0,34.0,38.0,40.0,43.0,60.0,81.0
176.0,97.0,60.0,120.0,97.0,20.0,152.0,92.0,2.0,10.0,11.0,22.0,25.0,29.0,34.0,38.0,40.0,43.0,72.0,81.0
229.0,116.0,30.0,178.0,137.0,20.0,160.0,123.0,2.0,10.0,11.0,22.0,24.0,29.0,34.0,38.0,40.0,43.0,72.0,81.0
106.0,70.0,30.0,41.0,83.0,10.0,90.0,56.0,2.0,9.0,13.0,22.0,24.0,29.0,34.0,37.0,40.0,43.0,60.0,81.0
788.0,103.0,120.0,790.0,114.0,30.0,260.0,104.0,0.0,9.0,13.0,23.0,24.0,30.0,34.0,37.0,40.0,59.0,74.0,81.0
233.0,88.0,60.0,144.0,97.0,10.0,120.0,105.0,2.0,10.0,11.0,22.0,25.0,28.0,34.0,38.0,40.0,52.0,61.0,81.0
106.0,60.0,60.0,34.0,74.0,10.0,64.0,50.0,2.0,10.0,11.0,22.0,24.0,29.0,34.0,38.0,40.0,43.0,60.0,81.0
193.0,88.0,60.0,50.0,105.0,10.0,136.0,105.0,2.0,10.0,11.0,23.0,24.0,29.0,33.0,36.0,40.0,57.0,60.0,81.0
125.0,2600.0,120.0,55.0,3120.0,30.0,0.0,0.0,2.0,9.0,16.0,21.0,25.0,28.0,34.0,36.0,41.0,43.0,79.0,81.0
224.0,109.0,30.0,80.0,155.0,20.0,160.0,112.0,2.0,10.0,11.0,23.0,25.0,29.0,34.0,38.0,40.0,52.0,77.0,81.0
182.0,189.0,30.0,81.0,225.0,30.0,190.0,140.0,2.0,10.0,13.0,20.0,24.0,29.0,34.0,35.0,40.0,59.0,60.0,81.0
189.0,97.0,30.0,81.0,114.0,10.0,136.0,105.0,2.0,9.0,13.0,22.0,24.0,28.0,34.0,37.0,40.0,57.0,60.0,81.0
138.0,143.0,120.0,100.0,169.0,10.0,72.0,60.0,3.0,10.0,13.0,21.0,25.0,31.0,34.0,37.0,40.0,51.0,74.0,81.0
236.0,189.0,30.0,63.0,266.0,20.0,273.0,135.0,2.0,10.0,13.0,22.0,25.0,28.0,34.0,38.0,40.0,42.0,79.0,81.0
170.0,2220.0,30.0,93.0,2405.0,30.0,0.0,0.0,6.0,9.0,17.0,21.0,26.0,27.0,34.0,36.0,41.0,43.0,60.0,81.0
112.0,216.0,120.0,61.0,259.0,30.0,48.0,58.0,0.0,9.0,18.0,22.0,25.0,30.0,34.0,39.0,40.0,42.0,61.0,81.0
203.0,83.0,60.0,107.0,105.0,10.0,234.0,182.0,2.0,10.0,11.0,21.0,24.0,29.0,34.0,38.0,40.0,57.0,60.0,81.0
203.0,238.0,60.0,89.0,254.0,20.0,152.0,100.0,3.0,10.0,13.0,21.0,25.0,29.0,33.0,38.0,40.0,57.0,60.0,81.0
100.0,259.0,60.0,52.0,281.0,10.0,0.0,0.0,2.0,9.0,19.0,21.0,25.0,31.0,33.0,36.0,40.0,42.0,61.0,82.0
247.0,154.0,120.0,80.0,177.0,20.0,260.0,140.0,2.0,9.0,13.0,22.0,25.0,28.0,34.0,37.0,40.0,57.0,72.0,81.0
231.0,87.0,30.0,81.0,122.0,20.0,234.0,115.0,2.0,10.0,11.0,22.0,25.0,29.0,34.0,38.0,40.0,57.0,60.0,81.0
298.0,58.0,120.0,215.0,64.0,30.0,234.0,104.0,3.0,9.0,11.0,21.0,25.0,28.0,33.0,37.0,40.0,42.0,77.0,81.0
141.0,2340.0,30.0,62.0,4160.0,20.0,0.0,0.0,2.0,9.0,16.0,21.0,25.0,30.0,34.0,38.0,41.0,42.0,61.0,81.0
157.0,103.0,60.0,99.0,103.0,20.0,96.0,60.0,3.0,9.0,13.0,21.0,25.0,28.0,33.0,36.0,40.0,57.0,67.0,81.0
205.0,49.0,30.0,69.0,56.0,10.0,150.0,68.0,2.0,9.0,11.0,22.0,25.0,28.0,34.0,37.0,40.0,43.0,72.0,81.0
150.0,71.0,30.0,80.0,78.0,10.0,110.0,60.0,2.0,10.0,11.0,22.0,24.0,29.0,34.0,38.0,40.0,42.0,61.0,81.0
140.0,2340.0,60.0,66.0,3120.0,20.0,0.0,0.0,2.0,9.0,16.0,21.0,25.0,31.0,34.0,39.0,41.0,43.0,77.0,81.0
211.0,65.0,30.0,111.0,86.0,20.0,160.0,136.0,2.0,9.0,11.0,22.0,25.0,28.0,34.0,37.0,40.0,42.0,77.0,81.0
206.0,92.0,30.0,73.0,105.0,10.0,200.0,88.0,2.0,10.0,11.0,22.0,25.0,28.0,34.0,37.0,40.0,57.0,60.0,81.0
236.0,2340.0,120.0,81.0,3380.0,20.0,0.0,0.0,2.0,9.0,16.0,21.0,25.0,28.0,34.0,37.0,41.0,59.0,60.0,82.0
215.0,67.0,60.0,160.0,70.0,20.0,136.0,76.0,2.0,9.0,11.0,23.0,25.0,29.0,34.0,38.0,40.0,43.0,75.0,81.0
124.0,43.0,30.0,83.0,54.0,20.0,88.0,64.0,3.0,9.0,11.0,21.0,25.0,30.0,34.0,39.0,40.0,42.0,61.0,81.0
172.0,45.0,30.0,59.0,60.0,10.0,0.0,0.0,2.0,9.0,15.0,21.0,25.0,30.0,33.0,36.0,40.0,43.0,72.0,82.0
139.0,38.0,60.0,58.0,46.0,10.0,72.0,55.0,3.0,9.0,11.0,21.0,24.0,29.0,34.0,37.0,40.0,43.0,60.0,81.0
258.0,109.0,60.0,155.0,146.0,30.0,250.0,155.0,2.0,10.0,11.0,23.0,24.0,29.0,34.0,38.0,40.0,57.0,72.0,81.0
174.0,132.0,30.0,87.0,176.0,20.0,130.0,50.0,2.0,10.0,13.0,22.0,24.0,29.0,34.0,38.0,40.0,43.0,60.0,81.0
205.0,150.0,30.0,55.0,218.0,20.0,182.0,85.0,2.0,10.0,13.0,22.0,24.0,29.0,34.0,38.0,40.0,52.0,61.0,81.0
129.0,38.0,60.0,74.0,50.0,30.0,80.0,50.0,2.0,9.0,11.0,21.0,25.0,29.0,33.0,38.0,40.0,42.0,61.0,81.0
85.0,2900.0,120.0,34.0,3770.0,20.0,0.0,0.0,2.0,10.0,17.0,21.0,25.0,31.0,33.0,36.0,41.0,42.0,61.0,81.0
87.0,20.0,120.0,31.0,32.0,10.0,0.0,0.0,2.0,10.0,12.0,21.0,25.0,28.0,33.0,36.0,40.0,52.0,60.0,81.0
105.0,36.0,60.0,58.0,49.0,30.0,108.0,130.0,0.0,9.0,11.0,21.0,25.0,28.0,34.0,38.0,40.0,54.0,61.0,82.0
241.0,81.0,30.0,133.0,94.0,10.0,136.0,125.0,0.0,10.0,11.0,22.0,24.0,29.0,34.0,38.0,40.0,57.0,60.0,81.0
92.0,3780.0,60.0,42.0,6720.0,30.0,72.0,65.0,1.0,10.0,16.0,21.0,25.0,28.0,34.0,37.0,41.0,43.0,60.0,82.0
308.0,109.0,120.0,155.0,146.0,10.0,325.0,201.0,2.0,10.0,11.0,23.0,24.0,29.0,34.0,38.0,40.0,57.0,72.0,81.0
246.0,60.0,60.0,132.0,60.0,20.0,144.0,84.0,2.0,9.0,15.0,21.0,25.0,28.0,33.0,39.0,40.0,42.0,77.0,81.0
93.0,34.0,30.0,38.0,40.0,10.0,0.0,0.0,2.0,9.0,11.0,21.0,25.0,27.0,34.0,36.0,40.0,43.0,60.0,82.0
160.0,74.0,120.0,111.0,78.0,30.0,104.0,110.0,3.0,10.0,11.0,21.0,25.0,29.0,33.0,38.0,40.0,52.0,66.0,81.0
109.0,60.0,120.0,58.0,71.0,30.0,0.0,0.0,2.0,10.0,11.0,21.0,25.0,29.0,34.0,37.0,40.0,42.0,61.0,81.0
74.0,2340.0,30.0,30.0,3380.0,30.0,60.0,45.0,1.0,9.0,16.0,21.0,24.0,28.0,34.0,39.0,41.0,43.0,77.0,81.0
150.0,176.0,60.0,64.0,194.0,20.0,221.0,95.0,2.0,10.0,13.0,22.0,25.0,29.0,34.0,38.0,40.0,42.0,77.0,81.0
76.0,30.0,30.0,65.0,48.0,20.0,0.0,0.0,6.0,10.0,19.0,21.0,26.0,28.0,33.0,39.0,40.0,42.0,75.0,81.0
133.0,2600.0,120.0,58.0,4160.0,10.0,97.0,65.0,0.0,9.0,16.0,23.0,25.0,29.0,34.0,38.0,41.0,42.0,61.0,82.0
66.0,4200.0,30.0,35.0,5040.0,10.0,0.0,0.0,1.0,10.0,16.0,22.0,24.0,29.0,34.0,38.0,41.0,57.0,79.0,81.0
189.0,163.0,120.0,94.0,184.0,30.0,234.0,88.0,3.0,10.0,13.0,21.0,24.0,30.0,34.0,38.0,40.0,43.0,70.0,81.0
89.0,1665.0,30.0,34.0,2220.0,10.0,0.0,0.0,1.0,9.0,17.0,21.0,25.0,27.0,33.0,36.0,41.0,43.0,77.0,82.0
85.0,3780.0,60.0,34.0,6720.0,30.0,72.0,227.0,4.0,10.0,16.0,22.0,25.0,30.0,34.0,38.0,41.0,43.0,60.0,82.0
176.0,81.0,60.0,123.0,92.0,30.0,190.0,115.0,2.0,10.0,11.0,22.0,25.0,29.0,34.0,38.0,40.0,43.0,72.0,81.0
67.0,252.0,60.0,43.0,403.0,30.0,0.0,0.0,1.0,9.0,18.0,21.0,25.0,28.0,33.0,36.0,40.0,57.0,79.0,81.0
295.0,101.0,30.0,187.0,112.0,10.0,160.0,125.0,3.0,10.0,11.0,21.0,25.0,30.0,34.0,37.0,40.0,42.0,78.0,81.0
102.0,2340.0,30.0,49.0,3120.0,10.0,0.0,0.0,2.0,9.0,16.0,21.0,25.0,29.0,34.0,37.0,41.0,52.0,60.0,82.0
220.0,158.0,60.0,76.0,184.0,20.0,140.0,110.0,2.0,10.0,13.0,21.0,25.0,29.0,34.0,38.0,40.0,43.0,72.0,81.0
193.0,79.0,120.0,64.0,97.0,20.0,136.0,84.0,1.0,10.0,11.0,21.0,25.0,28.0,33.0,35.0,40.0,57.0,60.0,81.0
200.0,126.0,30.0,81.0,168.0,20.0,210.0,214.0,2.0,10.0,11.0,22.0,24.0,29.0,34.0,38.0,40.0,59.0,60.0,81.0
141.0,101.0,60.0,104.0,109.0,10.0,180.0,84.0,2.0,10.0,11.0,22.0,25.0,28.0,34.0,38.0,40.0,55.0,61.0,81.0
137.0,48.0,120.0,78.0,62.0,10.0,88.0,70.0,2.0,9.0,11.0,20.0,24.0,29.0,34.0,35.0,40.0,59.0,61.0,81.0
97.0,83.0,30.0,41.0,108.0,30.0,78.0,28.0,0.0,10.0,15.0,22.0,25.0,29.0,34.0,38.0,40.0,42.0,72.0,82.0
202.0,1850.0,120.0,122.0,2960.0,10.0,0.0,0.0,2.0,9.0,17.0,21.0,25.0,27.0,34.0,36.0,41.0,52.0,61.0,82.0
174.0,61.0,60.0,77.0,71.0,20.0,110.0,84.0,2.0,10.0,11.0,21.0,25.0,28.0,33.0,37.0,40.0,59.0,61.0,81.0
103.0,50.0,30.0,34.0,65.0,30.0,56.0,58.0,0.0,10.0,11.0,22.0,24.0,29.0,34.0,38.0,40.0,57.0,61.0,81.0
146.0,100.0,60.0,74.0,123.0,30.0,117.0,40.0,1.0,9.0,13.0,21.0,25.0,28.0,34.0,36.0,40.0,54.0,61.0,81.0
130.0,23.0,120.0,74.0,35.0,10.0,70.0,80.0,0.0,9.0,11.0,22.0,25.0,29.0,34.0,37.0,40.0,42.0,72.0,81.0
247.0,98.0,120.0,71.0,140.0,10.0,200.0,112.0,2.0,10.0,11.0,23.0,25.0,29.0,34.0,38.0,40.0,52.0,77.0,81.0
106.0,107.0,30.0,34.0,155.0,20.0,117.0,50.0,2.0,10.0,13.0,23.0,25.0,28.0,34.0,37.0,40.0,42.0,61.0,81.0
97.0,22.0,120.0,48.0,26.0,30.0,0.0,0.0,0.0,9.0,11.0,22.0,25.0,29.0,34.0,37.0,40.0,52.0,60.0,81.0
58.0,221.0,30.0,34.0,295.0,10.0,48.0,40.0,1.0,9.0,18.0,23.0,25.0,28.0,33.0,37.0,40.0,57.0,79.0,82.0
155.0,78.0,120.0,104.0,84.0,30.0,112.0,97.0,2.0,10.0,11.0,22.0,24.0,28.0,34.0,38.0,40.0,57.0,60.0,81.0
116.0,42.0,60.0,77.0,48.0,20.0,78.0,35.0,0.0,10.0,11.0,22.0,25.0,28.0,34.0,37.0,40.0,42.0,72.0,82.0
230.0,108.0,30.0,117.0,112.0,30.0,152.0,201.0,0.0,10.0,11.0,23.0,24.0,29.0,34.0,38.0,40.0,59.0,67.0,81.0
106.0,119.0,120.0,37.0,167.0,10.0,104.0,71.0,2.0,10.0,13.0,22.0,24.0,28.0,34.0,38.0,40.0,42.0,61.0,81.0
95.0,29.0,120.0,92.0,32.0,30.0,130.0,44.0,3.0,9.0,11.0,21.0,24.0,29.0,34.0,37.0,40.0,59.0,65.0,81.0
82.0,22.0,120.0,34.0,26.0,30.0,91.0,32.0,0.0,9.0,11.0,20.0,24.0,30.0,34.0,35.0,40.0,57.0,61.0,81.0
255.0,103.0,120.0,185.0,114.0,30.0,136.0,130.0,3.0,9.0,13.0,21.0,24.0,30.0,34.0,38.0,40.0,59.0,62.0,81.0
100.0,52.0,30.0,60.0,91.0,30.0,91.0,36.0,2.0,9.0,13.0,22.0,25.0,29.0,34.0,38.0,40.0,43.0,60.0,81.0
180.0,113.0,30.0,86.0,122.0,10.0,208.0,156.0,2.0,10.0,11.0,22.0,24.0,29.0,34.0,38.0,40.0,57.0,60.0,81.0
191.0,158.0,120.0,135.0,181.0,30.0,221.0,100.0,2.0,10.0,13.0,22.0,24.0,30.0,34.0,37.0,40.0,59.0,62.0,81.0
102.0,22.0,30.0,49.0,25.0,10.0,48.0,40.0,0.0,9.0,11.0,21.0,25.0,28.0,34.0,37.0,40.0,52.0,60.0,82.0
277.0,89.0,30.0,127.0,122.0,20.0,260.0,110.0,2.0,10.0,11.0,22.0,25.0,28.0,34.0,37.0,40.0,57.0,72.0,81.0
351.0,337.0,120.0,222.0,374.0,20.0,403.0,170.0,3.0,10.0,13.0,22.0,24.0,29.0,34.0,38.0,40.0,59.0,73.0,81.0
173.0,31.0,60.0,97.0,43.0,30.0,0.0,0.0,3.0,9.0,11.0,21.0,25.0,31.0,33.0,36.0,40.0,42.0,70.0,81.0
58.0,2900.0,120.0,36.0,3480.0,30.0,32.0,78.0,2.0,10.0,17.0,21.0,25.0,31.0,34.0,37.0,41.0,59.0,77.0,81.0
112.0,80.0,30.0,60.0,91.0,30.0,130.0,48.0,1.0,9.0,13.0,21.0,25.0,30.0,34.0,37.0,40.0,43.0,60.0,81.0
141.0,78.0,30.0,64.0,88.0,30.0,96.0,91.0,2.0,10.0,11.0,23.0,25.0,30.0,34.0,38.0,40.0,43.0,60.0,81.0
79.0,36.0,30.0,28.0,41.0,10.0,0.0,0.0,0.0,9.0,14.0,22.0,25.0,28.0,34.0,37.0,40.0,57.0,61.0,81.0
175.0,127.0,30.0,112.0,128.0,10.0,221.0,143.0,3.0,9.0,13.0,21.0,25.0,30.0,33.0,37.0,40.0,59.0,67.0,81.0
161.0,40.0,30.0,70.0,45.0,10.0,75.0,56.0,2.0,9.0,11.0,21.0,25.0,31.0,33.0,36.0,40.0,59.0,61.0,81.0
168.0,80.0,30.0,72.0,91.0,10.0,120.0,60.0,1.0,9.0,13.0,21.0,25.0,30.0,34.0,39.0,40.0,59.0,61.0,81.0
171.0,100.0,30.0,89.0,123.0,30.0,170.0,135.0,0.0,9.0,13.0,22.0,24.0,29.0,34.0,37.0,40.0,57.0,64.0,81.0
278.0,114.0,60.0,122.0,132.0,10.0,120.0,90.0,2.0,9.0,13.0,22.0,25.0,28.0,34.0,37.0,40.0,43.0,72.0,81.0
172.0,38.0,60.0,89.0,43.0,20.0,110.0,91.0,3.0,9.0,11.0,21.0,25.0,31.0,34.0,37.0,40.0,42.0,61.0,81.0
164.0,101.0,120.0,74.0,137.0,10.0,112.0,90.0,4.0,10.0,11.0,22.0,25.0,30.0,34.0,38.0,40.0,43.0,70.0,81.0
312.0,270.0,60.0,107.0,366.0,30.0,312.0,136.0,2.0,10.0,13.0,22.0,25.0,29.0,34.0,38.0,40.0,57.0,72.0,81.0
44.0,332.0,60.0,22.0,480.0,10.0,65.0,32.0,1.0,10.0,18.0,22.0,24.0,28.0,33.0,37.0,40.0,59.0,77.0,81.0
252.0,132.0,120.0,133.0,149.0,30.0,176.0,188.0,2.0,9.0,13.0,22.0,25.0,29.0,34.0,38.0,40.0,42.0,79.0,81.0
179.0,101.0,30.0,139.0,105.0,10.0,208.0,208.0,2.0,10.0,11.0,21.0,24.0,30.0,34.0,38.0,40.0,57.0,67.0,81.0
242.0,112.0,60.0,113.0,155.0,30.0,220.0,155.0,2.0,10.0,11.0,22.0,25.0,28.0,34.0,39.0,40.0,55.0,79.0,81.0
342.0,212.0,30.0,242.0,227.0,10.0,364.0,221.0,3.0,9.0,13.0,21.0,25.0,28.0,34.0,37.0,40.0,59.0,76.0,81.0
124.0,100.0,30.0,113.0,111.0,10.0,72.0,60.0,0.0,10.0,13.0,22.0,25.0,29.0,34.0,38.0,40.0,59.0,65.0,81.0
116.0,2340.0,30.0,46.0,4160.0,20.0,0.0,0.0,2.0,9.0,16.0,21.0,25.0,29.0,34.0,37.0,41.0,52.0,60.0,81.0
104.0,230.0,60.0,37.0,307.0,20.0,0.0,0.0,1.0,9.0,18.0,21.0,25.0,28.0,33.0,36.0,40.0,52.0,60.0,81.0
99.0,23.0,30.0,59.0,29.0,30.0,70.0,40.0,0.0,9.0,11.0,21.0,24.0,29.0,33.0,37.0,40.0,57.0,61.0,81.0
157.0,79.0,30.0,72.0,97.0,30.0,170.0,105.0,2.0,10.0,11.0,22.0,24.0,28.0,34.0,37.0,40.0,57.0,60.0,81.0
261.0,284.0,60.0,155.0,322.0,10.0,240.0,124.0,3.0,10.0,13.0,21.0,25.0,29.0,34.0,38.0,40.0,59.0,72.0,81.0
253.0,126.0,30.0,88.0,146.0,30.0,176.0,208.0,2.0,10.0,11.0,23.0,24.0,29.0,34.0,38.0,40.0,42.0,79.0,81.0
96.0,20.0,30.0,60.0,52.0,20.0,91.0,40.0,0.0,9.0,11.0,22.0,24.0,30.0,34.0,38.0,40.0,43.0,60.0,81.0
165.0,56.0,60.0,65.0,74.0,30.0,152.0,130.0,0.0,9.0,11.0,22.0,25.0,29.0,34.0,37.0,40.0,59.0,60.0,82.0
85.0,2600.0,30.0,39.0,4160.0,20.0,48.0,24.0,0.0,9.0,16.0,23.0,25.0,28.0,34.0,37.0,41.0,52.0,60.0,81.0
132.0,85.0,30.0,88.0,88.0,10.0,143.0,84.0,2.0,10.0,11.0,22.0,25.0,30.0,34.0,38.0,40.0,43.0,60.0,81.0
236.0,148.0,60.0,81.0,198.0,30.0,273.0,92.0,3.0,9.0,13.0,21.0,24.0,29.0,34.0,36.0,40.0,59.0,60.0,81.0
279.0,131.0,60.0,202.0,146.0,10.0,210.0,104.0,2.0,10.0,11.0,22.0,24.0,28.0,34.0,38.0,40.0,52.0,78.0,81.0
164.0,76.0,120.0,118.0,84.0,30.0,96.0,91.0,1.0,10.0,11.0,23.0,25.0,29.0,34.0,38.0,40.0,52.0,61.0,81.0
237.0,43.0,60.0,147.0,48.0,20.0,130.0,130.0,3.0,9.0,11.0,21.0,25.0,29.0,34.0,37.0,40.0,57.0,74.0,81.0
150.0,52.0,30.0,134.0,54.0,10.0,195.0,39.0,2.0,9.0,14.0,21.0,24.0,27.0,33.0,39.0,40.0,58.0,79.0,81.0
180.0,78.0,120.0,95.0,99.0,10.0,143.0,91.0,2.0,10.0,11.0,22.0,25.0,29.0,34.0,38.0,40.0,43.0,69.0,81.0
106.0,119.0,120.0,37.0,167.0,10.0,117.0,78.0,2.0,10.0,13.0,23.0,24.0,29.0,34.0,38.0,40.0,42.0,61.0,81.0
81.0,38.0,60.0,63.0,68.0,30.0,40.0,32.0,2.0,9.0,13.0,22.0,25.0,28.0,34.0,38.0,40.0,51.0,60.0,81.0
106.0,80.0,60.0,51.0,103.0,30.0,110.0,65.0,2.0,9.0,13.0,20.0,24.0,29.0,34.0,35.0,40.0,43.0,60.0,81.0
94.0,2340.0,60.0,89.0,4160.0,30.0,0.0,0.0,2.0,9.0,16.0,21.0,25.0,27.0,33.0,36.0,41.0,59.0,65.0,82.0
189.0,133.0,120.0,81.0,149.0,20.0,221.0,135.0,0.0,9.0,13.0,22.0,24.0,29.0,34.0,37.0,40.0,57.0,64.0,81.0
122.0,40.0,30.0,41.0,46.0,30.0,143.0,52.0,2.0,9.0,11.0,21.0,25.0,28.0,33.0,36.0,40.0,59.0,61.0,82.0
200.0,148.0,60.0,63.0,156.0,20.0,168.0,100.0,2.0,9.0,13.0,23.0,25.0,28.0,34.0,38.0,40.0,59.0,60.0,81.0
118.0,83.0,120.0,71.0,95.0,20.0,90.0,78.0,6.0,9.0,13.0,21.0,25.0,28.0,33.0,37.0,40.0,43.0,64.0,81.0
190.0,79.0,30.0,115.0,86.0,30.0,144.0,110.0,6.0,9.0,11.0,21.0,25.0,27.0,33.0,36.0,40.0,55.0,74.0,81.0
203.0,60.0,30.0,59.0,65.0,30.0,0.0,0.0,2.0,9.0,15.0,21.0,25.0,30.0,33.0,36.0,40.0,43.0,72.0,81.0
190.0,91.0,120.0,111.0,94.0,30.0,120.0,70.0,1.0,10.0,11.0,23.0,25.0,29.0,34.0,38.0,40.0,52.0,61.0,82.0
228.0,81.0,30.0,113.0,118.0,20.0,195.0,95.0,2.0,10.0,11.0,23.0,25.0,28.0,34.0,37.0,40.0,52.0,65.0,81.0
169.0,3780.0,30.0,135.0,5460.0,30.0,0.0,0.0,2.0,10.0,16.0,21.0,24.0,31.0,34.0,36.0,41.0,43.0,73.0,81.0
114.0,62.0,120.0,75.0,90.0,10.0,56.0,40.0,0.0,9.0,13.0,21.0,24.0,29.0,33.0,36.0,40.0,43.0,77.0,81.0
307.0,274.0,120.0,226.0,301.0,20.0,250.0,182.0,2.0,10.0,13.0,23.0,25.0,29.0,34.0,37.0,40.0,56.0,77.0,81.0
140.0,117.0,60.0,63.0,136.0,20.0,120.0,91.0,2.0,10.0,13.0,23.0,25.0,28.0,34.0,38.0,40.0,43.0,60.0,81.0
90.0,2600.0,60.0,35.0,4160.0,30.0,110.0,100.0,1.0,9.0,16.0,21.0,25.0,28.0,34.0,37.0,41.0,42.0,61.0,81.0
259.0,104.0,60.0,165.0,144.0,30.0,152.0,143.0,3.0,9.0,13.0,21.0,25.0,28.0,33.0,37.0,40.0,52.0,61.0,81.0
308.0,139.0,120.0,133.0,189.0,10.0,325.0,234.0,2.0,9.0,13.0,20.0,25.0,29.0,34.0,38.0,40.0,52.0,79.0,81.0
148.0,84.0,30.0,108.0,109.0,20.0,112.0,80.0,2.0,10.0,11.0,22.0,24.0,28.0,34.0,39.0,40.0,53.0,61.0,81.0
56.0,75.0,120.0,27.0,108.0,20.0,0.0,0.0,1.0,10.0,15.0,22.0,25.0,28.0,33.0,37.0,40.0,59.0,77.0,82.0
186.0,184.0,60.0,78.0,254.0,30.0,230.0,120.0,2.0,10.0,13.0,22.0,25.0,30.0,34.0,37.0,40.0,42.0,77.0,81.0
107.0,82.0,60.0,94.0,83.0,20.0,80.0,120.0,6.0,9.0,13.0,22.0,24.0,29.0,33.0,37.0,40.0,59.0,65.0,81.0
285.0,88.0,120.0,227.0,106.0,10.0,140.0,76.0,3.0,9.0,13.0,21.0,24.0,28.0,33.0,37.0,40.0,59.0,61.0,81.0
136.0,163.0,120.0,34.0,169.0,30.0,0.0,0.0,2.0,10.0,13.0,21.0,26.0,28.0,33.0,39.0,40.0,43.0,79.0,82.0
188.0,48.0,120.0,97.0,56.0,30.0,260.0,100.0,2.0,9.0,11.0,22.0,25.0,29.0,33.0,38.0,40.0,57.0,60.0,81.0
141.0,121.0,60.0,64.0,142.0,10.0,88.0,90.0,1.0,10.0,13.0,20.0,24.0,29.0,33.0,35.0,40.0,57.0,61.0,81.0
196.0,50.0,60.0,145.0,64.0,30.0,140.0,80.0,2.0,9.0,11.0,22.0,25.0,28.0,34.0,37.0,40.0,43.0,72.0,81.0
164.0,52.0,120.0,64.0,57.0,30.0,136.0,123.0,2.0,9.0,11.0,22.0,25.0,30.0,34.0,37.0,40.0,57.0,60.0,81.0
114.0,40.0,30.0,49.0,53.0,20.0,88.0,68.0,3.0,9.0,11.0,21.0,25.0,29.0,34.0,38.0,40.0,59.0,61.0,81.0
97.0,2340.0,120.0,41.0,4160.0,10.0,0.0,0.0,0.0,9.0,16.0,21.0,25.0,29.0,34.0,36.0,41.0,54.0,72.0,81.0
85.0,54.0,30.0,41.0,68.0,30.0,90.0,65.0,2.0,10.0,11.0,23.0,24.0,29.0,34.0,38.0,40.0,42.0,61.0,81.0
103.0,22.0,60.0,34.0,26.0,20.0,0.0,0.0,1.0,9.0,11.0,23.0,25.0,29.0,33.0,37.0,40.0,43.0,77.0,81.0
96.0,3780.0,60.0,47.0,6720.0,30.0,64.0,39.0,0.0,10.0,16.0,22.0,25.0,28.0,34.0,37.0,41.0,42.0,72.0,82.0
120.0,76.0,30.0,92.0,83.0,30.0,72.0,71.0,0.0,9.0,13.0,21.0,24.0,28.0,34.0,37.0,40.0,59.0,65.0,81.0
241.0,89.0,120.0,150.0,105.0,20.0,136.0,84.0,2.0,10.0,11.0,22.0,25.0,30.0,34.0,37.0,40.0,43.0,73.0,81.0
209.0,227.0,60.0,90.0,245.0,20.0,128.0,84.0,2.0,10.0,13.0,22.0,24.0,30.0,34.0,38.0,40.0,43.0,72.0,81.0
153.0,3120.0,30.0,56.0,3380.0,30.0,0.0,0.0,2.0,9.0,16.0,21.0,25.0,27.0,33.0,39.0,41.0,59.0,61.0,81.0
159.0,48.0,60.0,90.0,57.0,20.0,70.0,52.0,0.0,9.0,13.0,21.0,24.0,29.0,34.0,38.0,40.0,57.0,61.0,81.0
57.0,3780.0,30.0,33.0,5040.0,10.0,0.0,0.0,1.0,10.0,16.0,22.0,24.0,29.0,34.0,38.0,41.0,57.0,79.0,82.0
224.0,52.0,120.0,141.0,62.0,30.0,234.0,80.0,0.0,9.0,11.0,21.0,25.0,28.0,34.0,37.0,40.0,57.0,69.0,81.0
41.0,35.0,30.0,12.0,42.0,10.0,40.0,64.0,1.0,10.0,19.0,21.0,25.0,29.0,34.0,38.0,40.0,57.0,79.0,81.0
253.0,113.0,60.0,139.0,122.0,20.0,152.0,104.0,3.0,10.0,11.0,21.0,24.0,30.0,34.0,38.0,40.0,42.0,77.0,81.0
245.0,237.0,30.0,146.0,322.0,20.0,200.0,144.0,3.0,10.0,13.0,21.0,24.0,28.0,34.0,38.0,40.0,59.0,72.0,81.0
86.0,27.0,120.0,28.0,41.0,10.0,0.0,0.0,0.0,9.0,14.0,22.0,25.0,28.0,34.0,37.0,40.0,57.0,61.0,81.0
113.0,72.0,30.0,44.0,84.0,30.0,64.0,65.0,0.0,10.0,11.0,21.0,25.0,29.0,34.0,38.0,40.0,43.0,60.0,81.0
238.0,99.0,60.0,130.0,133.0,30.0,0.0,0.0,2.0,10.0,11.0,21.0,25.0,30.0,33.0,37.0,40.0,47.0,77.0,81.0
196.0,14.0,60.0,119.0,19.0,30.0,182.0,68.0,3.0,9.0,16.0,21.0,25.0,29.0,34.0,38.0,40.0,43.0,72.0,81.0
281.0,101.0,60.0,127.0,127.0,10.0,364.0,286.0,2.0,10.0,11.0,23.0,25.0,29.0,34.0,38.0,40.0,52.0,77.0,81.0
266.0,63.0,120.0,129.0,72.0,30.0,286.0,100.0,3.0,9.0,11.0,21.0,25.0,28.0,33.0,37.0,40.0,52.0,77.0,81.0
217.0,105.0,120.0,93.0,133.0,20.0,210.0,175.0,2.0,10.0,11.0,22.0,24.0,30.0,33.0,38.0,40.0,52.0,77.0,81.0
292.0,109.0,30.0,131.0,122.0,10.0,220.0,108.0,2.0,10.0,11.0,22.0,24.0,29.0,34.0,38.0,40.0,47.0,79.0,81.0
145.0,85.0,60.0,82.0,105.0,30.0,130.0,115.0,0.0,10.0,11.0,22.0,25.0,29.0,34.0,37.0,40.0,42.0,61.0,81.0
224.0,128.0,30.0,80.0,182.0,20.0,176.0,104.0,2.0,9.0,13.0,21.0,24.0,30.0,34.0,37.0,40.0,52.0,77.0,81.0
80.0,20.0,30.0,38.0,26.0,30.0,0.0,0.0,2.0,10.0,12.0,21.0,25.0,28.0,33.0,36.0,40.0,52.0,60.0,81.0
275.0,221.0,120.0,115.0,237.0,30.0,210.0,110.0,2.0,10.0,13.0,22.0,24.0,29.0,34.0,38.0,40.0,57.0,60.0,81.0
164.0,52.0,120.0,64.0,57.0,30.0,136.0,136.0,2.0,9.0,11.0,20.0,24.0,29.0,34.0,35.0,40.0,57.0,60.0,81.0
122.0,76.0,120.0,45.0,83.0,30.0,70.0,50.0,2.0,9.0,13.0,21.0,25.0,27.0,33.0,36.0,40.0,57.0,61.0,82.0
222.0,58.0,60.0,103.0,72.0,10.0,286.0,188.0,2.0,9.0,11.0,21.0,25.0,30.0,34.0,37.0,40.0,59.0,64.0,81.0
233.0,116.0,60.0,94.0,150.0,30.0,234.0,92.0,2.0,10.0,11.0,22.0,24.0,30.0,34.0,38.0,40.0,57.0,60.0,81.0
110.0,2340.0,60.0,74.0,4160.0,30.0,0.0,0.0,0.0,9.0,16.0,21.0,24.0,29.0,33.0,37.0,41.0,42.0,65.0,82.0
128.0,2610.0,60.0,88.0,3480.0,20.0,140.0,520.0,2.0,10.0,17.0,21.0,25.0,31.0,34.0,36.0,41.0,58.0,79.0,81.0
124.0,71.0,120.0,86.0,81.0,20.0,100.0,84.0,2.0,10.0,11.0,23.0,25.0,29.0,34.0,37.0,40.0,43.0,60.0,81.0
120.0,52.0,120.0,101.0,68.0,30.0,0.0,0.0,2.0,9.0,13.0,21.0,25.0,29.0,33.0,36.0,40.0,42.0,72.0,81.0
248.0,85.0,30.0,119.0,132.0,20.0,182.0,80.0,2.0,9.0,13.0,23.0,24.0,28.0,34.0,36.0,40.0,43.0,72.0,81.0
128.0,2220.0,120.0,56.0,2220.0,30.0,0.0,0.0,1.0,9.0,17.0,22.0,25.0,27.0,33.0,36.0,41.0,42.0,61.0,82.0
252.0,10.0,120.0,96.0,10.0,30.0,220.0,120.0,3.0,9.0,17.0,21.0,24.0,27.0,34.0,36.0,40.0,57.0,60.0,81.0
122.0,47.0,30.0,77.0,53.0,10.0,0.0,0.0,2.0,9.0,13.0,21.0,25.0,27.0,33.0,36.0,40.0,52.0,60.0,82.0
236.0,237.0,60.0,143.0,266.0,20.0,325.0,150.0,2.0,10.0,13.0,22.0,24.0,29.0,34.0,38.0,40.0,52.0,79.0,81.0
183.0,106.0,120.0,83.0,123.0,30.0,128.0,136.0,2.0,9.0,13.0,21.0,25.0,28.0,33.0,39.0,40.0,57.0,60.0,81.0
213.0,68.0,120.0,70.0,72.0,30.0,190.0,95.0,2.0,9.0,11.0,21.0,25.0,29.0,34.0,37.0,40.0,57.0,60.0,82.0
130.0,5040.0,30.0,63.0,5460.0,30.0,64.0,91.0,2.0,10.0,16.0,21.0,25.0,30.0,34.0,38.0,41.0,43.0,60.0,81.0
97.0,31.0,120.0,53.0,45.0,10.0,64.0,40.0,0.0,9.0,11.0,21.0,24.0,30.0,34.0,38.0,40.0,43.0,77.0,81.0
230.0,79.0,30.0,74.0,112.0,20.0,195.0,95.0,2.0,10.0,11.0,22.0,24.0,29.0,34.0,37.0,40.0,43.0,72.0,81.0
103.0,60.0,30.0,52.0,60.0,10.0,91.0,104.0,0.0,9.0,15.0,21.0,25.0,29.0,33.0,37.0,40.0,43.0,77.0,81.0
200.0,89.0,60.0,90.0,104.0,10.0,0.0,0.0,2.0,9.0,14.0,21.0,24.0,28.0,34.0,36.0,40.0,59.0,60.0,82.0
121.0,65.0,60.0,80.0,71.0,20.0,143.0,70.0,2.0,10.0,11.0,21.0,24.0,30.0,34.0,37.0,40.0,59.0,61.0,81.0
177.0,110.0,120.0,96.0,146.0,10.0,128.0,135.0,2.0,10.0,11.0,22.0,25.0,29.0,34.0,38.0,40.0,42.0,77.0,81.0
180.0,85.0,30.0,100.0,105.0,30.0,160.0,120.0,2.0,10.0,11.0,22.0,24.0,29.0,34.0,38.0,40.0,57.0,60.0,81.0
102.0,3780.0,60.0,54.0,6720.0,30.0,96.0,97.0,0.0,10.0,16.0,21.0,25.0,29.0,34.0,38.0,41.0,43.0,60.0,82.0
220.0,146.0,60.0,109.0,167.0,20.0,160.0,123.0,2.0,10.0,13.0,20.0,24.0,30.0,34.0,35.0,40.0,43.0,79.0,81.0
227.0,89.0,120.0,152.0,103.0,20.0,112.0,72.0,3.0,9.0,13.0,21.0,25.0,30.0,34.0,38.0,40.0,57.0,60.0,81.0
61.0,14.0,60.0,30.0,18.0,20.0,50.0,39.0,0.0,9.0,11.0,21.0,24.0,29.0,33.0,36.0,40.0,59.0,77.0,81.0
116.0,71.0,120.0,76.0,81.0,20.0,120.0,97.0,2.0,10.0,11.0,22.0,24.0,30.0,34.0,38.0,40.0,43.0,60.0,81.0
174.0,49.0,30.0,55.0,58.0,30.0,195.0,76.0,2.0,9.0,11.0,23.0,24.0,29.0,34.0,38.0,40.0,52.0,61.0,81.0
123.0,31.0,60.0,55.0,43.0,30.0,91.0,32.0,3.0,9.0,11.0,21.0,24.0,29.0,34.0,38.0,40.0,42.0,72.0,81.0
91.0,49.0,120.0,88.0,54.0,30.0,0.0,0.0,2.0,10.0,11.0,21.0,25.0,28.0,34.0,39.0,40.0,59.0,65.0,81.0
211.0,55.0,30.0,124.0,58.0,30.0,104.0,84.0,2.0,9.0,11.0,22.0,25.0,29.0,34.0,37.0,40.0,42.0,61.0,81.0
194.0,72.0,60.0,90.0,86.0,20.0,120.0,110.0,2.0,9.0,13.0,21.0,25.0,29.0,33.0,37.0,40.0,59.0,61.0,81.0
291.0,252.0,30.0,136.0,281.0,30.0,208.0,188.0,3.0,10.0,13.0,21.0,25.0,30.0,33.0,36.0,40.0,57.0,75.0,81.0
52.0,2340.0,60.0,30.0,3380.0,10.0,0.0,0.0,1.0,9.0,16.0,21.0,25.0,28.0,33.0,37.0,41.0,57.0,79.0,81.0
103.0,25.0,60.0,31.0,32.0,10.0,0.0,0.0,1.0,9.0,11.0,23.0,25.0,29.0,33.0,37.0,40.0,43.0,77.0,81.0
174.0,84.0,30.0,55.0,99.0,30.0,182.0,76.0,2.0,10.0,11.0,20.0,24.0,28.0,34.0,35.0,40.0,52.0,61.0,81.0
124.0,54.0,120.0,82.0,60.0,30.0,130.0,52.0,3.0,10.0,11.0,21.0,25.0,31.0,34.0,38.0,40.0,43.0,77.0,81.0
328.0,94.0,30.0,165.0,127.0,20.0,247.0,120.0,3.0,10.0,11.0,21.0,25.0,28.0,33.0,36.0,40.0,42.0,77.0,81.0
159.0,176.0,60.0,76.0,198.0,20.0,221.0,110.0,0.0,10.0,13.0,22.0,24.0,28.0,34.0,38.0,40.0,57.0,60.0,81.0
211.0,210.0,30.0,97.0,237.0,30.0,260.0,112.0,2.0,10.0,13.0,23.0,24.0,30.0,34.0,38.0,40.0,42.0,77.0,81.0
152.0,71.0,120.0,112.0,76.0,20.0,150.0,117.0,2.0,10.0,11.0,22.0,25.0,29.0,34.0,39.0,40.0,43.0,72.0,81.0
131.0,81.0,30.0,75.0,98.0,30.0,120.0,70.0,3.0,9.0,13.0,21.0,25.0,28.0,34.0,37.0,40.0,59.0,61.0,81.0
92.0,5040.0,60.0,34.0,5040.0,20.0,72.0,140.0,4.0,10.0,16.0,22.0,25.0,30.0,34.0,38.0,41.0,43.0,60.0,81.0
133.0,117.0,30.0,122.0,130.0,10.0,72.0,55.0,1.0,10.0,13.0,21.0,25.0,30.0,34.0,38.0,40.0,59.0,65.0,81.0
134.0,45.0,30.0,104.0,56.0,20.0,0.0,0.0,1.0,9.0,11.0,21.0,25.0,28.0,33.0,37.0,40.0,42.0,65.0,81.0
128.0,71.0,120.0,83.0,78.0,30.0,96.0,97.0,2.0,10.0,11.0,22.0,24.0,30.0,34.0,38.0,40.0,43.0,60.0,81.0
215.0,50.0,60.0,63.0,65.0,10.0,112.0,80.0,0.0,9.0,15.0,22.0,25.0,29.0,34.0,38.0,40.0,52.0,61.0,81.0
164.0,106.0,120.0,56.0,118.0,20.0,221.0,105.0,2.0,10.0,11.0,23.0,25.0,28.0,34.0,37.0,40.0,42.0,77.0,81.0
101.0,36.0,30.0,88.0,58.0,30.0,78.0,24.0,0.0,10.0,11.0,22.0,24.0,28.0,34.0,38.0,40.0,52.0,60.0,81.0
124.0,2600.0,60.0,54.0,3380.0,10.0,0.0,0.0,2.0,9.0,16.0,21.0,25.0,29.0,34.0,36.0,41.0,52.0,60.0,81.0
193.0,90.0,30.0,113.0,109.0,30.0,195.0,76.0,2.0,10.0,11.0,23.0,25.0,28.0,34.0,37.0,40.0,52.0,65.0,81.0
96.0,76.0,30.0,51.0,99.0,20.0,88.0,60.0,2.0,9.0,13.0,22.0,25.0,30.0,34.0,38.0,40.0,43.0,60.0,81.0
173.0,54.0,60.0,65.0,74.0,30.0,170.0,100.0,3.0,9.0,11.0,21.0,25.0,28.0,33.0,36.0,40.0,42.0,77.0,81.0
246.0,111.0,120.0,160.0,128.0,30.0,234.0,96.0,3.0,9.0,13.0,21.0,24.0,31.0,33.0,37.0,40.0,57.0,60.0,81.0
85.0,54.0,120.0,37.0,65.0,30.0,117.0,48.0,2.0,10.0,11.0,22.0,24.0,29.0,34.0,38.0,40.0,43.0,60.0,81.0
298.0,77.0,60.0,215.0,82.0,10.0,180.0,104.0,3.0,9.0,11.0,21.0,25.0,28.0,33.0,37.0,40.0,42.0,77.0,81.0
283.0,122.0,120.0,109.0,140.0,30.0,216.0,195.0,2.0,10.0,11.0,22.0,25.0,29.0,33.0,37.0,40.0,52.0,79.0,81.0
210.0,2340.0,30.0,181.0,3380.0,30.0,0.0,0.0,2.0,9.0,16.0,21.0,25.0,27.0,34.0,39.0,41.0,57.0,61.0,81.0
224.0,94.0,30.0,114.0,109.0,30.0,273.0,132.0,2.0,10.0,11.0,22.0,25.0,30.0,34.0,38.0,40.0,52.0,65.0,81.0
103.0,1665.0,30.0,31.0,2960.0,20.0,0.0,0.0,1.0,9.0,17.0,21.0,25.0,27.0,33.0,36.0,41.0,43.0,77.0,81.0
151.0,82.0,120.0,114.0,91.0,30.0,169.0,68.0,3.0,9.0,13.0,21.0,25.0,28.0,33.0,36.0,40.0,52.0,67.0,81.0
240.0,113.0,60.0,100.0,150.0,30.0,208.0,96.0,2.0,10.0,11.0,22.0,24.0,29.0,34.0,38.0,40.0,57.0,60.0,81.0
279.0,133.0,30.0,142.0,150.0,30.0,364.0,160.0,6.0,10.0,11.0,21.0,24.0,28.0,34.0,37.0,40.0,53.0,79.0,82.0
130.0,76.0,30.0,72.0,91.0,30.0,0.0,0.0,1.0,9.0,13.0,21.0,25.0,27.0,33.0,36.0,40.0,42.0,61.0,82.0
341.0,62.0,120.0,194.0,80.0,10.0,260.0,162.0,0.0,9.0,11.0,22.0,24.0,28.0,33.0,36.0,40.0,57.0,72.0,81.0
148.0,117.0,30.0,65.0,167.0,20.0,130.0,65.0,2.0,10.0,13.0,20.0,24.0,30.0,34.0,35.0,40.0,43.0,60.0,81.0
209.0,90.0,60.0,104.0,122.0,30.0,150.0,105.0,2.0,10.0,11.0,22.0,24.0,29.0,34.0,38.0,40.0,52.0,61.0,81.0
200.0,49.0,120.0,118.0,62.0,10.0,156.0,104.0,2.0,9.0,11.0,22.0,25.0,28.0,34.0,37.0,40.0,52.0,61.0,81.0
208.0,158.0,30.0,65.0,225.0,20.0,156.0,95.0,2.0,10.0,13.0,21.0,25.0,29.0,33.0,37.0,40.0,57.0,60.0,81.0
183.0,88.0,120.0,82.0,105.0,20.0,140.0,110.0,2.0,10.0,11.0,21.0,24.0,29.0,33.0,38.0,40.0,52.0,61.0,81.0
202.0,1665.0,30.0,119.0,2960.0,20.0,0.0,0.0,2.0,9.0,17.0,21.0,25.0,27.0,34.0,36.0,41.0,52.0,61.0,81.0
171.0,84.0,120.0,81.0,105.0,20.0,150.0,117.0,2.0,10.0,11.0,22.0,24.0,29.0,34.0,38.0,40.0,52.0,61.0,81.0
236.0,94.0,120.0,81.0,112.0,20.0,168.0,100.0,0.0,10.0,11.0,21.0,24.0,28.0,34.0,37.0,40.0,59.0,60.0,81.0
168.0,37.0,120.0,86.0,40.0,30.0,0.0,0.0,0.0,9.0,11.0,22.0,25.0,29.0,34.0,36.0,40.0,42.0,72.0,82.0
147.0,67.0,30.0,111.0,76.0,30.0,140.0,85.0,2.0,10.0,11.0,22.0,24.0,28.0,33.0,38.0,40.0,44.0,77.0,81.0
186.0,3780.0,60.0,117.0,5040.0,20.0,0.0,0.0,2.0,10.0,16.0,21.0,25.0,31.0,33.0,39.0,41.0,54.0,60.0,81.0
240.0,89.0,60.0,170.0,106.0,10.0,208.0,130.0,3.0,9.0,13.0,21.0,25.0,30.0,34.0,37.0,40.0,59.0,61.0,81.0
98.0,50.0,120.0,57.0,62.0,10.0,80.0,65.0,2.0,9.0,11.0,22.0,25.0,28.0,34.0,37.0,40.0,43.0,60.0,81.0
163.0,186.0,60.0,117.0,189.0,20.0,104.0,76.0,2.0,10.0,13.0,23.0,25.0,31.0,34.0,37.0,40.0,42.0,65.0,81.0
238.0,75.0,60.0,86.0,100.0,20.0,160.0,117.0,0.0,10.0,15.0,22.0,25.0,28.0,33.0,39.0,40.0,43.0,72.0,81.0
251.0,131.0,60.0,114.0,140.0,20.0,168.0,120.0,2.0,10.0,11.0,22.0,24.0,29.0,34.0,38.0,40.0,54.0,79.0,81.0
150.0,211.0,30.0,50.0,225.0,10.0,221.0,175.0,0.0,10.0,13.0,22.0,24.0,29.0,34.0,38.0,40.0,57.0,60.0,81.0
106.0,60.0,120.0,37.0,84.0,10.0,104.0,78.0,2.0,10.0,11.0,21.0,24.0,29.0,34.0,38.0,40.0,43.0,60.0,81.0
174.0,45.0,60.0,66.0,52.0,10.0,0.0,0.0,2.0,9.0,11.0,21.0,26.0,29.0,33.0,36.0,40.0,59.0,61.0,81.0
67.0,22.0,30.0,43.0,25.0,10.0,48.0,40.0,2.0,9.0,11.0,21.0,25.0,30.0,33.0,37.0,40.0,59.0,77.0,82.0
227.0,105.0,120.0,108.0,118.0,30.0,176.0,169.0,3.0,10.0,11.0,21.0,24.0,31.0,34.0,38.0,40.0,42.0,79.0,81.0
160.0,12.0,60.0,127.0,14.0,20.0,169.0,95.0,3.0,9.0,16.0,21.0,24.0,30.0,34.0,37.0,40.0,57.0,62.0,81.0
306.0,211.0,120.0,230.0,225.0,20.0,221.0,115.0,3.0,10.0,13.0,21.0,25.0,29.0,34.0,38.0,40.0,59.0,62.0,81.0
131.0,153.0,60.0,75.0,167.0,20.0,169.0,85.0,3.0,10.0,13.0,21.0,24.0,30.0,34.0,37.0,40.0,59.0,61.0,81.0
176.0,119.0,30.0,103.0,132.0,10.0,169.0,91.0,2.0,9.0,13.0,21.0,25.0,29.0,33.0,37.0,40.0,51.0,61.0,81.0
114.0,80.0,30.0,49.0,106.0,20.0,88.0,56.0,3.0,9.0,13.0,21.0,24.0,30.0,34.0,37.0,40.0,59.0,61.0,81.0
219.0,176.0,30.0,86.0,198.0,10.0,150.0,68.0,1.0,10.0,13.0,21.0,25.0,28.0,34.0,36.0,40.0,57.0,60.0,81.0
213.0,110.0,60.0,176.0,118.0,10.0,160.0,76.0,3.0,10.0,11.0,21.0,25.0,29.0,34.0,38.0,40.0,53.0,61.0,81.0
200.0,189.0,30.0,71.0,218.0,10.0,168.0,135.0,2.0,10.0,13.0,22.0,25.0,28.0,34.0,38.0,40.0,42.0,79.0,81.0
112.0,22.0,30.0,56.0,29.0,30.0,0.0,0.0,2.0,9.0,11.0,21.0,25.0,28.0,34.0,37.0,40.0,42.0,72.0,82.0
120.0,72.0,30.0,48.0,98.0,20.0,143.0,65.0,2.0,9.0,13.0,20.0,24.0,29.0,34.0,35.0,40.0,43.0,60.0,81.0
419.0,67.0,30.0,216.0,91.0,20.0,312.0,150.0,3.0,9.0,11.0,23.0,25.0,30.0,34.0,38.0,40.0,59.0,73.0,81.0
211.0,210.0,60.0,103.0,274.0,30.0,200.0,140.0,2.0,10.0,13.0,23.0,24.0,30.0,34.0,38.0,40.0,42.0,77.0,81.0
61.0,16.0,60.0,42.0,20.0,20.0,0.0,0.0,2.0,9.0,11.0,21.0,26.0,30.0,34.0,36.0,40.0,59.0,77.0,82.0
222.0,50.0,120.0,77.0,80.0,10.0,208.0,123.0,2.0,9.0,15.0,21.0,25.0,29.0,33.0,38.0,40.0,42.0,77.0,82.0
334.0,144.0,30.0,136.0,172.0,10.0,260.0,112.0,3.0,9.0,13.0,21.0,24.0,29.0,34.0,38.0,40.0,59.0,75.0,81.0
231.0,112.0,60.0,154.0,122.0,20.0,273.0,135.0,2.0,10.0,11.0,22.0,25.0,29.0,34.0,37.0,40.0,50.0,77.0,81.0
182.0,81.0,120.0,68.0,118.0,10.0,160.0,76.0,3.0,10.0,11.0,21.0,25.0,30.0,34.0,37.0,40.0,42.0,77.0,81.0
59.0,100.0,120.0,35.0,108.0,20.0,156.0,110.0,1.0,10.0,15.0,22.0,25.0,28.0,34.0,38.0,40.0,54.0,79.0,81.0
163.0,2220.0,60.0,92.0,2960.0,30.0,0.0,0.0,6.0,9.0,17.0,21.0,25.0,28.0,33.0,36.0,41.0,43.0,60.0,81.0
231.0,3120.0,60.0,76.0,4160.0,30.0,0.0,0.0,0.0,9.0,16.0,23.0,25.0,28.0,34.0,37.0,41.0,59.0,60.0,81.0
149.0,14.0,120.0,119.0,19.0,10.0,112.0,85.0,3.0,9.0,16.0,21.0,25.0,29.0,34.0,38.0,40.0,43.0,72.0,81.0
138.0,35.0,120.0,62.0,45.0,10.0,130.0,78.0,0.0,9.0,11.0,21.0,25.0,28.0,34.0,37.0,40.0,57.0,61.0,81.0
161.0,40.0,120.0,64.0,53.0,10.0,97.0,91.0,2.0,9.0,11.0,21.0,25.0,31.0,33.0,36.0,40.0,59.0,61.0,82.0
202.0,150.0,30.0,115.0,194.0,10.0,120.0,100.0,2.0,10.0,13.0,22.0,25.0,28.0,34.0,38.0,40.0,52.0,61.0,81.0
289.0,270.0,30.0,133.0,301.0,30.0,176.0,195.0,3.0,10.0,13.0,21.0,25.0,30.0,34.0,38.0,40.0,57.0,73.0,81.0
126.0,61.0,30.0,94.0,76.0,20.0,130.0,150.0,6.0,9.0,13.0,22.0,24.0,29.0,33.0,37.0,40.0,59.0,65.0,81.0
280.0,144.0,60.0,122.0,215.0,30.0,260.0,140.0,3.0,9.0,13.0,21.0,24.0,29.0,34.0,38.0,40.0,59.0,75.0,81.0
196.0,76.0,30.0,115.0,88.0,30.0,195.0,80.0,2.0,10.0,11.0,22.0,25.0,29.0,34.0,38.0,40.0,43.0,79.0,81.0
336.0,86.0,30.0,95.0,102.0,30.0,216.0,247.0,3.0,9.0,11.0,21.0,25.0,29.0,33.0,37.0,40.0,59.0,72.0,81.0
200.0,67.0,120.0,90.0,77.0,30.0,0.0,0.0,2.0,9.0,14.0,21.0,24.0,28.0,34.0,36.0,40.0,59.0,60.0,81.0
236.0,105.0,30.0,81.0,118.0,10.0,190.0,112.0,2.0,10.0,11.0,22.0,24.0,28.0,34.0,38.0,40.0,59.0,60.0,81.0
194.0,108.0,120.0,100.0,128.0,20.0,200.0,156.0,2.0,9.0,13.0,22.0,24.0,30.0,34.0,38.0,40.0,57.0,60.0,81.0
151.0,50.0,60.0,108.0,62.0,30.0,160.0,80.0,3.0,9.0,11.0,21.0,24.0,30.0,34.0,36.0,40.0,57.0,60.0,81.0
136.0,176.0,60.0,74.0,194.0,10.0,130.0,68.0,2.0,10.0,13.0,22.0,24.0,28.0,34.0,38.0,40.0,43.0,79.0,81.0
246.0,146.0,60.0,114.0,178.0,10.0,270.0,128.0,2.0,10.0,11.0,23.0,25.0,29.0,34.0,38.0,40.0,59.0,72.0,81.0
227.0,95.0,30.0,77.0,132.0,20.0,221.0,110.0,0.0,9.0,13.0,22.0,25.0,28.0,34.0,38.0,40.0,57.0,60.0,81.0
128.0,74.0,120.0,60.0,84.0,20.0,130.0,130.0,2.0,10.0,11.0,20.0,24.0,30.0,34.0,35.0,40.0,43.0,79.0,81.0
262.0,74.0,120.0,97.0,104.0,10.0,273.0,84.0,2.0,9.0,14.0,21.0,24.0,28.0,33.0,36.0,40.0,42.0,79.0,82.0
164.0,76.0,30.0,74.0,94.0,30.0,140.0,90.0,4.0,10.0,11.0,22.0,25.0,30.0,34.0,38.0,40.0,43.0,70.0,81.0
90.0,4200.0,30.0,44.0,6720.0,20.0,0.0,0.0,0.0,10.0,16.0,21.0,25.0,30.0,34.0,36.0,41.0,42.0,72.0,81.0
193.0,158.0,30.0,50.0,225.0,20.0,260.0,130.0,2.0,10.0,13.0,21.0,24.0,30.0,34.0,38.0,40.0,57.0,60.0,81.0
105.0,4200.0,60.0,63.0,5040.0,20.0,130.0,150.0,0.0,10.0,16.0,22.0,25.0,29.0,34.0,38.0,41.0,54.0,72.0,82.0
85.0,12.0,120.0,34.0,15.0,20.0,80.0,65.0,1.0,9.0,16.0,21.0,25.0,29.0,34.0,37.0,40.0,43.0,60.0,81.0
200.0,76.0,30.0,116.0,81.0,10.0,150.0,84.0,2.0,10.0,11.0,23.0,25.0,30.0,34.0,38.0,40.0,57.0,74.0,81.0
125.0,96.0,60.0,44.0,99.0,20.0,88.0,52.0,3.0,9.0,13.0,21.0,24.0,28.0,33.0,37.0,40.0,59.0,61.0,81.0
133.0,147.0,120.0,121.0,196.0,30.0,117.0,40.0,2.0,10.0,18.0,21.0,24.0,30.0,33.0,37.0,40.0,59.0,77.0,81.0
130.0,50.0,30.0,86.0,52.0,10.0,143.0,91.0,3.0,9.0,11.0,21.0,25.0,31.0,34.0,37.0,40.0,42.0,61.0,81.0
236.0,94.0,120.0,81.0,112.0,20.0,152.0,112.0,3.0,10.0,11.0,21.0,25.0,30.0,34.0,37.0,40.0,59.0,60.0,81.0
180.0,19.0,30.0,116.0,23.0,10.0,120.0,60.0,3.0,10.0,16.0,21.0,25.0,29.0,34.0,37.0,40.0,42.0,65.0,81.0
110.0,3120.0,120.0,57.0,3380.0,20.0,0.0,0.0,2.0,9.0,16.0,21.0,25.0,29.0,34.0,36.0,41.0,52.0,60.0,81.0
279.0,203.0,60.0,178.0,254.0,30.0,195.0,72.0,3.0,10.0,13.0,21.0,25.0,30.0,34.0,37.0,40.0,59.0,61.0,81.0
182.0,116.0,30.0,82.0,150.0,20.0,180.0,156.0,2.0,10.0,11.0,22.0,24.0,29.0,34.0,38.0,40.0,57.0,60.0,81.0
64.0,14.0,60.0,42.0,19.0,10.0,0.0,0.0,2.0,9.0,11.0,21.0,26.0,30.0,34.0,36.0,40.0,59.0,77.0,81.0
108.0,64.0,30.0,53.0,74.0,10.0,80.0,60.0,2.0,10.0,11.0,23.0,24.0,29.0,34.0,37.0,40.0,43.0,60.0,81.0
268.0,79.0,60.0,110.0,105.0,30.0,0.0,0.0,2.0,9.0,11.0,21.0,24.0,27.0,34.0,36.0,40.0,59.0,60.0,81.0
138.0,2340.0,120.0,80.0,4160.0,10.0,80.0,128.0,0.0,9.0,16.0,23.0,26.0,28.0,34.0,38.0,41.0,42.0,61.0,81.0
156.0,85.0,120.0,74.0,88.0,30.0,130.0,75.0,2.0,10.0,11.0,21.0,24.0,30.0,34.0,38.0,40.0,52.0,61.0,81.0
166.0,200.0,60.0,99.0,266.0,20.0,0.0,0.0,2.0,10.0,19.0,21.0,25.0,30.0,33.0,38.0,40.0,42.0,75.0,81.0
125.0,91.0,30.0,49.0,99.0,30.0,72.0,78.0,2.0,9.0,13.0,22.0,24.0,28.0,34.0,38.0,40.0,43.0,60.0,81.0
250.0,270.0,60.0,110.0,310.0,10.0,230.0,124.0,2.0,10.0,13.0,22.0,25.0,29.0,34.0,38.0,40.0,52.0,77.0,81.0
88.0,3120.0,120.0,48.0,4160.0,10.0,0.0,0.0,0.0,9.0,16.0,21.0,25.0,29.0,34.0,36.0,41.0,54.0,72.0,81.0
223.0,59.0,120.0,118.0,70.0,30.0,312.0,116.0,3.0,9.0,11.0,21.0,25.0,30.0,33.0,37.0,40.0,59.0,69.0,81.0
150.0,62.0,60.0,56.0,70.0,10.0,170.0,76.0,2.0,9.0,11.0,22.0,25.0,30.0,34.0,37.0,40.0,57.0,60.0,81.0
206.0,4200.0,120.0,109.0,5040.0,30.0,120.0,123.0,4.0,10.0,16.0,22.0,25.0,29.0,34.0,38.0,41.0,43.0,72.0,81.0
124.0,60.0,60.0,59.0,80.0,30.0,91.0,64.0,0.0,9.0,15.0,21.0,25.0,29.0,33.0,37.0,40.0,43.0,77.0,81.0
107.0,34.0,30.0,35.0,48.0,20.0,0.0,0.0,2.0,9.0,11.0,21.0,25.0,27.0,34.0,36.0,40.0,43.0,60.0,81.0
97.0,100.0,60.0,41.0,100.0,20.0,48.0,28.0,0.0,10.0,15.0,22.0,25.0,29.0,34.0,38.0,40.0,42.0,72.0,81.0
223.0,100.0,120.0,167.0,114.0,30.0,247.0,100.0,3.0,9.0,13.0,21.0,24.0,28.0,33.0,37.0,40.0,59.0,74.0,81.0
283.0,110.0,60.0,109.0,137.0,10.0,351.0,195.0,2.0,10.0,11.0,22.0,25.0,29.0,33.0,37.0,40.0,52.0,79.0,81.0
125.0,96.0,120.0,49.0,106.0,20.0,143.0,70.0,3.0,9.0,13.0,21.0,24.0,30.0,34.0,37.0,40.0,59.0,61.0,81.0
258.0,109.0,30.0,149.0,127.0,30.0,325.0,124.0,2.0,10.0,11.0,23.0,24.0,29.0,34.0,38.0,40.0,57.0,72.0,81.0
178.0,16.0,30.0,96.0,17.0,30.0,96.0,91.0,3.0,10.0,17.0,21.0,24.0,31.0,34.0,38.0,40.0,43.0,75.0,81.0
97.0,2220.0,120.0,27.0,2220.0,30.0,0.0,0.0,0.0,9.0,17.0,21.0,25.0,28.0,33.0,37.0,41.0,52.0,60.0,82.0
189.0,10.0,60.0,102.0,11.0,10.0,220.0,96.0,3.0,9.0,17.0,21.0,24.0,27.0,34.0,36.0,40.0,57.0,60.0,81.0
219.0,95.0,60.0,149.0,111.0,10.0,221.0,149.0,1.0,9.0,13.0,21.0,24.0,29.0,34.0,38.0,40.0,59.0,67.0,81.0
220.0,51.0,30.0,170.0,58.0,30.0,210.0,125.0,2.0,9.0,11.0,21.0,24.0,28.0,34.0,37.0,40.0,54.0,79.0,81.0
263.0,126.0,60.0,121.0,161.0,30.0,260.0,96.0,2.0,10.0,11.0,22.0,24.0,28.0,34.0,38.0,40.0,42.0,77.0,81.0
79.0,464.0,120.0,57.0,557.0,30.0,0.0,0.0,1.0,10.0,18.0,22.0,25.0,29.0,33.0,36.0,40.0,58.0,79.0,81.0
61.0,2340.0,30.0,28.0,4160.0,20.0,52.0,25.0,1.0,9.0,16.0,21.0,25.0,29.0,34.0,37.0,41.0,59.0,77.0,81.0
114.0,50.0,120.0,56.0,71.0,10.0,80.0,44.0,2.0,10.0,11.0,22.0,25.0,30.0,34.0,37.0,40.0,43.0,77.0,81.0
147.0,71.0,30.0,73.0,78.0,10.0,90.0,44.0,2.0,10.0,11.0,22.0,25.0,29.0,34.0,38.0,40.0,43.0,60.0,81.0
80.0,24.0,60.0,31.0,38.0,30.0,0.0,0.0,2.0,9.0,14.0,21.0,26.0,29.0,33.0,37.0,40.0,52.0,60.0,81.0
133.0,163.0,120.0,119.0,212.0,20.0,90.0,65.0,2.0,10.0,18.0,21.0,24.0,30.0,33.0,37.0,40.0,59.0,77.0,81.0
87.0,3120.0,60.0,39.0,3380.0,10.0,0.0,0.0,1.0,9.0,16.0,21.0,25.0,28.0,34.0,36.0,41.0,43.0,77.0,82.0
114.0,68.0,120.0,72.0,83.0,10.0,91.0,65.0,2.0,9.0,13.0,21.0,26.0,29.0,33.0,36.0,40.0,58.0,79.0,82.0
112.0,122.0,120.0,54.0,167.0,10.0,80.0,44.0,2.0,10.0,13.0,22.0,24.0,29.0,34.0,38.0,40.0,42.0,61.0,81.0
90.0,42.0,60.0,42.0,49.0,10.0,60.0,40.0,4.0,9.0,11.0,23.0,25.0,29.0,34.0,37.0,40.0,43.0,60.0,82.0
143.0,37.0,120.0,70.0,44.0,20.0,72.0,20.0,5.0,10.0,12.0,22.0,25.0,27.0,34.0,39.0,40.0,42.0,61.0,82.0
194.0,84.0,60.0,105.0,97.0,10.0,112.0,100.0,2.0,10.0,11.0,22.0,24.0,28.0,34.0,39.0,40.0,53.0,61.0,81.0
182.0,252.0,60.0,71.0,281.0,10.0,190.0,84.0,3.0,10.0,13.0,21.0,24.0,28.0,34.0,37.0,40.0,59.0,60.0,81.0
124.0,83.0,30.0,59.0,133.0,20.0,96.0,80.0,1.0,10.0,15.0,22.0,25.0,29.0,33.0,38.0,40.0,59.0,61.0,81.0
100.0,22.0,30.0,56.0,35.0,20.0,80.0,24.0,0.0,9.0,11.0,21.0,25.0,30.0,34.0,38.0,40.0,42.0,72.0,81.0
150.0,50.0,60.0,80.0,62.0,30.0,143.0,48.0,2.0,9.0,11.0,23.0,24.0,28.0,33.0,37.0,40.0,42.0,61.0,81.0
117.0,36.0,30.0,59.0,45.0,30.0,0.0,0.0,0.0,9.0,11.0,22.0,25.0,29.0,33.0,37.0,40.0,42.0,61.0,82.0
111.0,4200.0,60.0,41.0,5460.0,10.0,0.0,0.0,0.0,10.0,16.0,21.0,25.0,30.0,34.0,36.0,41.0,42.0,72.0,81.0
92.0,63.0,30.0,37.0,76.0,10.0,64.0,45.0,2.0,9.0,13.0,21.0,24.0,29.0,34.0,37.0,40.0,42.0,61.0,81.0
177.0,45.0,30.0,142.0,57.0,20.0,144.0,52.0,2.0,9.0,11.0,21.0,26.0,28.0,33.0,39.0,40.0,50.0,61.0,81.0
183.0,92.0,120.0,82.0,109.0,20.0,170.0,143.0,2.0,10.0,11.0,22.0,24.0,28.0,34.0,37.0,40.0,52.0,65.0,81.0
188.0,111.0,60.0,82.0,149.0,30.0,170.0,95.0,0.0,9.0,13.0,21.0,24.0,29.0,34.0,38.0,40.0,57.0,60.0,81.0
128.0,86.0,60.0,87.0,91.0,20.0,143.0,65.0,3.0,9.0,13.0,21.0,24.0,28.0,34.0,37.0,40.0,57.0,60.0,81.0
132.0,2600.0,60.0,56.0,4160.0,30.0,0.0,0.0,2.0,9.0,16.0,21.0,25.0,27.0,33.0,39.0,41.0,59.0,61.0,81.0
118.0,96.0,30.0,73.0,116.0,20.0,100.0,84.0,2.0,9.0,13.0,22.0,24.0,29.0,34.0,39.0,40.0,43.0,60.0,81.0
148.0,23.0,60.0,105.0,26.0,20.0,0.0,0.0,2.0,9.0,11.0,21.0,25.0,30.0,33.0,37.0,40.0,57.0,79.0,81.0
166.0,106.0,120.0,69.0,128.0,20.0,160.0,136.0,2.0,9.0,13.0,21.0,25.0,28.0,33.0,39.0,40.0,57.0,60.0,81.0
85.0,35.0,60.0,41.0,42.0,20.0,117.0,60.0,3.0,9.0,11.0,23.0,24.0,28.0,34.0,37.0,40.0,42.0,61.0,81.0
89.0,30.0,60.0,31.0,34.0,20.0,56.0,32.0,3.0,9.0,11.0,21.0,25.0,30.0,34.0,37.0,40.0,43.0,77.0,81.0
210.0,3120.0,120.0,181.0,4160.0,10.0,0.0,0.0,2.0,9.0,16.0,21.0,25.0,27.0,34.0,39.0,41.0,57.0,61.0,81.0
82.0,4200.0,120.0,31.0,5460.0,20.0,0.0,0.0,0.0,10.0,16.0,23.0,25.0,30.0,33.0,38.0,41.0,57.0,61.0,81.0
193.0,62.0,120.0,50.0,66.0,30.0,170.0,130.0,3.0,9.0,11.0,21.0,25.0,28.0,34.0,38.0,40.0,42.0,77.0,81.0
127.0,2600.0,120.0,78.0,3120.0,30.0,72.0,52.0,6.0,9.0,16.0,21.0,25.0,28.0,34.0,36.0,41.0,42.0,72.0,81.0
51.0,443.0,120.0,18.0,443.0,30.0,50.0,25.0,1.0,10.0,18.0,22.0,24.0,28.0,33.0,37.0,40.0,59.0,77.0,82.0
139.0,55.0,60.0,98.0,68.0,10.0,60.0,28.0,2.0,10.0,11.0,21.0,25.0,28.0,34.0,37.0,40.0,42.0,72.0,82.0
122.0,2600.0,120.0,76.0,3380.0,20.0,0.0,0.0,0.0,9.0,16.0,22.0,25.0,29.0,34.0,38.0,41.0,55.0,60.0,81.0
173.0,92.0,60.0,65.0,127.0,30.0,150.0,100.0,3.0,10.0,11.0,21.0,25.0,31.0,34.0,38.0,40.0,42.0,77.0,81.0
240.0,81.0,120.0,97.0,99.0,20.0,128.0,84.0,2.0,10.0,11.0,22.0,25.0,29.0,34.0,37.0,40.0,43.0,72.0,81.0
112.0,4200.0,30.0,60.0,5460.0,30.0,104.0,56.0,2.0,10.0,16.0,21.0,25.0,30.0,34.0,38.0,41.0,43.0,60.0,82.0
140.0,48.0,60.0,59.0,50.0,20.0,60.0,56.0,2.0,9.0,11.0,21.0,25.0,31.0,33.0,36.0,40.0,59.0,61.0,81.0
220.0,57.0,30.0,164.0,70.0,20.0,168.0,100.0,2.0,9.0,11.0,21.0,24.0,28.0,34.0,37.0,40.0,54.0,79.0,81.0
108.0,2900.0,120.0,68.0,4640.0,10.0,104.0,58.0,2.0,10.0,17.0,21.0,25.0,31.0,33.0,36.0,41.0,59.0,78.0,82.0
150.0,88.0,120.0,50.0,105.0,20.0,170.0,156.0,2.0,10.0,11.0,22.0,24.0,29.0,34.0,38.0,40.0,42.0,77.0,81.0
236.0,56.0,60.0,71.0,64.0,20.0,250.0,208.0,0.0,9.0,11.0,22.0,25.0,28.0,33.0,37.0,40.0,59.0,60.0,81.0
236.0,189.0,120.0,81.0,225.0,20.0,168.0,132.0,2.0,10.0,13.0,22.0,24.0,29.0,34.0,38.0,40.0,59.0,60.0,81.0
182.0,126.0,60.0,71.0,140.0,10.0,210.0,132.0,2.0,10.0,11.0,22.0,24.0,29.0,34.0,38.0,40.0,59.0,60.0,81.0
214.0,130.0,30.0,114.0,172.0,20.0,200.0,156.0,2.0,9.0,13.0,22.0,24.0,30.0,34.0,38.0,40.0,57.0,60.0,81.0
92.0,23.0,30.0,41.0,31.0,20.0,90.0,84.0,3.0,10.0,16.0,21.0,24.0,28.0,34.0,38.0,40.0,43.0,60.0,81.0
214.0,56.0,120.0,77.0,80.0,10.0,0.0,0.0,2.0,9.0,11.0,21.0,25.0,28.0,34.0,39.0,40.0,42.0,79.0,81.0
84.0,26.0,30.0,58.0,31.0,30.0,0.0,0.0,2.0,9.0,11.0,21.0,25.0,31.0,34.0,36.0,40.0,59.0,65.0,82.0
164.0,62.0,30.0,64.0,82.0,20.0,170.0,162.0,2.0,9.0,11.0,22.0,25.0,28.0,34.0,38.0,40.0,57.0,60.0,81.0
142.0,89.0,30.0,99.0,88.0,10.0,156.0,110.0,2.0,10.0,11.0,22.0,24.0,29.0,34.0,38.0,40.0,57.0,67.0,81.0
287.0,2600.0,60.0,66.0,3380.0,10.0,0.0,0.0,2.0,9.0,16.0,21.0,24.0,27.0,34.0,39.0,41.0,57.0,72.0,81.0
138.0,34.0,30.0,100.0,40.0,30.0,110.0,70.0,1.0,9.0,11.0,21.0,25.0,31.0,34.0,37.0,40.0,57.0,61.0,81.0
130.0,71.0,30.0,67.0,78.0,10.0,90.0,52.0,3.0,10.0,11.0,21.0,25.0,29.0,34.0,38.0,40.0,43.0,60.0,81.0
323.0,101.0,120.0,116.0,127.0,20.0,184.0,96.0,2.0,10.0,11.0,21.0,25.0,30.0,34.0,38.0,40.0,57.0,72.0,81.0
220.0,68.0,120.0,170.0,80.0,10.0,168.0,125.0,2.0,9.0,11.0,21.0,24.0,28.0,34.0,37.0,40.0,54.0,79.0,81.0
95.0,29.0,120.0,46.0,35.0,20.0,70.0,45.0,0.0,9.0,11.0,21.0,25.0,29.0,33.0,38.0,40.0,47.0,72.0,81.0
100.0,58.0,60.0,49.0,71.0,10.0,117.0,78.0,0.0,10.0,11.0,23.0,24.0,29.0,34.0,38.0,40.0,43.0,60.0,81.0
118.0,50.0,30.0,63.0,84.0,20.0,130.0,60.0,2.0,10.0,11.0,23.0,25.0,29.0,34.0,38.0,40.0,43.0,60.0,81.0
210.0,99.0,60.0,60.0,123.0,10.0,112.0,90.0,0.0,9.0,13.0,22.0,25.0,29.0,34.0,38.0,40.0,43.0,72.0,81.0
80.0,2600.0,30.0,34.0,4160.0,20.0,0.0,0.0,2.0,9.0,16.0,21.0,25.0,31.0,33.0,37.0,41.0,42.0,72.0,81.0
74.0,24.0,120.0,39.0,32.0,10.0,0.0,0.0,2.0,9.0,11.0,21.0,25.0,32.0,34.0,37.0,40.0,59.0,77.0,82.0
137.0,2600.0,120.0,86.0,3120.0,30.0,80.0,78.0,4.0,9.0,16.0,21.0,25.0,29.0,33.0,37.0,41.0,43.0,72.0,81.0
71.0,3780.0,30.0,38.0,6720.0,20.0,65.0,30.0,1.0,10.0,16.0,22.0,25.0,30.0,33.0,37.0,41.0,57.0,79.0,81.0
266.0,98.0,30.0,192.0,118.0,30.0,250.0,145.0,2.0,10.0,11.0,21.0,25.0,27.0,34.0,36.0,40.0,52.0,77.0,81.0
83.0,2220.0,30.0,34.0,2960.0,20.0,0.0,0.0,0.0,9.0,17.0,21.0,25.0,28.0,33.0,37.0,41.0,52.0,60.0,82.0
296.0,64.0,60.0,195.0,71.0,20.0,110.0,84.0,2.0,10.0,11.0,21.0,24.0,29.0,34.0,38.0,40.0,52.0,62.0,81.0
198.0,138.0,60.0,169.0,167.0,30.0,112.0,104.0,0.0,10.0,13.0,21.0,25.0,29.0,34.0,38.0,40.0,52.0,68.0,81.0
151.0,78.0,30.0,113.0,99.0,20.0,88.0,64.0,2.0,10.0,11.0,22.0,24.0,29.0,34.0,38.0,40.0,52.0,61.0,81.0
183.0,163.0,30.0,113.0,210.0,20.0,110.0,104.0,2.0,10.0,13.0,22.0,24.0,30.0,34.0,38.0,40.0,59.0,61.0,81.0
203.0,2340.0,120.0,118.0,3120.0,30.0,195.0,60.0,0.0,9.0,16.0,23.0,25.0,30.0,34.0,37.0,41.0,52.0,61.0,81.0
170.0,94.0,60.0,88.0,105.0,20.0,221.0,110.0,3.0,10.0,11.0,21.0,24.0,28.0,34.0,37.0,40.0,57.0,60.0,81.0
80.0,161.0,30.0,31.0,215.0,10.0,48.0,30.0,0.0,9.0,18.0,22.0,25.0,27.0,34.0,39.0,40.0,52.0,75.0,82.0
277.0,84.0,60.0,222.0,105.0,30.0,130.0,80.0,3.0,10.0,11.0,21.0,25.0,29.0,34.0,37.0,40.0,42.0,78.0,81.0
82.0,3120.0,60.0,34.0,3380.0,10.0,60.0,32.0,1.0,9.0,16.0,21.0,25.0,28.0,34.0,39.0,41.0,57.0,61.0,82.0
98.0,142.0,30.0,53.0,184.0,20.0,80.0,52.0,2.0,10.0,13.0,22.0,24.0,29.0,34.0,38.0,40.0,43.0,60.0,81.0
182.0,110.0,120.0,96.0,146.0,10.0,136.0,110.0,3.0,10.0,11.0,23.0,24.0,29.0,34.0,38.0,40.0,43.0,72.0,81.0
190.0,92.0,120.0,165.0,105.0,20.0,150.0,117.0,2.0,10.0,11.0,22.0,24.0,30.0,34.0,38.0,40.0,57.0,64.0,81.0
344.0,77.0,60.0,230.0,80.0,20.0,152.0,100.0,3.0,9.0,11.0,21.0,25.0,30.0,34.0,38.0,40.0,42.0,78.0,81.0
147.0,64.0,30.0,66.0,84.0,20.0,117.0,55.0,2.0,10.0,11.0,22.0,25.0,29.0,34.0,38.0,40.0,43.0,60.0,81.0
229.0,128.0,120.0,140.0,142.0,20.0,104.0,64.0,0.0,10.0,13.0,22.0,24.0,30.0,34.0,38.0,40.0,57.0,74.0,81.0
54.0,2340.0,120.0,28.0,4160.0,10.0,0.0,0.0,1.0,9.0,16.0,21.0,25.0,28.0,34.0,37.0,41.0,59.0,77.0,81.0
146.0,43.0,60.0,122.0,62.0,30.0,40.0,30.0,0.0,9.0,13.0,21.0,24.0,29.0,34.0,38.0,40.0,59.0,77.0,81.0
88.0,5040.0,120.0,46.0,6720.0,10.0,48.0,70.0,1.0,10.0,16.0,23.0,25.0,28.0,34.0,37.0,41.0,42.0,72.0,81.0
201.0,92.0,120.0,96.0,105.0,30.0,136.0,143.0,2.0,10.0,11.0,22.0,24.0,28.0,34.0,37.0,40.0,52.0,65.0,81.0
169.0,45.0,120.0,73.0,60.0,30.0,195.0,68.0,4.0,9.0,15.0,22.0,25.0,28.0,34.0,37.0,40.0,52.0,61.0,81.0
115.0,130.0,30.0,71.0,176.0,20.0,72.0,52.0,0.0,10.0,13.0,22.0,24.0,30.0,33.0,37.0,40.0,42.0,61.0,81.0
159.0,150.0,60.0,55.0,218.0,30.0,112.0,110.0,2.0,10.0,13.0,22.0,24.0,29.0,34.0,38.0,40.0,52.0,61.0,81.0
236.0,189.0,120.0,81.0,225.0,20.0,168.0,108.0,3.0,10.0,13.0,21.0,25.0,30.0,34.0,38.0,40.0,59.0,60.0,81.0
181.0,48.0,60.0,126.0,52.0,20.0,195.0,90.0,2.0,9.0,11.0,22.0,25.0,30.0,34.0,38.0,40.0,43.0,79.0,81.0
179.0,221.0,60.0,142.0,237.0,10.0,160.0,84.0,0.0,10.0,13.0,22.0,24.0,29.0,34.0,38.0,40.0,57.0,60.0,81.0
277.0,76.0,30.0,222.0,84.0,10.0,104.0,80.0,3.0,10.0,11.0,21.0,25.0,29.0,34.0,37.0,40.0,42.0,78.0,81.0
166.0,97.0,30.0,91.0,137.0,20.0,140.0,123.0,2.0,10.0,11.0,22.0,24.0,28.0,34.0,38.0,40.0,52.0,61.0,81.0
150.0,47.0,120.0,56.0,53.0,30.0,221.0,76.0,2.0,9.0,11.0,22.0,25.0,30.0,34.0,37.0,40.0,57.0,60.0,81.0
255.0,128.0,60.0,118.0,189.0,30.0,220.0,140.0,3.0,9.0,13.0,21.0,25.0,27.0,34.0,36.0,40.0,52.0,77.0,81.0
103.0,57.0,60.0,52.0,70.0,10.0,91.0,65.0,2.0,9.0,13.0,21.0,25.0,27.0,33.0,36.0,40.0,57.0,61.0,81.0
193.0,114.0,30.0,79.0,139.0,30.0,234.0,96.0,3.0,9.0,13.0,21.0,24.0,30.0,34.0,38.0,40.0,57.0,60.0,81.0
315.0,58.0,60.0,230.0,78.0,30.0,152.0,162.0,3.0,9.0,11.0,21.0,25.0,30.0,34.0,38.0,40.0,42.0,78.0,81.0
329.0,110.0,30.0,162.0,127.0,10.0,232.0,150.0,3.0,10.0,11.0,21.0,25.0,29.0,34.0,38.0,40.0,55.0,78.0,81.0
56.0,100.0,30.0,33.0,100.0,10.0,156.0,143.0,1.0,10.0,15.0,22.0,25.0,28.0,34.0,38.0,40.0,54.0,79.0,81.0
144.0,109.0,60.0,89.0,114.0,20.0,96.0,64.0,2.0,9.0,13.0,21.0,24.0,28.0,34.0,37.0,40.0,42.0,61.0,81.0
95.0,43.0,120.0,49.0,50.0,30.0,78.0,32.0,2.0,9.0,13.0,21.0,25.0,29.0,33.0,38.0,40.0,51.0,60.0,81.0
116.0,373.0,120.0,51.0,539.0,20.0,64.0,96.0,4.0,10.0,19.0,22.0,25.0,30.0,34.0,38.0,40.0,43.0,60.0,82.0
215.0,95.0,60.0,121.0,106.0,10.0,88.0,65.0,2.0,9.0,13.0,22.0,25.0,28.0,34.0,37.0,40.0,52.0,61.0,81.0
317.0,281.0,30.0,222.0,366.0,20.0,248.0,136.0,3.0,10.0,13.0,22.0,24.0,29.0,34.0,38.0,40.0,59.0,73.0,81.0
123.0,26.0,120.0,101.0,28.0,30.0,56.0,58.0,3.0,9.0,11.0,21.0,25.0,28.0,33.0,36.0,40.0,59.0,77.0,81.0
182.0,111.0,120.0,71.0,128.0,30.0,247.0,92.0,2.0,9.0,13.0,22.0,24.0,28.0,34.0,37.0,40.0,42.0,79.0,81.0
54.0,2600.0,120.0,32.0,3120.0,30.0,40.0,78.0,1.0,9.0,16.0,23.0,25.0,28.0,33.0,37.0,41.0,59.0,77.0,81.0
277.0,101.0,60.0,219.0,105.0,20.0,104.0,64.0,3.0,10.0,11.0,21.0,25.0,29.0,34.0,37.0,40.0,42.0,78.0,81.0
125.0,29.0,120.0,99.0,32.0,20.0,0.0,0.0,2.0,9.0,11.0,21.0,25.0,31.0,33.0,36.0,40.0,48.0,79.0,82.0
134.0,122.0,60.0,57.0,142.0,20.0,80.0,71.0,2.0,10.0,13.0,22.0,24.0,29.0,34.0,38.0,40.0,42.0,61.0,81.0
333.0,139.0,30.0,171.0,161.0,30.0,152.0,143.0,3.0,9.0,13.0,21.0,25.0,28.0,33.0,37.0,40.0,52.0,61.0,81.0
61.0,199.0,120.0,30.0,318.0,10.0,0.0,0.0,1.0,9.0,18.0,21.0,25.0,28.0,34.0,38.0,40.0,57.0,79.0,82.0
202.0,94.0,60.0,117.0,112.0,30.0,143.0,64.0,2.0,10.0,11.0,22.0,24.0,29.0,34.0,38.0,40.0,52.0,61.0,81.0
150.0,176.0,30.0,56.0,245.0,20.0,136.0,84.0,2.0,10.0,13.0,22.0,24.0,28.0,34.0,38.0,40.0,42.0,77.0,81.0
206.0,44.0,120.0,127.0,50.0,20.0,112.0,76.0,3.0,9.0,11.0,21.0,25.0,28.0,34.0,37.0,40.0,52.0,61.0,81.0
97.0,52.0,120.0,44.0,65.0,20.0,0.0,0.0,1.0,9.0,13.0,21.0,25.0,28.0,34.0,36.0,40.0,42.0,72.0,81.0
249.0,108.0,60.0,159.0,122.0,10.0,170.0,88.0,0.0,10.0,11.0,21.0,25.0,30.0,34.0,38.0,40.0,57.0,60.0,81.0
119.0,61.0,60.0,74.0,74.0,10.0,130.0,78.0,2.0,10.0,11.0,22.0,24.0,29.0,34.0,38.0,40.0,43.0,60.0,81.0
159.0,98.0,30.0,61.0,139.0,20.0,120.0,80.0,3.0,9.0,13.0,21.0,25.0,28.0,33.0,37.0,40.0,52.0,61.0,81.0
131.0,78.0,120.0,92.0,88.0,20.0,120.0,182.0,1.0,10.0,11.0,21.0,25.0,29.0,34.0,38.0,40.0,52.0,61.0,81.0
146.0,2220.0,60.0,81.0,2960.0,30.0,0.0,0.0,2.0,9.0,17.0,21.0,25.0,27.0,33.0,36.0,41.0,42.0,61.0,81.0
164.0,86.0,120.0,94.0,95.0,30.0,104.0,130.0,2.0,9.0,13.0,22.0,25.0,28.0,33.0,36.0,40.0,43.0,79.0,81.0
156.0,38.0,120.0,81.0,45.0,20.0,88.0,52.0,2.0,9.0,11.0,22.0,24.0,28.0,34.0,37.0,40.0,52.0,61.0,81.0
190.0,138.0,120.0,107.0,162.0,20.0,80.0,52.0,2.0,10.0,13.0,22.0,25.0,29.0,34.0,38.0,40.0,43.0,60.0,81.0
125.0,82.0,60.0,44.0,84.0,20.0,96.0,64.0,2.0,10.0,11.0,22.0,24.0,30.0,34.0,38.0,40.0,43.0,79.0,81.0
151.0,94.0,30.0,110.0,97.0,10.0,143.0,104.0,2.0,10.0,11.0,22.0,24.0,29.0,34.0,38.0,40.0,52.0,61.0,81.0
209.0,81.0,30.0,104.0,94.0,10.0,120.0,105.0,2.0,10.0,11.0,22.0,24.0,29.0,34.0,38.0,40.0,52.0,61.0,81.0
186.0,126.0,30.0,97.0,133.0,10.0,247.0,182.0,2.0,10.0,11.0,22.0,25.0,29.0,34.0,38.0,40.0,57.0,60.0,81.0
72.0,9.0,120.0,46.0,14.0,10.0,40.0,48.0,1.0,9.0,12.0,22.0,25.0,30.0,34.0,38.0,40.0,57.0,79.0,81.0
247.0,109.0,60.0,80.0,155.0,30.0,260.0,165.0,2.0,10.0,11.0,23.0,25.0,29.0,34.0,38.0,40.0,52.0,77.0,81.0
100.0,52.0,60.0,63.0,106.0,30.0,70.0,45.0,2.0,9.0,13.0,22.0,25.0,29.0,34.0,38.0,40.0,43.0,60.0,81.0
164.0,62.0,60.0,50.0,66.0,20.0,136.0,84.0,2.0,9.0,11.0,23.0,25.0,28.0,34.0,37.0,40.0,42.0,77.0,81.0
155.0,67.0,30.0,120.0,78.0,30.0,100.0,60.0,3.0,10.0,11.0,21.0,24.0,30.0,34.0,37.0,40.0,42.0,61.0,81.0
99.0,60.0,30.0,34.0,71.0,10.0,90.0,48.0,4.0,10.0,11.0,22.0,25.0,29.0,34.0,38.0,40.0,43.0,60.0,81.0
182.0,252.0,60.0,71.0,281.0,10.0,210.0,132.0,2.0,10.0,13.0,22.0,24.0,29.0,34.0,38.0,40.0,59.0,60.0,81.0
320.0,149.0,60.0,154.0,205.0,30.0,270.0,210.0,3.0,9.0,13.0,21.0,25.0,28.0,34.0,38.0,40.0,57.0,72.0,81.0
112.0,145.0,30.0,64.0,155.0,10.0,143.0,117.0,1.0,10.0,13.0,20.0,24.0,29.0,33.0,35.0,40.0,57.0,61.0,81.0
114.0,153.0,30.0,72.0,189.0,20.0,104.0,56.0,0.0,10.0,13.0,21.0,24.0,29.0,34.0,37.0,40.0,43.0,60.0,81.0
132.0,42.0,120.0,81.0,46.0,30.0,88.0,84.0,2.0,9.0,11.0,22.0,24.0,28.0,34.0,37.0,40.0,52.0,61.0,81.0
186.0,146.0,60.0,113.0,162.0,20.0,140.0,110.0,2.0,10.0,13.0,21.0,25.0,28.0,34.0,37.0,40.0,42.0,77.0,81.0
314.0,160.0,120.0,126.0,183.0,20.0,377.0,205.0,2.0,10.0,11.0,22.0,25.0,30.0,34.0,38.0,40.0,52.0,79.0,81.0
170.0,94.0,60.0,88.0,105.0,20.0,221.0,115.0,2.0,10.0,11.0,23.0,25.0,29.0,34.0,37.0,40.0,57.0,60.0,81.0
108.0,91.0,30.0,61.0,98.0,10.0,130.0,71.0,3.0,9.0,13.0,21.0,25.0,30.0,34.0,37.0,40.0,43.0,60.0,81.0
135.0,91.0,120.0,134.0,99.0,10.0,72.0,65.0,3.0,9.0,13.0,21.0,25.0,28.0,34.0,36.0,40.0,59.0,65.0,81.0
283.0,86.0,60.0,84.0,97.0,20.0,256.0,136.0,3.0,9.0,11.0,21.0,24.0,28.0,33.0,37.0,40.0,59.0,72.0,81.0
138.0,61.0,30.0,98.0,76.0,30.0,0.0,0.0,1.0,10.0,11.0,21.0,24.0,29.0,33.0,36.0,40.0,43.0,60.0,81.0
176.0,46.0,30.0,121.0,52.0,30.0,169.0,52.0,2.0,9.0,11.0,22.0,25.0,29.0,34.0,37.0,40.0,42.0,61.0,81.0
173.0,184.0,120.0,73.0,210.0,30.0,120.0,123.0,2.0,10.0,13.0,22.0,24.0,30.0,34.0,38.0,40.0,57.0,60.0,81.0
129.0,46.0,60.0,71.0,48.0,20.0,64.0,40.0,2.0,9.0,11.0,21.0,25.0,29.0,33.0,38.0,40.0,42.0,61.0,81.0
116.0,46.0,60.0,58.0,49.0,20.0,64.0,40.0,2.0,9.0,11.0,23.0,24.0,28.0,34.0,38.0,40.0,43.0,60.0,81.0
114.0,62.0,30.0,68.0,71.0,10.0,91.0,52.0,0.0,9.0,13.0,21.0,24.0,29.0,33.0,36.0,40.0,43.0,77.0,81.0
193.0,106.0,120.0,50.0,112.0,30.0,180.0,95.0,2.0,10.0,11.0,21.0,25.0,30.0,33.0,39.0,40.0,57.0,60.0,82.0
100.0,76.0,60.0,45.0,103.0,30.0,90.0,50.0,3.0,9.0,13.0,21.0,24.0,28.0,34.0,37.0,40.0,43.0,60.0,81.0
186.0,76.0,120.0,125.0,84.0,30.0,221.0,96.0,2.0,10.0,11.0,22.0,24.0,30.0,34.0,38.0,40.0,59.0,66.0,81.0
215.0,44.0,30.0,96.0,60.0,20.0,0.0,0.0,2.0,9.0,12.0,21.0,24.0,27.0,34.0,39.0,40.0,42.0,79.0,82.0
236.0,252.0,120.0,63.0,266.0,30.0,190.0,105.0,3.0,10.0,13.0,21.0,24.0,28.0,34.0,37.0,40.0,59.0,60.0,81.0
103.0,4200.0,30.0,47.0,5460.0,30.0,104.0,24.0,0.0,10.0,16.0,22.0,25.0,28.0,34.0,37.0,41.0,42.0,72.0,82.0
217.0,146.0,120.0,169.0,169.0,10.0,140.0,72.0,2.0,10.0,13.0,22.0,25.0,28.0,34.0,38.0,40.0,52.0,68.0,81.0
86.0,17.0,120.0,40.0,23.0,30.0,143.0,60.0,0.0,10.0,16.0,21.0,24.0,29.0,34.0,38.0,40.0,43.0,60.0,81.0
344.0,58.0,30.0,236.0,66.0,10.0,152.0,125.0,3.0,9.0,11.0,21.0,25.0,30.0,34.0,38.0,40.0,42.0,78.0,81.0
274.0,2340.0,30.0,117.0,4160.0,20.0,273.0,60.0,0.0,9.0,16.0,21.0,25.0,29.0,34.0,37.0,41.0,45.0,77.0,81.0
168.0,83.0,120.0,119.0,90.0,30.0,104.0,84.0,2.0,9.0,13.0,23.0,25.0,29.0,34.0,37.0,40.0,43.0,72.0,81.0
182.0,123.0,30.0,71.0,172.0,20.0,168.0,124.0,2.0,9.0,13.0,23.0,24.0,30.0,34.0,37.0,40.0,59.0,60.0,81.0
245.0,36.0,60.0,195.0,38.0,20.0,110.0,91.0,3.0,9.0,11.0,21.0,25.0,30.0,34.0,38.0,40.0,59.0,78.0,81.0
105.0,2600.0,120.0,56.0,3380.0,20.0,60.0,45.0,6.0,9.0,16.0,21.0,25.0,27.0,34.0,36.0,41.0,42.0,72.0,81.0
168.0,55.0,30.0,120.0,66.0,20.0,110.0,78.0,1.0,9.0,11.0,21.0,25.0,29.0,34.0,37.0,40.0,43.0,60.0,81.0
178.0,97.0,60.0,147.0,105.0,20.0,273.0,125.0,1.0,10.0,11.0,21.0,25.0,29.0,33.0,36.0,40.0,48.0,73.0,81.0
257.0,128.0,120.0,87.0,177.0,10.0,299.0,201.0,3.0,9.0,13.0,21.0,25.0,29.0,34.0,38.0,40.0,59.0,60.0,81.0
43.0,37.0,30.0,22.0,53.0,20.0,0.0,0.0,2.0,9.0,13.0,21.0,26.0,27.0,34.0,36.0,40.0,57.0,79.0,81.0
227.0,194.0,30.0,116.0,225.0,30.0,221.0,80.0,3.0,10.0,13.0,21.0,25.0,29.0,34.0,37.0,40.0,43.0,73.0,81.0
193.0,106.0,60.0,74.0,112.0,20.0,120.0,76.0,2.0,10.0,11.0,22.0,24.0,29.0,34.0,37.0,40.0,43.0,72.0,81.0
177.0,81.0,60.0,78.0,112.0,30.0,128.0,110.0,3.0,10.0,11.0,20.0,24.0,28.0,33.0,35.0,40.0,52.0,61.0,81.0
115.0,203.0,120.0,89.0,362.0,10.0,90.0,36.0,0.0,10.0,19.0,22.0,25.0,28.0,33.0,38.0,40.0,59.0,78.0,81.0
172.0,138.0,120.0,75.0,162.0,20.0,96.0,68.0,2.0,10.0,13.0,22.0,24.0,29.0,34.0,38.0,40.0,43.0,79.0,81.0
302.0,305.0,120.0,173.0,337.0,20.0,325.0,155.0,3.0,10.0,13.0,21.0,25.0,31.0,34.0,37.0,40.0,59.0,73.0,81.0
253.0,162.0,60.0,169.0,169.0,10.0,112.0,90.0,2.0,10.0,13.0,22.0,25.0,28.0,34.0,38.0,40.0,52.0,68.0,81.0
61.0,19.0,60.0,32.0,31.0,30.0,65.0,24.0,0.0,9.0,11.0,21.0,24.0,29.0,33.0,36.0,40.0,59.0,77.0,81.0
164.0,101.0,30.0,62.0,109.0,10.0,195.0,117.0,2.0,10.0,11.0,22.0,25.0,28.0,34.0,38.0,40.0,52.0,61.0,81.0
275.0,83.0,30.0,76.0,108.0,30.0,0.0,0.0,1.0,10.0,15.0,22.0,25.0,27.0,34.0,39.0,40.0,52.0,79.0,82.0
142.0,89.0,120.0,106.0,99.0,10.0,96.0,85.0,2.0,10.0,11.0,22.0,24.0,29.0,34.0,38.0,40.0,57.0,67.0,81.0
250.0,109.0,30.0,113.0,133.0,30.0,286.0,108.0,2.0,10.0,11.0,22.0,24.0,29.0,34.0,38.0,40.0,47.0,79.0,81.0
106.0,54.0,60.0,37.0,65.0,20.0,80.0,65.0,2.0,10.0,11.0,22.0,24.0,29.0,34.0,38.0,40.0,43.0,60.0,81.0
104.0,34.0,30.0,65.0,43.0,30.0,90.0,55.0,3.0,9.0,11.0,21.0,24.0,29.0,34.0,37.0,40.0,43.0,60.0,81.0
145.0,153.0,120.0,75.0,167.0,30.0,104.0,110.0,3.0,10.0,13.0,21.0,24.0,30.0,34.0,37.0,40.0,59.0,61.0,81.0
127.0,64.0,60.0,114.0,80.0,30.0,72.0,71.0,3.0,9.0,13.0,21.0,25.0,30.0,34.0,36.0,40.0,59.0,78.0,81.0
141.0,2600.0,30.0,100.0,4160.0,20.0,0.0,0.0,2.0,9.0,16.0,22.0,25.0,27.0,33.0,39.0,41.0,58.0,61.0,81.0
165.0,116.0,60.0,74.0,133.0,10.0,180.0,96.0,2.0,10.0,11.0,22.0,24.0,29.0,34.0,38.0,40.0,57.0,60.0,81.0
114.0,5040.0,30.0,63.0,6720.0,20.0,0.0,0.0,2.0,10.0,16.0,21.0,25.0,30.0,34.0,38.0,41.0,43.0,60.0,82.0
61.0,350.0,30.0,32.0,420.0,10.0,50.0,20.0,1.0,10.0,18.0,22.0,25.0,28.0,34.0,37.0,40.0,57.0,79.0,81.0
412.0,155.0,60.0,293.0,177.0,10.0,364.0,201.0,3.0,9.0,13.0,21.0,24.0,30.0,33.0,36.0,40.0,59.0,73.0,81.0
161.0,54.0,60.0,152.0,60.0,10.0,130.0,104.0,3.0,10.0,11.0,21.0,24.0,29.0,34.0,38.0,40.0,59.0,65.0,81.0
189.0,81.0,30.0,81.0,94.0,10.0,136.0,105.0,0.0,10.0,11.0,22.0,24.0,29.0,34.0,38.0,40.0,57.0,60.0,81.0
156.0,108.0,120.0,72.0,140.0,10.0,128.0,115.0,2.0,10.0,11.0,22.0,25.0,29.0,34.0,39.0,40.0,42.0,77.0,81.0
187.0,131.0,30.0,93.0,140.0,10.0,221.0,123.0,2.0,10.0,11.0,21.0,25.0,29.0,33.0,39.0,40.0,58.0,60.0,81.0
165.0,11.0,120.0,112.0,19.0,10.0,140.0,68.0,3.0,9.0,16.0,21.0,25.0,29.0,34.0,38.0,40.0,43.0,72.0,81.0
126.0,61.0,120.0,84.0,71.0,30.0,130.0,80.0,2.0,10.0,11.0,21.0,25.0,28.0,34.0,38.0,40.0,42.0,61.0,81.0
97.0,67.0,30.0,44.0,82.0,10.0,0.0,0.0,2.0,10.0,13.0,21.0,24.0,28.0,33.0,37.0,40.0,52.0,60.0,82.0
181.0,100.0,120.0,126.0,108.0,20.0,182.0,85.0,0.0,10.0,15.0,22.0,25.0,28.0,34.0,37.0,40.0,55.0,61.0,81.0
122.0,2600.0,30.0,57.0,4160.0,20.0,0.0,0.0,1.0,9.0,16.0,21.0,25.0,28.0,34.0,39.0,41.0,43.0,79.0,81.0
96.0,22.0,120.0,63.0,56.0,10.0,91.0,52.0,0.0,9.0,11.0,22.0,24.0,30.0,34.0,38.0,40.0,43.0,60.0,81.0
102.0,72.0,120.0,28.0,78.0,30.0,110.0,50.0,0.0,10.0,11.0,22.0,25.0,28.0,33.0,39.0,40.0,43.0,60.0,82.0
284.0,62.0,120.0,184.0,70.0,30.0,176.0,234.0,2.0,9.0,11.0,22.0,25.0,29.0,34.0,37.0,40.0,58.0,60.0,81.0
240.0,85.0,60.0,92.0,99.0,20.0,160.0,156.0,2.0,10.0,11.0,22.0,24.0,29.0,34.0,38.0,40.0,57.0,60.0,81.0
122.0,62.0,60.0,74.0,71.0,20.0,0.0,0.0,2.0,9.0,13.0,21.0,25.0,27.0,33.0,36.0,40.0,52.0,60.0,81.0
240.0,108.0,120.0,95.0,149.0,10.0,221.0,117.0,3.0,9.0,13.0,22.0,24.0,29.0,34.0,38.0,40.0,42.0,77.0,81.0
99.0,72.0,60.0,41.0,78.0,20.0,64.0,40.0,0.0,10.0,11.0,21.0,25.0,29.0,34.0,38.0,40.0,43.0,60.0,81.0
214.0,114.0,60.0,119.0,132.0,20.0,112.0,64.0,2.0,9.0,13.0,23.0,24.0,28.0,34.0,36.0,40.0,43.0,72.0,81.0
151.0,31.0,30.0,103.0,38.0,20.0,110.0,39.0,0.0,9.0,12.0,22.0,25.0,28.0,33.0,36.0,40.0,42.0,61.0,82.0
85.0,72.0,30.0,34.0,78.0,10.0,117.0,84.0,2.0,10.0,11.0,21.0,24.0,29.0,34.0,38.0,40.0,42.0,61.0,81.0
100.0,48.0,120.0,53.0,54.0,30.0,91.0,32.0,2.0,10.0,11.0,21.0,24.0,31.0,34.0,38.0,40.0,57.0,61.0,81.0
126.0,82.0,30.0,96.0,86.0,30.0,80.0,195.0,6.0,9.0,13.0,22.0,24.0,29.0,33.0,37.0,40.0,59.0,65.0,81.0
250.0,101.0,30.0,137.0,109.0,30.0,120.0,123.0,1.0,10.0,11.0,21.0,25.0,29.0,34.0,38.0,40.0,54.0,79.0,81.0
90.0,3780.0,30.0,48.0,5460.0,30.0,70.0,35.0,4.0,10.0,16.0,22.0,25.0,28.0,33.0,37.0,41.0,42.0,72.0,81.0
123.0,138.0,120.0,81.0,153.0,30.0,156.0,60.0,2.0,10.0,13.0,22.0,24.0,28.0,34.0,38.0,40.0,50.0,61.0,81.0
192.0,45.0,120.0,106.0,66.0,10.0,140.0,60.0,3.0,9.0,11.0,21.0,24.0,28.0,34.0,37.0,40.0,52.0,61.0,81.0
102.0,26.0,60.0,53.0,32.0,10.0,91.0,45.0,0.0,9.0,11.0,21.0,25.0,29.0,33.0,38.0,40.0,47.0,72.0,81.0
186.0,5040.0,120.0,131.0,5460.0,20.0,0.0,0.0,2.0,10.0,16.0,21.0,24.0,31.0,34.0,36.0,41.0,43.0,73.0,81.0
174.0,5040.0,120.0,84.0,6720.0,10.0,0.0,0.0,2.0,10.0,16.0,23.0,25.0,31.0,34.0,38.0,41.0,43.0,72.0,81.0
153.0,67.0,30.0,72.0,88.0,20.0,143.0,55.0,2.0,10.0,11.0,23.0,25.0,28.0,34.0,37.0,40.0,43.0,60.0,81.0
122.0,163.0,60.0,51.0,198.0,30.0,117.0,48.0,2.0,10.0,13.0,22.0,24.0,29.0,34.0,38.0,40.0,42.0,61.0,81.0
102.0,2600.0,120.0,54.0,3380.0,20.0,0.0,0.0,1.0,9.0,16.0,21.0,25.0,27.0,33.0,39.0,41.0,43.0,60.0,81.0
205.0,118.0,30.0,61.0,132.0,30.0,112.0,123.0,2.0,9.0,13.0,22.0,25.0,29.0,34.0,37.0,40.0,43.0,72.0,81.0
178.0,14.0,30.0,127.0,19.0,20.0,130.0,123.0,3.0,9.0,16.0,21.0,24.0,30.0,34.0,37.0,40.0,57.0,62.0,81.0
143.0,2220.0,120.0,88.0,2405.0,20.0,0.0,0.0,6.0,9.0,17.0,21.0,25.0,28.0,33.0,36.0,41.0,43.0,60.0,81.0
169.0,181.0,120.0,78.0,218.0,20.0,170.0,143.0,2.0,10.0,13.0,22.0,24.0,30.0,34.0,38.0,40.0,57.0,60.0,81.0
114.0,96.0,120.0,55.0,123.0,10.0,96.0,80.0,2.0,9.0,13.0,20.0,24.0,30.0,34.0,35.0,40.0,59.0,61.0,81.0
165.0,136.0,30.0,107.0,153.0,30.0,156.0,60.0,2.0,10.0,13.0,22.0,24.0,28.0,34.0,38.0,40.0,57.0,66.0,81.0
61.0,2600.0,60.0,28.0,3380.0,10.0,0.0,0.0,1.0,9.0,16.0,21.0,25.0,28.0,34.0,37.0,41.0,59.0,77.0,81.0
92.0,1665.0,60.0,23.0,2220.0,20.0,0.0,0.0,1.0,9.0,17.0,21.0,25.0,27.0,34.0,36.0,41.0,57.0,61.0,81.0
336.0,86.0,30.0,95.0,102.0,30.0,256.0,221.0,3.0,9.0,11.0,21.0,24.0,28.0,33.0,37.0,40.0,59.0,72.0,81.0
83.0,5040.0,60.0,36.0,5460.0,10.0,80.0,44.0,2.0,10.0,16.0,21.0,25.0,30.0,33.0,39.0,41.0,43.0,77.0,82.0
276.0,305.0,30.0,165.0,322.0,10.0,325.0,201.0,3.0,10.0,13.0,21.0,25.0,31.0,34.0,37.0,40.0,59.0,73.0,81.0
173.0,155.0,60.0,118.0,181.0,30.0,140.0,85.0,2.0,10.0,13.0,22.0,24.0,30.0,34.0,38.0,40.0,57.0,67.0,81.0
200.0,189.0,120.0,63.0,266.0,10.0,190.0,112.0,2.0,10.0,13.0,20.0,24.0,29.0,34.0,35.0,40.0,59.0,60.0,81.0
150.0,93.0,30.0,64.0,114.0,30.0,170.0,85.0,3.0,9.0,13.0,21.0,25.0,28.0,34.0,39.0,40.0,42.0,77.0,81.0
92.0,3780.0,30.0,37.0,5040.0,10.0,72.0,175.0,4.0,10.0,16.0,22.0,25.0,30.0,34.0,38.0,41.0,43.0,60.0,82.0
204.0,14.0,30.0,93.0,14.0,10.0,273.0,149.0,1.0,9.0,16.0,21.0,25.0,28.0,33.0,37.0,40.0,42.0,79.0,81.0
126.0,2220.0,120.0,90.0,2960.0,10.0,0.0,0.0,2.0,9.0,17.0,21.0,25.0,27.0,33.0,39.0,41.0,52.0,62.0,81.0
149.0,119.0,120.0,94.0,144.0,10.0,128.0,110.0,3.0,9.0,13.0,21.0,24.0,28.0,33.0,39.0,40.0,59.0,66.0,81.0
123.0,153.0,60.0,85.0,167.0,20.0,156.0,75.0,2.0,10.0,13.0,22.0,24.0,28.0,34.0,38.0,40.0,50.0,61.0,81.0
247.0,131.0,120.0,80.0,150.0,20.0,260.0,140.0,2.0,10.0,11.0,23.0,25.0,29.0,34.0,38.0,40.0,52.0,77.0,81.0
132.0,21.0,30.0,54.0,28.0,20.0,117.0,25.0,0.0,9.0,12.0,21.0,24.0,27.0,34.0,37.0,40.0,42.0,61.0,81.0
146.0,96.0,120.0,44.0,99.0,30.0,120.0,75.0,3.0,9.0,13.0,21.0,25.0,28.0,33.0,37.0,40.0,59.0,61.0,81.0
214.0,49.0,30.0,101.0,56.0,10.0,128.0,110.0,2.0,9.0,11.0,22.0,25.0,29.0,34.0,38.0,40.0,43.0,72.0,81.0
116.0,38.0,30.0,101.0,45.0,20.0,96.0,60.0,5.0,9.0,11.0,21.0,24.0,29.0,34.0,38.0,40.0,59.0,78.0,81.0
118.0,23.0,30.0,81.0,29.0,30.0,70.0,100.0,0.0,9.0,11.0,22.0,25.0,29.0,34.0,37.0,40.0,42.0,72.0,81.0
134.0,67.0,60.0,63.0,84.0,30.0,104.0,44.0,2.0,10.0,11.0,22.0,25.0,30.0,34.0,37.0,40.0,43.0,77.0,81.0
111.0,5040.0,60.0,43.0,6720.0,30.0,97.0,20.0,0.0,10.0,16.0,23.0,25.0,30.0,34.0,39.0,41.0,43.0,60.0,81.0
82.0,60.0,30.0,31.0,68.0,10.0,91.0,58.0,0.0,9.0,13.0,21.0,24.0,28.0,34.0,38.0,40.0,57.0,61.0,81.0
203.0,127.0,60.0,145.0,139.0,10.0,170.0,88.0,3.0,9.0,13.0,21.0,24.0,28.0,34.0,38.0,40.0,59.0,67.0,81.0
71.0,11.0,60.0,47.0,16.0,30.0,85.0,15.0,5.0,9.0,12.0,21.0,24.0,28.0,33.0,36.0,40.0,59.0,77.0,81.0
143.0,68.0,120.0,130.0,83.0,10.0,90.0,52.0,3.0,9.0,13.0,21.0,25.0,28.0,34.0,36.0,40.0,59.0,65.0,81.0
191.0,119.0,30.0,152.0,144.0,20.0,140.0,117.0,3.0,9.0,13.0,21.0,25.0,30.0,34.0,38.0,40.0,57.0,60.0,81.0
292.0,168.0,120.0,71.0,168.0,30.0,190.0,110.0,0.0,9.0,18.0,22.0,25.0,29.0,33.0,38.0,40.0,52.0,77.0,82.0
150.0,106.0,60.0,56.0,118.0,10.0,170.0,84.0,1.0,10.0,11.0,21.0,25.0,28.0,33.0,35.0,40.0,57.0,60.0,81.0
175.0,95.0,30.0,123.0,108.0,30.0,170.0,110.0,3.0,9.0,13.0,21.0,25.0,30.0,33.0,37.0,40.0,59.0,67.0,81.0
233.0,106.0,60.0,151.0,122.0,30.0,195.0,84.0,2.0,10.0,11.0,22.0,25.0,28.0,34.0,38.0,40.0,52.0,61.0,81.0
151.0,81.0,120.0,77.0,105.0,20.0,140.0,123.0,2.0,10.0,11.0,22.0,24.0,28.0,34.0,38.0,40.0,52.0,61.0,81.0
193.0,184.0,30.0,79.0,218.0,30.0,273.0,88.0,0.0,10.0,13.0,22.0,25.0,29.0,34.0,37.0,40.0,57.0,60.0,81.0
315.0,122.0,120.0,160.0,137.0,30.0,176.0,188.0,2.0,10.0,11.0,22.0,25.0,29.0,34.0,38.0,40.0,52.0,77.0,81.0
222.0,45.0,30.0,71.0,80.0,20.0,208.0,95.0,2.0,9.0,15.0,21.0,25.0,29.0,33.0,38.0,40.0,42.0,77.0,81.0
85.0,54.0,120.0,37.0,65.0,30.0,117.0,56.0,2.0,10.0,11.0,23.0,25.0,29.0,34.0,38.0,40.0,42.0,61.0,81.0
114.0,48.0,120.0,55.0,62.0,10.0,88.0,75.0,3.0,9.0,11.0,21.0,25.0,28.0,33.0,36.0,40.0,59.0,61.0,81.0
231.0,101.0,120.0,146.0,112.0,30.0,273.0,108.0,2.0,10.0,11.0,22.0,25.0,29.0,34.0,37.0,40.0,50.0,77.0,81.0
253.0,126.0,60.0,111.0,155.0,30.0,208.0,88.0,3.0,10.0,11.0,21.0,25.0,29.0,34.0,38.0,40.0,47.0,77.0,81.0
230.0,106.0,30.0,80.0,118.0,30.0,120.0,123.0,2.0,10.0,11.0,22.0,24.0,29.0,34.0,37.0,40.0,43.0,72.0,81.0
157.0,153.0,60.0,102.0,181.0,30.0,170.0,95.0,3.0,10.0,13.0,21.0,25.0,31.0,33.0,38.0,40.0,57.0,67.0,81.0
475.0,146.0,120.0,388.0,168.0,20.0,330.0,286.0,3.0,10.0,11.0,21.0,24.0,30.0,34.0,38.0,40.0,59.0,73.0,81.0
236.0,111.0,30.0,63.0,156.0,20.0,273.0,125.0,2.0,9.0,13.0,23.0,25.0,28.0,34.0,38.0,40.0,59.0,60.0,81.0
98.0,38.0,120.0,87.0,42.0,20.0,130.0,40.0,2.0,9.0,11.0,21.0,25.0,31.0,33.0,39.0,40.0,59.0,65.0,81.0
206.0,87.0,120.0,118.0,99.0,30.0,234.0,92.0,3.0,10.0,11.0,21.0,25.0,30.0,33.0,39.0,40.0,57.0,60.0,81.0
93.0,29.0,60.0,45.0,40.0,30.0,0.0,0.0,0.0,9.0,11.0,22.0,25.0,28.0,34.0,37.0,40.0,52.0,74.0,82.0
124.0,71.0,60.0,93.0,78.0,20.0,130.0,65.0,2.0,10.0,11.0,23.0,25.0,29.0,34.0,37.0,40.0,43.0,60.0,81.0
215.0,85.0,60.0,124.0,95.0,20.0,110.0,84.0,2.0,9.0,13.0,22.0,25.0,28.0,34.0,37.0,40.0,52.0,61.0,81.0
355.0,193.0,30.0,274.0,198.0,10.0,299.0,214.0,0.0,9.0,13.0,23.0,24.0,29.0,34.0,38.0,40.0,57.0,76.0,81.0
336.0,245.0,30.0,109.0,281.0,10.0,240.0,160.0,2.0,10.0,13.0,22.0,24.0,29.0,34.0,38.0,40.0,52.0,79.0,81.0
152.0,2340.0,120.0,83.0,3380.0,20.0,0.0,0.0,0.0,9.0,16.0,22.0,25.0,29.0,34.0,38.0,41.0,55.0,60.0,82.0
92.0,70.0,30.0,34.0,86.0,30.0,104.0,36.0,2.0,9.0,13.0,21.0,24.0,29.0,34.0,37.0,40.0,42.0,61.0,81.0
179.0,184.0,120.0,139.0,210.0,20.0,160.0,136.0,0.0,10.0,13.0,22.0,24.0,29.0,34.0,38.0,40.0,57.0,60.0,81.0
193.0,106.0,120.0,123.0,114.0,30.0,144.0,149.0,3.0,9.0,13.0,21.0,25.0,28.0,33.0,36.0,40.0,59.0,67.0,81.0
186.0,147.0,30.0,106.0,155.0,10.0,160.0,104.0,3.0,10.0,13.0,21.0,24.0,29.0,34.0,38.0,40.0,49.0,77.0,81.0
146.0,163.0,30.0,49.0,181.0,30.0,96.0,104.0,3.0,10.0,13.0,21.0,25.0,28.0,33.0,38.0,40.0,59.0,61.0,81.0
182.0,56.0,30.0,81.0,66.0,30.0,210.0,145.0,3.0,9.0,11.0,23.0,24.0,29.0,34.0,37.0,40.0,59.0,60.0,81.0
218.0,17.0,120.0,170.0,25.0,20.0,80.0,44.0,3.0,10.0,16.0,21.0,24.0,29.0,33.0,37.0,40.0,59.0,78.0,81.0
866.0,103.0,60.0,796.0,123.0,10.0,260.0,169.0,0.0,9.0,13.0,23.0,24.0,30.0,34.0,37.0,40.0,59.0,74.0,81.0
195.0,194.0,30.0,83.0,237.0,30.0,112.0,169.0,2.0,10.0,13.0,22.0,24.0,28.0,34.0,37.0,40.0,52.0,61.0,81.0
208.0,211.0,30.0,71.0,237.0,30.0,96.0,123.0,2.0,10.0,13.0,21.0,25.0,29.0,33.0,37.0,40.0,57.0,60.0,81.0
212.0,83.0,120.0,122.0,97.0,30.0,234.0,84.0,0.0,10.0,11.0,22.0,25.0,29.0,34.0,38.0,40.0,57.0,60.0,81.0
103.0,30.0,60.0,38.0,43.0,30.0,0.0,0.0,1.0,9.0,11.0,23.0,25.0,29.0,33.0,37.0,40.0,43.0,77.0,81.0
139.0,3120.0,30.0,77.0,3380.0,30.0,0.0,0.0,0.0,9.0,16.0,21.0,24.0,29.0,33.0,37.0,41.0,42.0,65.0,81.0
123.0,57.0,30.0,108.0,76.0,20.0,64.0,44.0,3.0,9.0,13.0,21.0,25.0,28.0,33.0,37.0,40.0,59.0,77.0,81.0
146.0,40.0,60.0,44.0,46.0,10.0,88.0,75.0,3.0,9.0,11.0,21.0,25.0,28.0,33.0,36.0,40.0,59.0,61.0,81.0
182.0,210.0,120.0,63.0,245.0,20.0,210.0,214.0,2.0,10.0,13.0,22.0,24.0,29.0,34.0,38.0,40.0,59.0,60.0,81.0
173.0,92.0,120.0,73.0,105.0,30.0,120.0,130.0,2.0,10.0,11.0,22.0,24.0,28.0,34.0,37.0,40.0,57.0,60.0,81.0
283.0,122.0,30.0,84.0,150.0,30.0,351.0,144.0,2.0,10.0,11.0,22.0,24.0,28.0,34.0,38.0,40.0,52.0,79.0,81.0
166.0,72.0,120.0,85.0,99.0,10.0,120.0,68.0,2.0,9.0,13.0,21.0,25.0,29.0,33.0,37.0,40.0,59.0,61.0,81.0
200.0,126.0,60.0,63.0,133.0,20.0,152.0,132.0,0.0,10.0,11.0,21.0,24.0,28.0,34.0,38.0,40.0,59.0,60.0,81.0
193.0,90.0,30.0,112.0,99.0,30.0,247.0,124.0,0.0,10.0,11.0,23.0,24.0,29.0,34.0,38.0,40.0,59.0,67.0,81.0
170.0,85.0,120.0,80.0,97.0,30.0,221.0,92.0,2.0,10.0,11.0,23.0,25.0,29.0,34.0,37.0,40.0,57.0,60.0,81.0
160.0,88.0,60.0,77.0,99.0,20.0,221.0,110.0,2.0,10.0,11.0,23.0,25.0,29.0,34.0,38.0,40.0,57.0,60.0,81.0
246.0,94.0,120.0,166.0,109.0,30.0,247.0,92.0,2.0,10.0,11.0,22.0,24.0,29.0,34.0,38.0,40.0,57.0,72.0,81.0
186.0,176.0,30.0,72.0,210.0,30.0,195.0,68.0,1.0,10.0,13.0,21.0,25.0,28.0,34.0,36.0,40.0,57.0,60.0,82.0
103.0,40.0,60.0,34.0,46.0,20.0,80.0,58.0,2.0,10.0,11.0,22.0,24.0,29.0,34.0,38.0,40.0,57.0,61.0,81.0
132.0,83.0,120.0,74.0,116.0,10.0,169.0,110.0,2.0,9.0,13.0,22.0,24.0,29.0,34.0,38.0,40.0,43.0,79.0,81.0
112.0,48.0,120.0,63.0,52.0,20.0,117.0,65.0,0.0,9.0,11.0,21.0,24.0,29.0,33.0,37.0,40.0,43.0,60.0,81.0
181.0,50.0,60.0,125.0,49.0,20.0,96.0,48.0,2.0,9.0,11.0,21.0,25.0,28.0,34.0,37.0,40.0,43.0,72.0,81.0
138.0,38.0,30.0,96.0,48.0,20.0,88.0,56.0,1.0,9.0,11.0,21.0,25.0,31.0,34.0,37.0,40.0,57.0,61.0,81.0
164.0,88.0,120.0,66.0,103.0,30.0,0.0,0.0,0.0,9.0,13.0,22.0,25.0,29.0,34.0,37.0,40.0,52.0,61.0,81.0
113.0,54.0,60.0,102.0,68.0,30.0,0.0,0.0,1.0,10.0,11.0,21.0,25.0,28.0,34.0,39.0,40.0,48.0,79.0,81.0
121.0,142.0,30.0,84.0,181.0,20.0,80.0,40.0,2.0,10.0,13.0,23.0,25.0,29.0,34.0,38.0,40.0,43.0,60.0,81.0
315.0,94.0,120.0,159.0,127.0,10.0,221.0,143.0,2.0,10.0,11.0,22.0,25.0,29.0,34.0,38.0,40.0,57.0,60.0,81.0
111.0,121.0,60.0,62.0,175.0,10.0,0.0,0.0,0.0,9.0,18.0,21.0,25.0,27.0,33.0,36.0,40.0,52.0,60.0,81.0
139.0,36.0,120.0,65.0,46.0,10.0,130.0,71.0,3.0,9.0,11.0,21.0,25.0,28.0,33.0,36.0,40.0,57.0,61.0,81.0
158.0,100.0,60.0,60.0,108.0,10.0,140.0,64.0,2.0,10.0,15.0,21.0,25.0,30.0,33.0,38.0,40.0,52.0,61.0,82.0
164.0,79.0,120.0,50.0,112.0,10.0,170.0,64.0,3.0,10.0,11.0,21.0,25.0,29.0,34.0,38.0,40.0,57.0,60.0,81.0
142.0,68.0,30.0,84.0,78.0,30.0,117.0,40.0,2.0,10.0,11.0,22.0,25.0,28.0,33.0,37.0,40.0,42.0,61.0,81.0
106.0,2340.0,60.0,39.0,3120.0,20.0,60.0,45.0,1.0,9.0,16.0,21.0,25.0,28.0,33.0,36.0,41.0,52.0,60.0,81.0
53.0,1806.0,30.0,20.0,3211.0,20.0,52.0,25.0,1.0,9.0,18.0,21.0,25.0,30.0,33.0,36.0,41.0,57.0,79.0,81.0
159.0,150.0,120.0,61.0,176.0,30.0,234.0,88.0,2.0,10.0,13.0,23.0,24.0,29.0,34.0,37.0,40.0,52.0,61.0,81.0
131.0,23.0,30.0,56.0,34.0,20.0,0.0,0.0,2.0,9.0,11.0,21.0,25.0,27.0,34.0,36.0,40.0,42.0,72.0,81.0
106.0,60.0,60.0,34.0,74.0,10.0,72.0,65.0,2.0,10.0,11.0,21.0,24.0,29.0,34.0,38.0,40.0,42.0,61.0,81.0
157.0,59.0,60.0,123.0,64.0,10.0,140.0,76.0,3.0,9.0,11.0,21.0,25.0,28.0,34.0,37.0,40.0,52.0,61.0,81.0
159.0,19.0,60.0,69.0,23.0,20.0,234.0,90.0,2.0,10.0,16.0,22.0,24.0,28.0,34.0,38.0,40.0,52.0,61.0,81.0
209.0,73.0,30.0,120.0,88.0,20.0,247.0,115.0,2.0,10.0,11.0,22.0,25.0,29.0,34.0,38.0,40.0,43.0,72.0,81.0
224.0,140.0,60.0,92.0,168.0,20.0,247.0,110.0,0.0,9.0,18.0,22.0,25.0,29.0,33.0,38.0,40.0,52.0,77.0,82.0
165.0,137.0,120.0,82.0,177.0,10.0,160.0,125.0,3.0,9.0,13.0,21.0,25.0,31.0,34.0,37.0,40.0,57.0,60.0,81.0
43.0,156.0,120.0,22.0,208.0,30.0,52.0,16.0,1.0,9.0,18.0,21.0,25.0,27.0,33.0,39.0,40.0,57.0,79.0,81.0
221.0,106.0,60.0,152.0,127.0,30.0,260.0,88.0,2.0,10.0,11.0,22.0,24.0,28.0,34.0,38.0,40.0,48.0,75.0,81.0
130.0,89.0,60.0,88.0,94.0,10.0,120.0,56.0,0.0,10.0,11.0,22.0,24.0,29.0,34.0,37.0,40.0,48.0,60.0,81.0
105.0,6.0,120.0,66.0,8.0,10.0,0.0,0.0,8.0,9.0,19.0,21.0,25.0,27.0,34.0,36.0,40.0,52.0,60.0,81.0
221.0,217.0,30.0,151.0,266.0,20.0,190.0,201.0,2.0,10.0,13.0,22.0,25.0,29.0,34.0,38.0,40.0,54.0,79.0,81.0
52.0,2600.0,120.0,30.0,3120.0,30.0,0.0,0.0,1.0,9.0,16.0,21.0,25.0,28.0,33.0,37.0,41.0,57.0,79.0,81.0
188.0,176.0,120.0,137.0,184.0,30.0,128.0,136.0,2.0,10.0,13.0,22.0,24.0,29.0,34.0,38.0,40.0,57.0,67.0,81.0
205.0,17.0,120.0,69.0,25.0,20.0,144.0,72.0,2.0,10.0,16.0,22.0,24.0,28.0,34.0,38.0,40.0,52.0,61.0,81.0
157.0,5040.0,120.0,107.0,5460.0,20.0,0.0,0.0,2.0,10.0,16.0,21.0,25.0,29.0,34.0,38.0,41.0,43.0,72.0,81.0
107.0,194.0,60.0,56.0,281.0,10.0,0.0,0.0,2.0,9.0,19.0,21.0,25.0,31.0,33.0,36.0,40.0,42.0,61.0,81.0
61.0,16.0,120.0,38.0,21.0,20.0,0.0,0.0,2.0,9.0,11.0,21.0,26.0,30.0,34.0,36.0,40.0,59.0,77.0,81.0
210.0,106.0,120.0,63.0,112.0,30.0,170.0,110.0,2.0,10.0,11.0,23.0,25.0,29.0,34.0,38.0,40.0,57.0,60.0,81.0
112.0,1665.0,60.0,43.0,2220.0,20.0,0.0,0.0,2.0,9.0,17.0,22.0,24.0,27.0,33.0,36.0,41.0,52.0,60.0,81.0
93.0,46.0,60.0,35.0,48.0,20.0,0.0,0.0,2.0,9.0,11.0,21.0,25.0,27.0,34.0,36.0,40.0,43.0,60.0,81.0
144.0,94.0,60.0,107.0,99.0,10.0,130.0,64.0,2.0,10.0,11.0,22.0,25.0,29.0,34.0,39.0,40.0,55.0,61.0,81.0
292.0,115.0,60.0,80.0,132.0,20.0,220.0,175.0,2.0,9.0,13.0,22.0,24.0,28.0,34.0,37.0,40.0,57.0,72.0,81.0
189.0,158.0,120.0,70.0,225.0,10.0,140.0,68.0,2.0,10.0,13.0,21.0,25.0,29.0,34.0,38.0,40.0,43.0,72.0,81.0
98.0,36.0,120.0,49.0,43.0,20.0,0.0,0.0,1.0,9.0,11.0,21.0,25.0,28.0,33.0,37.0,40.0,42.0,61.0,81.0
258.0,113.0,120.0,102.0,122.0,30.0,170.0,130.0,2.0,10.0,11.0,20.0,25.0,31.0,34.0,38.0,40.0,42.0,77.0,81.0
57.0,300.0,120.0,35.0,360.0,30.0,48.0,52.0,1.0,9.0,18.0,22.0,25.0,28.0,34.0,36.0,40.0,57.0,79.0,81.0
135.0,38.0,30.0,65.0,43.0,10.0,80.0,40.0,2.0,9.0,11.0,23.0,24.0,28.0,34.0,38.0,40.0,43.0,60.0,81.0
106.0,74.0,60.0,36.0,97.0,10.0,48.0,30.0,2.0,10.0,13.0,22.0,25.0,29.0,34.0,38.0,40.0,52.0,60.0,81.0
240.0,150.0,30.0,109.0,237.0,20.0,195.0,100.0,2.0,10.0,13.0,22.0,25.0,28.0,34.0,38.0,40.0,52.0,61.0,81.0
373.0,237.0,30.0,205.0,266.0,10.0,260.0,132.0,2.0,10.0,13.0,21.0,24.0,28.0,34.0,38.0,40.0,55.0,79.0,81.0
69.0,3780.0,30.0,45.0,5040.0,10.0,0.0,0.0,1.0,10.0,16.0,23.0,25.0,30.0,34.0,38.0,41.0,59.0,77.0,82.0
116.0,56.0,120.0,47.0,65.0,20.0,64.0,44.0,2.0,9.0,13.0,22.0,24.0,29.0,34.0,37.0,40.0,57.0,61.0,81.0
127.0,29.0,120.0,78.0,34.0,30.0,0.0,0.0,2.0,9.0,11.0,21.0,25.0,29.0,33.0,36.0,40.0,55.0,60.0,81.0
236.0,123.0,30.0,81.0,139.0,10.0,190.0,104.0,3.0,9.0,13.0,23.0,25.0,27.0,34.0,36.0,40.0,59.0,60.0,81.0
71.0,10.0,30.0,47.0,12.0,10.0,68.0,15.0,5.0,9.0,12.0,21.0,24.0,28.0,33.0,36.0,40.0,59.0,77.0,82.0
97.0,61.0,60.0,94.0,76.0,30.0,80.0,195.0,6.0,9.0,13.0,22.0,24.0,29.0,33.0,37.0,40.0,59.0,65.0,82.0
175.0,108.0,30.0,112.0,112.0,10.0,247.0,162.0,2.0,10.0,11.0,23.0,25.0,29.0,34.0,38.0,40.0,59.0,67.0,81.0
419.0,74.0,30.0,234.0,82.0,10.0,240.0,120.0,3.0,9.0,11.0,23.0,25.0,30.0,34.0,38.0,40.0,59.0,73.0,81.0
375.0,133.0,60.0,115.0,155.0,10.0,232.0,205.0,2.0,10.0,11.0,22.0,25.0,30.0,34.0,38.0,40.0,52.0,79.0,81.0
81.0,3780.0,60.0,59.0,5460.0,10.0,130.0,65.0,1.0,10.0,16.0,22.0,25.0,29.0,34.0,39.0,41.0,57.0,79.0,81.0
152.0,46.0,60.0,120.0,50.0,20.0,143.0,60.0,1.0,9.0,11.0,21.0,25.0,29.0,34.0,37.0,40.0,43.0,60.0,81.0
236.0,94.0,30.0,63.0,133.0,20.0,247.0,165.0,0.0,10.0,11.0,21.0,24.0,28.0,34.0,38.0,40.0,59.0,60.0,81.0
170.0,89.0,120.0,74.0,106.0,30.0,182.0,64.0,1.0,9.0,13.0,21.0,24.0,31.0,34.0,36.0,40.0,52.0,61.0,81.0
353.0,2340.0,30.0,292.0,3380.0,30.0,210.0,130.0,2.0,9.0,16.0,21.0,25.0,30.0,33.0,36.0,41.0,57.0,76.0,81.0
94.0,76.0,120.0,36.0,116.0,10.0,70.0,36.0,2.0,10.0,13.0,21.0,25.0,30.0,33.0,39.0,40.0,57.0,61.0,81.0
146.0,40.0,30.0,55.0,45.0,10.0,120.0,56.0,0.0,9.0,11.0,23.0,24.0,30.0,34.0,37.0,40.0,59.0,61.0,81.0
145.0,2340.0,30.0,66.0,4160.0,20.0,117.0,60.0,4.0,9.0,16.0,23.0,25.0,28.0,34.0,36.0,41.0,43.0,60.0,81.0
255.0,130.0,120.0,100.0,139.0,30.0,200.0,120.0,2.0,9.0,13.0,22.0,24.0,30.0,34.0,38.0,40.0,57.0,60.0,81.0
81.0,3120.0,120.0,26.0,3380.0,20.0,0.0,0.0,2.0,9.0,16.0,21.0,25.0,28.0,34.0,36.0,41.0,43.0,60.0,81.0
185.0,58.0,120.0,151.0,64.0,10.0,104.0,100.0,3.0,9.0,11.0,21.0,25.0,29.0,34.0,37.0,40.0,57.0,74.0,81.0
125.0,82.0,30.0,55.0,105.0,20.0,110.0,104.0,2.0,10.0,11.0,21.0,24.0,30.0,34.0,38.0,40.0,59.0,61.0,81.0
284.0,104.0,30.0,171.0,123.0,10.0,152.0,110.0,3.0,9.0,13.0,21.0,25.0,28.0,33.0,37.0,40.0,52.0,61.0,81.0
72.0,16.0,120.0,46.0,24.0,10.0,50.0,20.0,2.0,9.0,11.0,23.0,24.0,30.0,34.0,38.0,40.0,59.0,77.0,81.0
99.0,2600.0,60.0,44.0,4160.0,30.0,0.0,0.0,1.0,9.0,16.0,21.0,25.0,28.0,33.0,36.0,41.0,43.0,60.0,81.0
100.0,89.0,60.0,63.0,181.0,30.0,70.0,45.0,2.0,10.0,13.0,22.0,24.0,29.0,34.0,38.0,40.0,43.0,60.0,81.0
55.0,2600.0,120.0,33.0,3120.0,30.0,0.0,0.0,1.0,9.0,16.0,23.0,25.0,28.0,34.0,37.0,41.0,57.0,79.0,81.0
220.0,5040.0,60.0,84.0,6720.0,30.0,0.0,0.0,2.0,10.0,16.0,23.0,25.0,31.0,34.0,38.0,41.0,43.0,72.0,81.0
102.0,72.0,30.0,51.0,94.0,20.0,60.0,65.0,0.0,10.0,11.0,22.0,25.0,29.0,33.0,37.0,40.0,42.0,61.0,82.0
247.0,98.0,120.0,71.0,140.0,10.0,260.0,96.0,2.0,10.0,11.0,22.0,25.0,29.0,34.0,38.0,40.0,57.0,72.0,81.0
97.0,42.0,30.0,46.0,56.0,20.0,60.0,65.0,4.0,9.0,11.0,23.0,25.0,29.0,34.0,37.0,40.0,43.0,60.0,82.0
511.0,274.0,60.0,319.0,310.0,10.0,232.0,175.0,2.0,10.0,13.0,22.0,25.0,29.0,33.0,37.0,40.0,57.0,73.0,81.0
125.0,61.0,30.0,49.0,71.0,10.0,96.0,80.0,2.0,10.0,11.0,22.0,24.0,30.0,34.0,38.0,40.0,43.0,79.0,81.0
110.0,23.0,120.0,52.0,36.0,10.0,70.0,32.0,0.0,9.0,11.0,21.0,24.0,29.0,33.0,37.0,40.0,57.0,61.0,81.0
245.0,101.0,120.0,104.0,122.0,30.0,299.0,96.0,2.0,10.0,11.0,21.0,25.0,30.0,34.0,38.0,40.0,57.0,72.0,81.0
35.0,10.0,30.0,14.0,16.0,20.0,0.0,0.0,2.0,9.0,12.0,21.0,25.0,27.0,34.0,36.0,40.0,59.0,77.0,81.0
286.0,50.0,30.0,146.0,60.0,10.0,180.0,84.0,2.0,9.0,15.0,21.0,25.0,28.0,33.0,39.0,40.0,42.0,77.0,81.0
273.0,189.0,30.0,92.0,274.0,20.0,286.0,150.0,2.0,10.0,13.0,22.0,25.0,29.0,34.0,38.0,40.0,42.0,79.0,81.0
144.0,43.0,60.0,102.0,56.0,30.0,104.0,104.0,2.0,9.0,11.0,22.0,25.0,29.0,34.0,38.0,40.0,42.0,61.0,81.0
90.0,17.0,120.0,75.0,23.0,30.0,91.0,32.0,3.0,10.0,16.0,21.0,25.0,29.0,34.0,37.0,40.0,59.0,77.0,81.0
215.0,217.0,30.0,126.0,225.0,30.0,120.0,130.0,2.0,10.0,13.0,21.0,25.0,29.0,34.0,38.0,40.0,53.0,61.0,81.0
156.0,108.0,30.0,58.0,112.0,10.0,208.0,149.0,2.0,10.0,11.0,22.0,25.0,29.0,34.0,39.0,40.0,42.0,77.0,81.0
226.0,196.0,60.0,109.0,245.0,10.0,260.0,130.0,6.0,10.0,13.0,21.0,26.0,29.0,34.0,37.0,40.0,42.0,79.0,81.0
270.0,233.0,30.0,122.0,266.0,30.0,136.0,130.0,3.0,10.0,13.0,21.0,25.0,29.0,34.0,37.0,40.0,43.0,73.0,81.0
257.0,112.0,60.0,162.0,137.0,20.0,312.0,140.0,2.0,10.0,11.0,22.0,24.0,29.0,34.0,38.0,40.0,52.0,77.0,81.0
179.0,19.0,120.0,166.0,25.0,20.0,100.0,71.0,3.0,10.0,16.0,21.0,24.0,29.0,33.0,37.0,40.0,59.0,78.0,81.0
218.0,23.0,120.0,166.0,23.0,30.0,100.0,55.0,3.0,10.0,16.0,21.0,24.0,29.0,33.0,37.0,40.0,59.0,78.0,81.0
95.0,2220.0,120.0,53.0,2960.0,10.0,0.0,0.0,2.0,9.0,17.0,22.0,25.0,27.0,33.0,36.0,41.0,52.0,60.0,81.0
82.0,2600.0,60.0,38.0,3120.0,20.0,78.0,40.0,1.0,9.0,16.0,21.0,25.0,28.0,34.0,39.0,41.0,57.0,61.0,82.0
101.0,3780.0,120.0,38.0,5460.0,20.0,0.0,0.0,1.0,10.0,16.0,21.0,25.0,29.0,34.0,37.0,41.0,52.0,60.0,82.0
262.0,270.0,30.0,143.0,357.0,20.0,210.0,221.0,3.0,10.0,13.0,21.0,25.0,29.0,33.0,39.0,40.0,59.0,60.0,81.0
108.0,71.0,120.0,57.0,78.0,30.0,80.0,84.0,2.0,10.0,11.0,22.0,24.0,28.0,34.0,38.0,40.0,43.0,60.0,81.0
475.0,146.0,60.0,406.0,161.0,20.0,429.0,220.0,3.0,10.0,11.0,21.0,24.0,30.0,34.0,38.0,40.0,59.0,73.0,81.0
63.0,24.0,60.0,39.0,32.0,30.0,0.0,0.0,2.0,9.0,11.0,21.0,25.0,32.0,34.0,37.0,40.0,59.0,77.0,81.0
79.0,2600.0,30.0,53.0,3380.0,30.0,0.0,0.0,2.0,9.0,16.0,21.0,25.0,27.0,33.0,36.0,41.0,57.0,79.0,82.0
110.0,2340.0,30.0,68.0,3380.0,30.0,0.0,0.0,1.0,9.0,16.0,21.0,25.0,28.0,33.0,36.0,41.0,54.0,60.0,81.0
228.0,90.0,120.0,119.0,127.0,10.0,195.0,123.0,2.0,10.0,11.0,23.0,25.0,28.0,34.0,37.0,40.0,52.0,65.0,81.0
346.0,134.0,60.0,102.0,156.0,20.0,250.0,201.0,3.0,9.0,13.0,21.0,25.0,30.0,34.0,38.0,40.0,59.0,72.0,81.0
150.0,71.0,120.0,76.0,90.0,10.0,143.0,97.0,2.0,10.0,11.0,22.0,24.0,29.0,34.0,38.0,40.0,42.0,61.0,81.0
132.0,68.0,120.0,108.0,76.0,20.0,104.0,55.0,3.0,9.0,13.0,21.0,25.0,28.0,33.0,37.0,40.0,59.0,77.0,81.0
188.0,56.0,120.0,94.0,66.0,20.0,180.0,136.0,3.0,9.0,11.0,21.0,24.0,30.0,33.0,36.0,40.0,42.0,77.0,81.0
281.0,17.0,30.0,160.0,31.0,20.0,221.0,100.0,3.0,10.0,16.0,21.0,25.0,29.0,34.0,38.0,40.0,59.0,62.0,81.0
216.0,128.0,60.0,87.0,177.0,30.0,230.0,155.0,3.0,9.0,13.0,21.0,25.0,29.0,34.0,38.0,40.0,59.0,60.0,81.0
92.0,42.0,60.0,34.0,46.0,20.0,72.0,48.0,3.0,9.0,11.0,21.0,25.0,30.0,33.0,36.0,40.0,42.0,61.0,81.0
103.0,45.0,30.0,31.0,68.0,20.0,91.0,45.0,3.0,9.0,13.0,21.0,25.0,31.0,33.0,38.0,40.0,57.0,61.0,81.0
150.0,176.0,60.0,64.0,194.0,20.0,221.0,95.0,2.0,10.0,13.0,21.0,24.0,28.0,34.0,37.0,40.0,57.0,60.0,81.0
185.0,97.0,60.0,89.0,139.0,30.0,136.0,117.0,3.0,9.0,13.0,22.0,24.0,29.0,34.0,38.0,40.0,42.0,77.0,81.0
81.0,3120.0,120.0,26.0,3380.0,20.0,78.0,45.0,1.0,9.0,16.0,21.0,24.0,28.0,34.0,39.0,41.0,43.0,77.0,81.0
105.0,43.0,120.0,50.0,50.0,20.0,104.0,65.0,2.0,9.0,11.0,22.0,25.0,29.0,34.0,37.0,40.0,42.0,61.0,81.0
100.0,67.0,60.0,63.0,88.0,20.0,80.0,48.0,2.0,10.0,11.0,23.0,25.0,29.0,34.0,38.0,40.0,43.0,60.0,81.0
131.0,36.0,30.0,66.0,42.0,10.0,0.0,0.0,0.0,9.0,11.0,22.0,25.0,29.0,33.0,37.0,40.0,42.0,61.0,81.0
108.0,85.0,30.0,57.0,105.0,20.0,100.0,84.0,2.0,10.0,11.0,22.0,24.0,28.0,34.0,38.0,40.0,43.0,60.0,81.0
174.0,167.0,60.0,61.0,237.0,30.0,140.0,85.0,2.0,10.0,13.0,22.0,24.0,29.0,34.0,38.0,40.0,52.0,61.0,81.0
105.0,3780.0,120.0,59.0,5040.0,30.0,130.0,120.0,0.0,10.0,16.0,22.0,25.0,29.0,34.0,38.0,41.0,54.0,72.0,81.0
164.0,62.0,30.0,64.0,82.0,20.0,170.0,169.0,3.0,9.0,11.0,21.0,25.0,28.0,34.0,38.0,40.0,42.0,77.0,81.0
76.0,2340.0,60.0,53.0,4160.0,30.0,0.0,0.0,2.0,9.0,16.0,21.0,25.0,27.0,33.0,36.0,41.0,57.0,79.0,82.0
236.0,126.0,60.0,81.0,168.0,30.0,325.0,104.0,3.0,10.0,11.0,21.0,24.0,30.0,33.0,37.0,40.0,42.0,79.0,81.0
107.0,42.0,30.0,70.0,54.0,20.0,80.0,48.0,0.0,9.0,11.0,21.0,25.0,29.0,33.0,37.0,40.0,42.0,61.0,81.0
245.0,130.0,60.0,116.0,172.0,30.0,221.0,80.0,2.0,9.0,13.0,21.0,26.0,28.0,33.0,36.0,40.0,42.0,77.0,81.0
89.0,2340.0,60.0,38.0,3380.0,10.0,78.0,52.0,1.0,9.0,16.0,21.0,25.0,28.0,34.0,39.0,41.0,57.0,61.0,81.0
134.0,90.0,30.0,94.0,114.0,20.0,88.0,52.0,2.0,9.0,13.0,21.0,24.0,28.0,34.0,37.0,40.0,50.0,61.0,81.0
322.0,74.0,30.0,222.0,78.0,30.0,128.0,149.0,3.0,9.0,11.0,21.0,24.0,30.0,34.0,37.0,40.0,52.0,78.0,81.0
125.0,2220.0,30.0,74.0,2220.0,10.0,0.0,0.0,2.0,9.0,17.0,21.0,25.0,27.0,33.0,36.0,41.0,42.0,61.0,81.0
206.0,184.0,120.0,115.0,218.0,20.0,210.0,143.0,2.0,10.0,13.0,22.0,24.0,29.0,34.0,38.0,40.0,57.0,60.0,81.0
150.0,132.0,60.0,80.0,162.0,10.0,169.0,110.0,2.0,10.0,13.0,22.0,24.0,28.0,34.0,38.0,40.0,43.0,79.0,81.0
214.0,45.0,120.0,77.0,80.0,10.0,210.0,92.0,2.0,9.0,15.0,21.0,25.0,28.0,33.0,39.0,40.0,42.0,79.0,81.0
46.0,223.0,30.0,25.0,357.0,20.0,0.0,0.0,1.0,9.0,18.0,21.0,25.0,28.0,34.0,37.0,40.0,57.0,79.0,81.0
214.0,75.0,60.0,126.0,100.0,20.0,140.0,110.0,0.0,10.0,15.0,22.0,25.0,28.0,34.0,37.0,40.0,55.0,61.0,81.0
211.0,176.0,120.0,141.0,194.0,30.0,136.0,162.0,2.0,10.0,13.0,22.0,24.0,30.0,34.0,37.0,40.0,59.0,62.0,81.0
176.0,55.0,60.0,121.0,56.0,20.0,96.0,52.0,3.0,9.0,11.0,21.0,25.0,30.0,34.0,37.0,40.0,43.0,69.0,81.0
51.0,3120.0,30.0,20.0,3380.0,30.0,40.0,32.0,1.0,9.0,16.0,23.0,25.0,28.0,33.0,36.0,41.0,59.0,77.0,81.0
292.0,113.0,30.0,145.0,133.0,30.0,152.0,169.0,3.0,10.0,11.0,21.0,24.0,30.0,34.0,38.0,40.0,42.0,77.0,81.0
86.0,36.0,120.0,31.0,46.0,20.0,0.0,0.0,0.0,9.0,14.0,22.0,25.0,28.0,34.0,37.0,40.0,57.0,61.0,81.0
49.0,100.0,30.0,27.0,133.0,20.0,0.0,0.0,1.0,10.0,15.0,22.0,25.0,28.0,33.0,37.0,40.0,59.0,77.0,82.0
238.0,132.0,120.0,145.0,149.0,20.0,210.0,156.0,3.0,9.0,13.0,21.0,25.0,30.0,33.0,36.0,40.0,57.0,72.0,81.0
148.0,2600.0,30.0,54.0,4160.0,20.0,0.0,0.0,1.0,9.0,16.0,21.0,25.0,28.0,34.0,36.0,41.0,57.0,60.0,81.0
125.0,136.0,60.0,49.0,181.0,30.0,120.0,80.0,2.0,10.0,13.0,21.0,25.0,28.0,34.0,37.0,40.0,59.0,61.0,81.0
308.0,98.0,30.0,149.0,133.0,20.0,325.0,155.0,2.0,10.0,11.0,23.0,24.0,29.0,34.0,38.0,40.0,57.0,72.0,81.0
255.0,153.0,120.0,172.0,176.0,10.0,182.0,104.0,0.0,10.0,13.0,21.0,25.0,29.0,34.0,38.0,40.0,52.0,68.0,81.0
317.0,77.0,60.0,111.0,108.0,30.0,299.0,112.0,1.0,9.0,11.0,21.0,24.0,30.0,34.0,37.0,40.0,57.0,72.0,81.0
207.0,66.0,30.0,100.0,91.0,20.0,0.0,0.0,2.0,9.0,11.0,21.0,24.0,27.0,34.0,36.0,40.0,59.0,60.0,81.0
182.0,74.0,120.0,81.0,99.0,10.0,168.0,145.0,3.0,9.0,11.0,21.0,25.0,30.0,34.0,37.0,40.0,59.0,60.0,81.0
117.0,170.0,60.0,59.0,176.0,20.0,72.0,44.0,2.0,10.0,13.0,22.0,24.0,28.0,34.0,37.0,40.0,47.0,61.0,81.0
189.0,5040.0,120.0,76.0,5460.0,20.0,0.0,0.0,2.0,10.0,16.0,23.0,25.0,31.0,34.0,38.0,41.0,43.0,72.0,81.0
205.0,105.0,120.0,90.0,127.0,20.0,220.0,169.0,3.0,10.0,11.0,21.0,24.0,31.0,34.0,38.0,40.0,42.0,79.0,81.0
87.0,3120.0,120.0,34.0,3380.0,20.0,0.0,0.0,2.0,9.0,16.0,21.0,25.0,31.0,33.0,37.0,41.0,42.0,72.0,81.0
187.0,97.0,60.0,92.0,139.0,30.0,0.0,0.0,2.0,9.0,13.0,21.0,25.0,28.0,33.0,36.0,40.0,42.0,77.0,82.0
123.0,117.0,120.0,59.0,142.0,20.0,72.0,44.0,2.0,10.0,13.0,22.0,24.0,29.0,34.0,37.0,40.0,43.0,60.0,81.0
67.0,25.0,30.0,41.0,29.0,30.0,78.0,32.0,2.0,9.0,11.0,21.0,25.0,30.0,33.0,37.0,40.0,59.0,77.0,82.0
114.0,61.0,60.0,44.0,84.0,30.0,96.0,104.0,2.0,10.0,11.0,22.0,24.0,30.0,34.0,38.0,40.0,43.0,79.0,81.0
167.0,45.0,60.0,96.0,66.0,30.0,120.0,97.0,3.0,9.0,11.0,21.0,24.0,28.0,33.0,37.0,40.0,43.0,72.0,81.0
200.0,148.0,120.0,71.0,165.0,20.0,247.0,120.0,2.0,9.0,13.0,22.0,25.0,30.0,34.0,38.0,40.0,59.0,60.0,81.0
138.0,170.0,30.0,62.0,184.0,30.0,72.0,71.0,2.0,10.0,13.0,22.0,24.0,28.0,34.0,37.0,40.0,47.0,61.0,81.0
267.0,90.0,120.0,167.0,105.0,30.0,136.0,143.0,0.0,10.0,11.0,21.0,25.0,30.0,34.0,38.0,40.0,57.0,60.0,81.0
85.0,2340.0,30.0,43.0,3380.0,30.0,60.0,30.0,0.0,9.0,16.0,23.0,25.0,28.0,34.0,37.0,41.0,52.0,60.0,81.0
879.0,266.0,120.0,760.0,293.0,30.0,216.0,214.0,3.0,10.0,13.0,21.0,25.0,29.0,34.0,38.0,40.0,59.0,73.0,81.0
230.0,56.0,60.0,111.0,66.0,10.0,247.0,169.0,2.0,9.0,11.0,21.0,25.0,30.0,33.0,37.0,40.0,59.0,60.0,81.0
54.0,16.0,30.0,21.0,24.0,20.0,0.0,0.0,2.0,9.0,11.0,21.0,24.0,28.0,34.0,37.0,40.0,59.0,77.0,81.0
150.0,2340.0,120.0,69.0,4160.0,10.0,120.0,40.0,1.0,9.0,16.0,22.0,25.0,28.0,34.0,38.0,41.0,59.0,61.0,81.0
258.0,79.0,30.0,229.0,80.0,10.0,234.0,136.0,3.0,9.0,11.0,21.0,25.0,31.0,33.0,37.0,40.0,43.0,76.0,81.0
215.0,181.0,120.0,126.0,218.0,10.0,195.0,130.0,2.0,10.0,13.0,21.0,25.0,29.0,34.0,38.0,40.0,53.0,61.0,81.0
95.0,109.0,120.0,80.0,119.0,30.0,104.0,64.0,0.0,10.0,13.0,22.0,25.0,29.0,34.0,38.0,40.0,58.0,79.0,81.0
243.0,130.0,30.0,98.0,149.0,30.0,0.0,0.0,2.0,9.0,13.0,21.0,25.0,28.0,33.0,36.0,40.0,42.0,77.0,81.0
232.0,111.0,120.0,146.0,128.0,30.0,260.0,92.0,2.0,9.0,13.0,20.0,24.0,28.0,34.0,35.0,40.0,52.0,77.0,81.0
185.0,45.0,30.0,77.0,60.0,10.0,128.0,95.0,2.0,9.0,15.0,21.0,25.0,29.0,33.0,38.0,40.0,42.0,77.0,82.0
283.0,72.0,60.0,95.0,105.0,30.0,270.0,190.0,3.0,9.0,11.0,21.0,25.0,29.0,33.0,37.0,40.0,59.0,72.0,81.0
146.0,36.0,60.0,49.0,42.0,20.0,110.0,45.0,2.0,9.0,11.0,21.0,25.0,28.0,33.0,38.0,40.0,59.0,61.0,81.0
157.0,44.0,120.0,123.0,49.0,30.0,182.0,76.0,3.0,9.0,11.0,21.0,25.0,28.0,34.0,37.0,40.0,52.0,61.0,81.0
136.0,3780.0,120.0,78.0,6720.0,10.0,80.0,40.0,0.0,10.0,16.0,22.0,25.0,29.0,34.0,38.0,41.0,42.0,61.0,81.0
249.0,56.0,60.0,219.0,66.0,30.0,128.0,149.0,3.0,9.0,11.0,21.0,24.0,30.0,34.0,37.0,40.0,52.0,78.0,81.0
303.0,111.0,30.0,282.0,139.0,20.0,128.0,84.0,3.0,9.0,13.0,21.0,25.0,29.0,34.0,38.0,40.0,42.0,78.0,81.0
150.0,82.0,60.0,76.0,105.0,30.0,117.0,40.0,3.0,10.0,11.0,21.0,25.0,29.0,33.0,37.0,40.0,42.0,61.0,81.0
153.0,23.0,60.0,109.0,23.0,20.0,96.0,60.0,3.0,10.0,16.0,21.0,25.0,29.0,34.0,37.0,40.0,42.0,65.0,81.0
153.0,35.0,60.0,70.0,42.0,10.0,0.0,0.0,2.0,9.0,11.0,21.0,25.0,27.0,33.0,36.0,40.0,43.0,77.0,81.0
275.0,194.0,30.0,131.0,218.0,10.0,200.0,92.0,2.0,10.0,13.0,22.0,25.0,28.0,34.0,37.0,40.0,42.0,77.0,81.0
267.0,196.0,120.0,109.0,245.0,20.0,160.0,80.0,6.0,10.0,13.0,21.0,26.0,29.0,34.0,37.0,40.0,42.0,79.0,82.0
198.0,67.0,30.0,145.0,74.0,10.0,112.0,85.0,2.0,10.0,11.0,22.0,24.0,29.0,34.0,38.0,40.0,52.0,61.0,81.0
189.0,108.0,30.0,75.0,128.0,30.0,221.0,84.0,2.0,9.0,13.0,22.0,24.0,28.0,34.0,37.0,40.0,57.0,60.0,81.0
59.0,45.0,30.0,33.0,57.0,30.0,91.0,28.0,2.0,9.0,13.0,21.0,26.0,28.0,33.0,36.0,40.0,59.0,77.0,82.0
158.0,38.0,60.0,116.0,57.0,30.0,110.0,65.0,3.0,9.0,11.0,21.0,25.0,29.0,34.0,37.0,40.0,43.0,60.0,81.0
91.0,3780.0,60.0,22.0,5040.0,20.0,90.0,156.0,0.0,10.0,16.0,22.0,25.0,27.0,34.0,37.0,41.0,43.0,60.0,81.0
174.0,88.0,30.0,61.0,103.0,10.0,112.0,95.0,2.0,9.0,13.0,22.0,25.0,29.0,34.0,37.0,40.0,43.0,72.0,81.0
51.0,2600.0,30.0,30.0,4160.0,20.0,0.0,0.0,1.0,9.0,16.0,21.0,25.0,28.0,34.0,37.0,41.0,59.0,77.0,81.0
195.0,73.0,120.0,91.0,94.0,20.0,112.0,76.0,2.0,10.0,11.0,22.0,24.0,28.0,34.0,38.0,40.0,52.0,61.0,81.0
208.0,155.0,30.0,122.0,167.0,10.0,140.0,68.0,2.0,10.0,13.0,22.0,24.0,30.0,34.0,38.0,40.0,57.0,67.0,81.0
219.0,74.0,120.0,100.0,84.0,30.0,0.0,0.0,2.0,9.0,14.0,21.0,24.0,28.0,34.0,36.0,40.0,59.0,60.0,81.0
175.0,76.0,60.0,146.0,81.0,20.0,182.0,95.0,2.0,10.0,11.0,22.0,25.0,29.0,34.0,37.0,40.0,52.0,68.0,81.0
140.0,2220.0,30.0,89.0,2960.0,20.0,0.0,0.0,2.0,9.0,17.0,21.0,25.0,28.0,34.0,36.0,41.0,43.0,64.0,82.0
119.0,58.0,30.0,64.0,68.0,10.0,96.0,70.0,2.0,10.0,11.0,23.0,25.0,30.0,34.0,38.0,40.0,43.0,60.0,81.0
101.0,2600.0,60.0,31.0,3380.0,10.0,0.0,0.0,2.0,9.0,16.0,21.0,25.0,31.0,33.0,37.0,41.0,42.0,72.0,81.0
234.0,56.0,30.0,180.0,78.0,20.0,136.0,80.0,2.0,9.0,11.0,21.0,25.0,28.0,34.0,37.0,40.0,55.0,65.0,81.0
59.0,2340.0,120.0,30.0,3380.0,20.0,0.0,0.0,1.0,9.0,16.0,21.0,25.0,28.0,33.0,37.0,41.0,57.0,79.0,82.0
266.0,87.0,120.0,126.0,105.0,20.0,144.0,92.0,3.0,10.0,11.0,21.0,25.0,30.0,33.0,39.0,40.0,57.0,60.0,81.0
98.0,2220.0,120.0,26.0,2220.0,30.0,0.0,0.0,1.0,9.0,17.0,21.0,25.0,27.0,34.0,36.0,41.0,43.0,77.0,82.0
89.0,22.0,60.0,38.0,28.0,10.0,91.0,52.0,0.0,9.0,11.0,20.0,24.0,30.0,34.0,35.0,40.0,57.0,61.0,81.0
67.0,302.0,60.0,41.0,302.0,20.0,0.0,0.0,1.0,9.0,18.0,21.0,25.0,28.0,33.0,36.0,40.0,57.0,79.0,81.0
94.0,54.0,60.0,54.0,70.0,10.0,0.0,0.0,2.0,9.0,19.0,21.0,25.0,27.0,34.0,36.0,40.0,57.0,79.0,81.0
247.0,58.0,60.0,92.0,72.0,10.0,286.0,169.0,3.0,9.0,11.0,21.0,25.0,29.0,34.0,38.0,40.0,52.0,77.0,81.0
231.0,126.0,60.0,117.0,133.0,20.0,160.0,108.0,0.0,10.0,11.0,22.0,24.0,30.0,34.0,37.0,40.0,57.0,64.0,81.0
51.0,2600.0,30.0,30.0,4160.0,20.0,40.0,10.0,1.0,9.0,16.0,21.0,25.0,27.0,33.0,39.0,41.0,59.0,77.0,81.0
134.0,18.0,30.0,65.0,20.0,10.0,0.0,0.0,2.0,9.0,12.0,21.0,25.0,28.0,33.0,39.0,40.0,52.0,64.0,81.0
270.0,118.0,120.0,234.0,132.0,10.0,112.0,95.0,3.0,9.0,13.0,21.0,24.0,28.0,33.0,37.0,40.0,59.0,61.0,81.0
64.0,2600.0,60.0,31.0,3380.0,10.0,48.0,25.0,1.0,9.0,16.0,21.0,25.0,28.0,33.0,38.0,41.0,59.0,77.0,81.0
224.0,77.0,60.0,80.0,88.0,10.0,220.0,104.0,3.0,9.0,11.0,21.0,25.0,29.0,34.0,38.0,40.0,52.0,77.0,81.0
206.0,262.0,60.0,99.0,301.0,10.0,200.0,80.0,6.0,10.0,13.0,21.0,26.0,29.0,34.0,37.0,40.0,42.0,79.0,82.0
293.0,109.0,120.0,122.0,150.0,10.0,273.0,195.0,2.0,10.0,11.0,22.0,24.0,29.0,34.0,38.0,40.0,54.0,79.0,81.0
161.0,72.0,30.0,152.0,84.0,20.0,100.0,104.0,3.0,10.0,11.0,21.0,24.0,29.0,34.0,38.0,40.0,59.0,65.0,81.0
118.0,26.0,60.0,46.0,32.0,10.0,64.0,40.0,0.0,9.0,11.0,21.0,24.0,30.0,34.0,38.0,40.0,43.0,77.0,81.0
114.0,96.0,30.0,44.0,99.0,10.0,156.0,104.0,2.0,9.0,13.0,20.0,24.0,30.0,34.0,35.0,40.0,59.0,61.0,81.0
179.0,50.0,120.0,108.0,62.0,10.0,208.0,104.0,3.0,9.0,11.0,21.0,24.0,30.0,34.0,36.0,40.0,57.0,60.0,81.0
153.0,26.0,60.0,74.0,32.0,10.0,56.0,100.0,0.0,9.0,11.0,22.0,25.0,29.0,34.0,37.0,40.0,42.0,72.0,81.0
92.0,45.0,120.0,66.0,80.0,10.0,0.0,0.0,0.0,9.0,15.0,21.0,25.0,31.0,34.0,36.0,40.0,59.0,78.0,81.0
314.0,65.0,60.0,158.0,74.0,20.0,270.0,195.0,3.0,9.0,11.0,21.0,25.0,30.0,33.0,37.0,40.0,59.0,72.0,81.0
108.0,71.0,30.0,50.0,84.0,30.0,130.0,48.0,2.0,10.0,11.0,23.0,24.0,29.0,34.0,37.0,40.0,43.0,60.0,81.0
209.0,97.0,120.0,171.0,109.0,20.0,160.0,123.0,2.0,10.0,11.0,22.0,24.0,29.0,34.0,38.0,40.0,43.0,72.0,81.0
106.0,67.0,30.0,36.0,106.0,20.0,78.0,35.0,3.0,10.0,13.0,21.0,24.0,29.0,34.0,38.0,40.0,42.0,72.0,81.0
231.0,194.0,60.0,123.0,266.0,30.0,200.0,115.0,2.0,10.0,13.0,22.0,25.0,28.0,34.0,37.0,40.0,42.0,77.0,81.0
108.0,82.0,120.0,53.0,88.0,20.0,156.0,70.0,2.0,10.0,11.0,20.0,24.0,29.0,34.0,35.0,40.0,43.0,60.0,81.0
51.0,40.0,120.0,32.0,62.0,10.0,40.0,30.0,0.0,9.0,13.0,22.0,24.0,28.0,34.0,38.0,40.0,59.0,77.0,81.0
112.0,23.0,30.0,59.0,26.0,10.0,0.0,0.0,2.0,9.0,11.0,21.0,25.0,27.0,34.0,36.0,40.0,42.0,72.0,82.0
79.0,2600.0,60.0,55.0,4160.0,30.0,0.0,0.0,2.0,9.0,16.0,21.0,25.0,27.0,33.0,36.0,41.0,57.0,79.0,81.0
124.0,38.0,60.0,48.0,45.0,10.0,72.0,45.0,4.0,9.0,11.0,22.0,25.0,30.0,33.0,37.0,40.0,43.0,60.0,81.0
293.0,213.0,120.0,156.0,301.0,10.0,270.0,144.0,2.0,10.0,13.0,22.0,24.0,29.0,34.0,39.0,40.0,55.0,79.0,81.0
69.0,2340.0,120.0,43.0,4160.0,10.0,0.0,0.0,1.0,9.0,16.0,23.0,25.0,29.0,34.0,38.0,41.0,57.0,79.0,81.0
128.0,38.0,60.0,53.0,43.0,20.0,100.0,84.0,2.0,9.0,11.0,22.0,25.0,28.0,34.0,37.0,40.0,43.0,60.0,81.0
151.0,50.0,30.0,105.0,56.0,30.0,208.0,64.0,3.0,9.0,11.0,21.0,24.0,30.0,34.0,36.0,40.0,57.0,60.0,81.0
100.0,3780.0,30.0,56.0,5460.0,30.0,120.0,80.0,0.0,10.0,16.0,22.0,25.0,29.0,34.0,38.0,41.0,43.0,60.0,81.0
234.0,90.0,30.0,190.0,105.0,30.0,221.0,84.0,2.0,10.0,11.0,21.0,24.0,29.0,34.0,37.0,40.0,55.0,65.0,81.0
167.0,4200.0,30.0,72.0,6720.0,20.0,112.0,72.0,2.0,10.0,16.0,21.0,25.0,30.0,34.0,38.0,41.0,51.0,61.0,81.0
54.0,239.0,60.0,28.0,239.0,20.0,0.0,0.0,1.0,9.0,18.0,21.0,25.0,28.0,34.0,38.0,40.0,57.0,79.0,81.0
293.0,109.0,30.0,191.0,127.0,30.0,286.0,100.0,2.0,10.0,11.0,22.0,24.0,29.0,34.0,37.0,40.0,57.0,72.0,81.0
182.0,74.0,30.0,63.0,78.0,10.0,273.0,188.0,3.0,9.0,11.0,23.0,24.0,29.0,34.0,37.0,40.0,59.0,60.0,81.0
89.0,25.0,60.0,34.0,38.0,30.0,70.0,40.0,3.0,9.0,11.0,21.0,25.0,30.0,34.0,37.0,40.0,43.0,77.0,81.0
61.0,239.0,30.0,30.0,259.0,30.0,0.0,0.0,1.0,9.0,18.0,21.0,25.0,28.0,34.0,38.0,40.0,57.0,79.0,81.0
168.0,49.0,60.0,118.0,62.0,30.0,120.0,80.0,2.0,9.0,11.0,22.0,25.0,28.0,34.0,37.0,40.0,52.0,61.0,81.0
94.0,57.0,120.0,48.0,65.0,30.0,91.0,40.0,2.0,9.0,13.0,21.0,25.0,27.0,33.0,36.0,40.0,57.0,61.0,81.0
82.0,30.0,30.0,31.0,34.0,10.0,0.0,0.0,1.0,9.0,11.0,23.0,25.0,29.0,33.0,37.0,40.0,43.0,77.0,81.0
180.0,113.0,120.0,100.0,150.0,10.0,128.0,120.0,2.0,10.0,11.0,22.0,24.0,29.0,34.0,38.0,40.0,57.0,60.0,81.0
208.0,123.0,120.0,89.0,139.0,30.0,0.0,0.0,2.0,9.0,13.0,21.0,26.0,27.0,34.0,39.0,40.0,59.0,60.0,81.0
172.0,138.0,120.0,75.0,162.0,20.0,104.0,68.0,3.0,10.0,13.0,21.0,24.0,30.0,34.0,37.0,40.0,59.0,61.0,81.0
124.0,45.0,60.0,55.0,60.0,20.0,70.0,104.0,0.0,9.0,15.0,21.0,25.0,29.0,33.0,37.0,40.0,43.0,77.0,81.0
80.0,31.0,30.0,36.0,40.0,30.0,90.0,140.0,0.0,9.0,11.0,21.0,25.0,29.0,34.0,36.0,40.0,42.0,61.0,81.0
173.0,71.0,30.0,115.0,81.0,30.0,175.0,56.0,0.0,10.0,11.0,22.0,25.0,28.0,33.0,37.0,40.0,43.0,63.0,82.0
100.0,50.0,30.0,66.0,74.0,10.0,80.0,60.0,2.0,10.0,11.0,23.0,25.0,29.0,34.0,38.0,40.0,43.0,60.0,81.0
188.0,163.0,60.0,92.0,198.0,10.0,221.0,143.0,2.0,10.0,13.0,22.0,24.0,30.0,34.0,38.0,40.0,57.0,60.0,81.0
85.0,60.0,60.0,41.0,71.0,20.0,117.0,60.0,2.0,10.0,11.0,22.0,24.0,29.0,34.0,38.0,40.0,43.0,60.0,81.0
175.0,106.0,120.0,112.0,116.0,20.0,180.0,149.0,3.0,9.0,13.0,21.0,25.0,28.0,33.0,36.0,40.0,59.0,67.0,81.0
202.0,81.0,60.0,97.0,99.0,10.0,208.0,136.0,2.0,10.0,11.0,22.0,25.0,29.0,34.0,37.0,40.0,43.0,72.0,81.0
95.0,108.0,60.0,94.0,119.0,20.0,143.0,65.0,1.0,10.0,13.0,23.0,24.0,30.0,34.0,37.0,40.0,59.0,65.0,81.0
116.0,25.0,30.0,49.0,28.0,10.0,60.0,32.0,2.0,9.0,11.0,22.0,24.0,28.0,33.0,37.0,40.0,42.0,72.0,81.0
164.0,158.0,120.0,50.0,225.0,10.0,170.0,112.0,2.0,10.0,13.0,22.0,25.0,29.0,34.0,38.0,40.0,42.0,77.0,81.0
90.0,58.0,30.0,49.0,71.0,30.0,120.0,60.0,2.0,10.0,11.0,23.0,25.0,29.0,34.0,38.0,40.0,43.0,60.0,81.0
336.0,72.0,120.0,95.0,105.0,10.0,416.0,221.0,3.0,9.0,11.0,21.0,24.0,28.0,33.0,37.0,40.0,59.0,72.0,81.0
247.0,49.0,120.0,109.0,62.0,20.0,128.0,80.0,2.0,9.0,11.0,21.0,25.0,29.0,34.0,36.0,40.0,57.0,60.0,82.0
234.0,221.0,30.0,91.0,254.0,30.0,128.0,117.0,2.0,10.0,13.0,23.0,25.0,29.0,33.0,37.0,40.0,57.0,60.0,81.0
192.0,47.0,30.0,49.0,66.0,20.0,0.0,0.0,2.0,9.0,11.0,21.0,25.0,29.0,33.0,37.0,40.0,57.0,60.0,81.0
104.0,76.0,60.0,49.0,99.0,30.0,90.0,60.0,2.0,9.0,13.0,22.0,24.0,28.0,34.0,38.0,40.0,43.0,60.0,81.0
75.0,2340.0,30.0,31.0,3380.0,30.0,70.0,55.0,2.0,9.0,16.0,22.0,25.0,29.0,33.0,38.0,41.0,57.0,61.0,81.0
190.0,92.0,30.0,156.0,112.0,20.0,120.0,80.0,3.0,10.0,11.0,21.0,25.0,31.0,34.0,36.0,40.0,43.0,73.0,81.0
166.0,71.0,120.0,116.0,86.0,10.0,117.0,71.0,3.0,9.0,13.0,21.0,25.0,30.0,34.0,36.0,40.0,59.0,78.0,81.0
131.0,23.0,30.0,55.0,35.0,20.0,91.0,66.0,2.0,9.0,11.0,21.0,25.0,29.0,33.0,39.0,40.0,57.0,61.0,81.0
158.0,3780.0,60.0,81.0,5040.0,20.0,80.0,65.0,0.0,10.0,16.0,22.0,25.0,29.0,34.0,38.0,41.0,42.0,61.0,81.0
82.0,179.0,60.0,36.0,194.0,10.0,60.0,32.0,0.0,10.0,18.0,21.0,25.0,29.0,33.0,38.0,40.0,42.0,72.0,82.0
139.0,52.0,60.0,64.0,60.0,20.0,0.0,0.0,0.0,10.0,14.0,21.0,25.0,30.0,34.0,38.0,40.0,54.0,72.0,81.0
226.0,45.0,60.0,132.0,80.0,30.0,144.0,136.0,2.0,9.0,15.0,21.0,25.0,28.0,33.0,39.0,40.0,42.0,77.0,82.0
292.0,58.0,120.0,92.0,72.0,20.0,176.0,104.0,3.0,9.0,11.0,21.0,25.0,29.0,34.0,38.0,40.0,52.0,77.0,81.0
122.0,2600.0,60.0,83.0,3120.0,20.0,0.0,0.0,0.0,9.0,16.0,22.0,25.0,29.0,34.0,38.0,41.0,55.0,60.0,82.0
236.0,45.0,60.0,139.0,52.0,10.0,144.0,65.0,2.0,9.0,11.0,21.0,26.0,28.0,33.0,39.0,40.0,50.0,61.0,81.0
222.0,181.0,120.0,187.0,194.0,30.0,136.0,110.0,3.0,10.0,13.0,21.0,25.0,31.0,34.0,38.0,40.0,42.0,77.0,81.0
189.0,8.0,60.0,110.0,10.0,20.0,286.0,120.0,3.0,9.0,17.0,21.0,24.0,27.0,34.0,36.0,40.0,57.0,60.0,81.0
190.0,67.0,120.0,111.0,76.0,20.0,104.0,68.0,3.0,10.0,11.0,21.0,25.0,29.0,33.0,38.0,40.0,52.0,66.0,81.0
97.0,1665.0,60.0,48.0,2405.0,10.0,0.0,0.0,2.0,9.0,17.0,21.0,25.0,27.0,34.0,36.0,41.0,42.0,72.0,81.0
212.0,88.0,60.0,64.0,109.0,10.0,128.0,105.0,2.0,10.0,11.0,22.0,24.0,31.0,34.0,38.0,40.0,42.0,77.0,81.0
159.0,44.0,30.0,69.0,54.0,30.0,140.0,80.0,2.0,9.0,11.0,22.0,24.0,28.0,34.0,38.0,40.0,43.0,72.0,81.0
96.0,68.0,30.0,70.0,76.0,30.0,91.0,40.0,2.0,9.0,13.0,21.0,26.0,29.0,33.0,36.0,40.0,58.0,79.0,82.0
308.0,213.0,120.0,143.0,254.0,20.0,200.0,120.0,2.0,10.0,13.0,22.0,24.0,29.0,34.0,38.0,40.0,52.0,79.0,81.0
94.0,63.0,60.0,52.0,71.0,20.0,91.0,50.0,2.0,9.0,13.0,21.0,25.0,27.0,33.0,36.0,40.0,57.0,61.0,82.0
229.0,189.0,30.0,100.0,225.0,10.0,176.0,150.0,2.0,10.0,13.0,22.0,25.0,29.0,34.0,38.0,40.0,42.0,79.0,81.0
114.0,72.0,30.0,55.0,86.0,30.0,120.0,70.0,2.0,9.0,13.0,20.0,24.0,28.0,34.0,35.0,40.0,43.0,79.0,81.0
406.0,149.0,30.0,235.0,165.0,10.0,250.0,104.0,3.0,9.0,13.0,21.0,25.0,31.0,34.0,39.0,40.0,59.0,73.0,81.0
114.0,78.0,30.0,42.0,84.0,30.0,72.0,97.0,2.0,10.0,11.0,23.0,25.0,29.0,34.0,38.0,40.0,43.0,60.0,81.0
96.0,91.0,30.0,48.0,95.0,10.0,143.0,97.0,2.0,9.0,13.0,22.0,25.0,30.0,34.0,38.0,40.0,43.0,60.0,81.0
284.0,56.0,60.0,184.0,66.0,10.0,286.0,234.0,2.0,9.0,11.0,22.0,25.0,29.0,34.0,37.0,40.0,58.0,60.0,81.0
92.0,119.0,30.0,34.0,147.0,30.0,117.0,40.0,2.0,10.0,13.0,23.0,25.0,28.0,34.0,37.0,40.0,42.0,61.0,81.0
179.0,76.0,60.0,91.0,84.0,10.0,88.0,50.0,2.0,10.0,11.0,23.0,25.0,29.0,33.0,36.0,40.0,43.0,60.0,81.0
56.0,205.0,30.0,33.0,205.0,10.0,65.0,26.0,1.0,10.0,18.0,21.0,25.0,27.0,34.0,36.0,40.0,59.0,77.0,81.0
225.0,89.0,120.0,164.0,103.0,30.0,208.0,80.0,3.0,9.0,13.0,21.0,25.0,30.0,34.0,37.0,40.0,59.0,61.0,81.0
173.0,85.0,60.0,115.0,88.0,20.0,108.0,56.0,0.0,10.0,11.0,22.0,25.0,28.0,33.0,37.0,40.0,43.0,63.0,81.0
251.0,109.0,60.0,122.0,150.0,30.0,210.0,150.0,2.0,10.0,11.0,22.0,24.0,29.0,34.0,38.0,40.0,54.0,79.0,81.0
214.0,131.0,120.0,85.0,146.0,20.0,299.0,150.0,2.0,10.0,11.0,21.0,25.0,29.0,34.0,37.0,40.0,42.0,79.0,81.0
52.0,209.0,120.0,19.0,209.0,30.0,40.0,84.0,1.0,10.0,19.0,23.0,25.0,31.0,34.0,38.0,40.0,57.0,79.0,82.0
409.0,86.0,30.0,216.0,99.0,30.0,192.0,175.0,3.0,9.0,11.0,21.0,24.0,31.0,33.0,39.0,40.0,59.0,72.0,81.0
159.0,89.0,30.0,95.0,92.0,10.0,156.0,97.0,3.0,10.0,11.0,21.0,24.0,30.0,34.0,37.0,40.0,59.0,61.0,81.0
136.0,23.0,60.0,55.0,23.0,20.0,96.0,68.0,3.0,10.0,16.0,21.0,25.0,30.0,34.0,37.0,40.0,43.0,79.0,81.0
182.0,116.0,60.0,68.0,122.0,20.0,160.0,100.0,2.0,10.0,11.0,23.0,24.0,30.0,34.0,37.0,40.0,57.0,60.0,81.0
290.0,99.0,30.0,205.0,108.0,10.0,130.0,64.0,3.0,9.0,13.0,21.0,25.0,31.0,34.0,37.0,40.0,42.0,78.0,81.0
111.0,4200.0,60.0,36.0,5460.0,10.0,60.0,25.0,0.0,10.0,16.0,23.0,25.0,30.0,34.0,39.0,41.0,43.0,60.0,81.0
150.0,88.0,60.0,64.0,97.0,20.0,234.0,95.0,2.0,10.0,11.0,21.0,25.0,30.0,33.0,39.0,40.0,57.0,60.0,82.0
266.0,131.0,120.0,87.0,140.0,30.0,220.0,115.0,3.0,10.0,11.0,21.0,25.0,30.0,34.0,37.0,40.0,42.0,79.0,81.0
112.0,5040.0,30.0,61.0,6720.0,20.0,0.0,0.0,1.0,10.0,16.0,23.0,25.0,28.0,34.0,39.0,41.0,42.0,61.0,82.0
102.0,3780.0,120.0,46.0,6720.0,10.0,60.0,80.0,0.0,10.0,16.0,22.0,25.0,29.0,34.0,38.0,41.0,42.0,72.0,81.0
303.0,133.0,30.0,279.0,139.0,10.0,208.0,136.0,3.0,9.0,13.0,21.0,25.0,29.0,34.0,38.0,40.0,42.0,78.0,81.0
92.0,72.0,30.0,41.0,94.0,20.0,90.0,78.0,2.0,10.0,11.0,22.0,24.0,29.0,34.0,38.0,40.0,43.0,60.0,81.0
96.0,3780.0,30.0,24.0,6720.0,20.0,91.0,140.0,5.0,10.0,16.0,22.0,25.0,29.0,34.0,38.0,41.0,43.0,77.0,81.0
45.0,12.0,60.0,16.0,18.0,30.0,0.0,0.0,2.0,9.0,12.0,21.0,25.0,27.0,34.0,36.0,40.0,59.0,77.0,81.0
54.0,1850.0,120.0,23.0,2960.0,10.0,78.0,39.0,1.0,9.0,17.0,21.0,25.0,27.0,34.0,37.0,41.0,57.0,79.0,82.0
188.0,85.0,60.0,88.0,105.0,10.0,221.0,143.0,3.0,10.0,11.0,21.0,24.0,28.0,34.0,37.0,40.0,57.0,60.0,81.0
193.0,166.0,30.0,85.0,189.0,10.0,168.0,110.0,0.0,10.0,13.0,22.0,25.0,29.0,34.0,37.0,40.0,57.0,60.0,81.0
197.0,103.0,120.0,83.0,144.0,10.0,210.0,88.0,3.0,9.0,13.0,21.0,24.0,30.0,34.0,37.0,40.0,54.0,77.0,81.0
80.0,24.0,30.0,29.0,31.0,30.0,0.0,0.0,2.0,9.0,14.0,21.0,26.0,29.0,33.0,37.0,40.0,52.0,60.0,82.0
89.0,22.0,60.0,38.0,28.0,10.0,91.0,26.0,2.0,9.0,11.0,21.0,24.0,30.0,33.0,37.0,40.0,43.0,77.0,81.0
186.0,81.0,120.0,119.0,92.0,10.0,273.0,143.0,0.0,10.0,11.0,21.0,25.0,28.0,33.0,37.0,40.0,43.0,72.0,82.0
125.0,43.0,120.0,49.0,46.0,30.0,0.0,0.0,1.0,9.0,11.0,21.0,25.0,28.0,33.0,37.0,40.0,42.0,61.0,82.0
159.0,88.0,120.0,61.0,103.0,30.0,234.0,88.0,2.0,9.0,13.0,21.0,24.0,29.0,34.0,37.0,40.0,52.0,61.0,81.0
177.0,54.0,30.0,139.0,56.0,10.0,234.0,84.0,2.0,9.0,11.0,21.0,26.0,28.0,33.0,39.0,40.0,50.0,61.0,81.0
117.0,61.0,30.0,62.0,71.0,10.0,72.0,60.0,2.0,10.0,11.0,22.0,25.0,30.0,34.0,38.0,40.0,43.0,60.0,81.0
86.0,4200.0,60.0,72.0,5040.0,20.0,156.0,70.0,1.0,10.0,16.0,21.0,25.0,29.0,34.0,38.0,41.0,58.0,79.0,82.0
475.0,131.0,120.0,396.0,146.0,30.0,429.0,176.0,3.0,10.0,11.0,21.0,24.0,30.0,34.0,38.0,40.0,59.0,73.0,81.0
176.0,41.0,30.0,124.0,46.0,10.0,104.0,65.0,2.0,9.0,11.0,22.0,25.0,29.0,34.0,37.0,40.0,42.0,61.0,81.0
155.0,67.0,60.0,69.0,112.0,30.0,104.0,117.0,2.0,10.0,11.0,23.0,24.0,31.0,34.0,38.0,40.0,43.0,72.0,81.0
152.0,84.0,30.0,85.0,122.0,20.0,104.0,68.0,3.0,10.0,11.0,21.0,24.0,30.0,34.0,38.0,40.0,43.0,70.0,81.0
107.0,136.0,30.0,55.0,155.0,30.0,130.0,44.0,2.0,10.0,13.0,22.0,24.0,30.0,34.0,38.0,40.0,43.0,60.0,81.0
257.0,166.0,30.0,162.0,210.0,20.0,234.0,105.0,2.0,10.0,13.0,22.0,25.0,30.0,34.0,38.0,40.0,42.0,77.0,81.0
46.0,2007.0,30.0,20.0,2609.0,30.0,52.0,20.0,1.0,9.0,18.0,21.0,25.0,30.0,33.0,36.0,41.0,57.0,79.0,82.0
92.0,18.0,30.0,68.0,20.0,10.0,80.0,40.0,1.0,9.0,12.0,22.0,26.0,28.0,34.0,39.0,40.0,58.0,79.0,82.0
179.0,62.0,30.0,65.0,70.0,30.0,247.0,80.0,0.0,9.0,11.0,22.0,25.0,29.0,34.0,37.0,40.0,59.0,60.0,82.0
164.0,91.0,30.0,118.0,112.0,20.0,120.0,91.0,1.0,10.0,11.0,23.0,25.0,29.0,34.0,38.0,40.0,52.0,61.0,82.0
128.0,13.0,120.0,53.0,21.0,10.0,130.0,104.0,2.0,10.0,17.0,23.0,25.0,31.0,34.0,37.0,40.0,42.0,61.0,81.0
150.0,124.0,30.0,50.0,132.0,10.0,221.0,110.0,3.0,9.0,13.0,21.0,25.0,28.0,34.0,39.0,40.0,42.0,77.0,81.0
92.0,42.0,60.0,34.0,46.0,20.0,64.0,36.0,2.0,9.0,11.0,21.0,25.0,28.0,34.0,37.0,40.0,42.0,61.0,81.0
52.0,2600.0,30.0,31.0,4160.0,20.0,32.0,28.0,1.0,9.0,16.0,21.0,25.0,29.0,34.0,38.0,41.0,59.0,77.0,81.0
200.0,62.0,120.0,81.0,70.0,30.0,168.0,143.0,3.0,9.0,11.0,21.0,25.0,29.0,34.0,37.0,40.0,42.0,79.0,81.0
200.0,41.0,120.0,142.0,54.0,10.0,110.0,60.0,3.0,9.0,11.0,21.0,24.0,31.0,34.0,36.0,40.0,43.0,69.0,81.0
155.0,43.0,120.0,112.0,49.0,20.0,100.0,71.0,3.0,9.0,11.0,20.0,24.0,30.0,34.0,35.0,40.0,52.0,61.0,81.0
126.0,38.0,30.0,50.0,45.0,30.0,72.0,71.0,2.0,9.0,11.0,21.0,24.0,29.0,34.0,38.0,40.0,57.0,61.0,81.0
78.0,13.0,30.0,47.0,16.0,30.0,68.0,19.0,5.0,9.0,12.0,21.0,24.0,28.0,33.0,36.0,40.0,59.0,77.0,81.0
111.0,38.0,120.0,82.0,45.0,20.0,40.0,20.0,3.0,9.0,13.0,21.0,24.0,28.0,34.0,36.0,40.0,59.0,77.0,81.0
150.0,211.0,120.0,64.0,281.0,10.0,136.0,105.0,2.0,10.0,13.0,22.0,24.0,28.0,34.0,38.0,40.0,42.0,77.0,81.0
75.0,2340.0,30.0,31.0,3380.0,30.0,90.0,100.0,1.0,9.0,16.0,21.0,25.0,29.0,34.0,38.0,41.0,43.0,60.0,81.0
88.0,3780.0,30.0,46.0,5460.0,30.0,60.0,70.0,1.0,10.0,16.0,23.0,25.0,28.0,34.0,37.0,41.0,42.0,72.0,81.0
85.0,119.0,120.0,61.0,136.0,20.0,91.0,40.0,2.0,10.0,13.0,21.0,26.0,30.0,34.0,36.0,40.0,58.0,79.0,81.0
149.0,40.0,30.0,73.0,43.0,10.0,90.0,48.0,1.0,9.0,11.0,21.0,25.0,30.0,34.0,37.0,40.0,43.0,60.0,81.0
225.0,99.0,60.0,170.0,108.0,20.0,208.0,100.0,3.0,9.0,13.0,21.0,25.0,30.0,34.0,37.0,40.0,59.0,61.0,81.0
344.0,79.0,60.0,236.0,91.0,30.0,234.0,84.0,3.0,9.0,11.0,21.0,25.0,31.0,33.0,37.0,40.0,43.0,76.0,81.0
159.0,176.0,120.0,62.0,218.0,20.0,170.0,143.0,0.0,10.0,13.0,22.0,24.0,28.0,34.0,38.0,40.0,57.0,60.0,81.0
174.0,17.0,120.0,60.0,31.0,10.0,170.0,76.0,0.0,10.0,16.0,21.0,24.0,28.0,34.0,38.0,40.0,57.0,60.0,81.0
49.0,122.0,60.0,28.0,133.0,10.0,40.0,20.0,1.0,9.0,18.0,21.0,25.0,28.0,33.0,37.0,40.0,57.0,79.0,82.0
194.0,74.0,120.0,95.0,99.0,10.0,0.0,0.0,2.0,9.0,11.0,21.0,25.0,28.0,34.0,39.0,40.0,42.0,79.0,81.0
102.0,122.0,120.0,44.0,167.0,10.0,90.0,48.0,2.0,10.0,13.0,22.0,24.0,29.0,34.0,38.0,40.0,42.0,61.0,81.0
177.0,20.0,60.0,128.0,23.0,10.0,1560.0,13.0,0.0,9.0,12.0,21.0,25.0,27.0,33.0,36.0,40.0,42.0,72.0,81.0
236.0,111.0,60.0,71.0,128.0,20.0,270.0,208.0,3.0,9.0,13.0,21.0,25.0,31.0,34.0,37.0,40.0,59.0,60.0,81.0
61.0,33.0,60.0,28.0,42.0,10.0,40.0,30.0,0.0,9.0,13.0,22.0,24.0,28.0,34.0,38.0,40.0,59.0,77.0,81.0
130.0,74.0,60.0,75.0,94.0,30.0,110.0,55.0,2.0,10.0,11.0,23.0,25.0,28.0,34.0,37.0,40.0,43.0,60.0,81.0
101.0,135.0,120.0,55.0,175.0,20.0,0.0,0.0,0.0,9.0,18.0,21.0,25.0,27.0,33.0,36.0,40.0,52.0,60.0,81.0
103.0,50.0,60.0,31.0,63.0,10.0,56.0,35.0,0.0,9.0,13.0,21.0,24.0,27.0,34.0,36.0,40.0,57.0,61.0,81.0
131.0,2600.0,120.0,57.0,4160.0,10.0,117.0,65.0,4.0,9.0,16.0,23.0,25.0,29.0,34.0,37.0,41.0,43.0,60.0,82.0
172.0,73.0,30.0,119.0,81.0,10.0,168.0,110.0,0.0,10.0,11.0,21.0,25.0,28.0,33.0,37.0,40.0,43.0,72.0,82.0
174.0,82.0,60.0,83.0,105.0,30.0,143.0,52.0,2.0,10.0,11.0,21.0,25.0,28.0,33.0,37.0,40.0,59.0,61.0,81.0
213.0,47.0,60.0,76.0,53.0,20.0,0.0,0.0,0.0,9.0,11.0,21.0,25.0,28.0,33.0,36.0,40.0,57.0,60.0,81.0
190.0,184.0,120.0,100.0,189.0,30.0,100.0,65.0,2.0,10.0,13.0,22.0,25.0,29.0,34.0,38.0,40.0,43.0,60.0,81.0
236.0,189.0,120.0,81.0,225.0,20.0,152.0,92.0,3.0,10.0,13.0,23.0,24.0,31.0,34.0,36.0,40.0,59.0,60.0,81.0
262.0,189.0,120.0,101.0,237.0,20.0,176.0,116.0,2.0,10.0,13.0,22.0,24.0,29.0,34.0,38.0,40.0,42.0,79.0,81.0
103.0,42.0,120.0,34.0,65.0,10.0,91.0,58.0,0.0,10.0,11.0,22.0,24.0,29.0,34.0,38.0,40.0,57.0,61.0,81.0
106.0,54.0,120.0,41.0,68.0,20.0,72.0,48.0,2.0,10.0,11.0,22.0,24.0,29.0,34.0,38.0,40.0,43.0,60.0,81.0
200.0,94.0,120.0,63.0,133.0,10.0,250.0,104.0,3.0,10.0,11.0,21.0,24.0,30.0,33.0,37.0,40.0,42.0,79.0,81.0
379.0,212.0,120.0,250.0,231.0,20.0,364.0,170.0,3.0,9.0,13.0,21.0,25.0,28.0,34.0,37.0,40.0,59.0,76.0,81.0
114.0,80.0,60.0,55.0,90.0,20.0,156.0,85.0,2.0,9.0,13.0,22.0,25.0,28.0,34.0,37.0,40.0,43.0,79.0,81.0
172.0,106.0,120.0,64.0,122.0,20.0,221.0,105.0,2.0,10.0,11.0,22.0,24.0,28.0,34.0,37.0,40.0,57.0,60.0,81.0
237.0,58.0,60.0,151.0,64.0,30.0,169.0,80.0,3.0,9.0,11.0,21.0,25.0,29.0,34.0,37.0,40.0,57.0,74.0,81.0
193.0,88.0,60.0,50.0,105.0,10.0,136.0,105.0,2.0,10.0,11.0,23.0,25.0,28.0,34.0,37.0,40.0,42.0,77.0,81.0
162.0,84.0,30.0,64.0,118.0,20.0,88.0,76.0,0.0,10.0,11.0,22.0,25.0,29.0,33.0,38.0,40.0,52.0,61.0,81.0
236.0,103.0,60.0,89.0,123.0,20.0,210.0,143.0,3.0,9.0,13.0,21.0,24.0,30.0,34.0,37.0,40.0,54.0,77.0,81.0
69.0,52.0,60.0,47.0,65.0,10.0,78.0,39.0,1.0,10.0,13.0,22.0,25.0,28.0,33.0,37.0,40.0,57.0,79.0,81.0
226.0,89.0,60.0,89.0,94.0,20.0,168.0,52.0,2.0,9.0,14.0,21.0,24.0,28.0,33.0,36.0,40.0,42.0,79.0,81.0
96.0,68.0,60.0,72.0,83.0,30.0,70.0,50.0,2.0,9.0,13.0,21.0,26.0,29.0,33.0,36.0,40.0,58.0,79.0,81.0
216.0,94.0,120.0,116.0,109.0,30.0,136.0,169.0,2.0,10.0,11.0,20.0,25.0,31.0,34.0,38.0,40.0,42.0,77.0,81.0
191.0,99.0,120.0,152.0,108.0,30.0,112.0,117.0,3.0,9.0,13.0,21.0,25.0,30.0,34.0,38.0,40.0,57.0,60.0,81.0
203.0,74.0,30.0,83.0,105.0,10.0,130.0,72.0,2.0,10.0,11.0,23.0,24.0,31.0,34.0,38.0,40.0,43.0,72.0,81.0
90.0,2600.0,30.0,77.0,3380.0,30.0,117.0,44.0,0.0,9.0,16.0,23.0,25.0,30.0,34.0,37.0,41.0,59.0,65.0,82.0
200.0,105.0,30.0,113.0,137.0,20.0,160.0,96.0,2.0,10.0,11.0,22.0,24.0,28.0,34.0,38.0,40.0,42.0,77.0,81.0
72.0,63.0,60.0,41.0,97.0,10.0,0.0,0.0,0.0,10.0,13.0,22.0,24.0,28.0,34.0,38.0,40.0,42.0,72.0,81.0
57.0,3780.0,120.0,38.0,5040.0,30.0,78.0,120.0,1.0,10.0,16.0,21.0,25.0,29.0,34.0,38.0,41.0,57.0,79.0,81.0
239.0,97.0,120.0,96.0,116.0,20.0,136.0,80.0,2.0,9.0,13.0,22.0,25.0,29.0,34.0,37.0,40.0,43.0,72.0,81.0
391.0,68.0,30.0,273.0,72.0,30.0,128.0,104.0,3.0,9.0,11.0,21.0,24.0,29.0,34.0,37.0,40.0,47.0,78.0,81.0
215.0,62.0,120.0,135.0,64.0,30.0,150.0,65.0,1.0,9.0,11.0,21.0,24.0,29.0,33.0,37.0,40.0,46.0,65.0,82.0
95.0,15.0,30.0,37.0,19.0,30.0,0.0,0.0,2.0,9.0,12.0,21.0,25.0,27.0,33.0,39.0,40.0,43.0,77.0,82.0
352.0,84.0,120.0,120.0,88.0,30.0,220.0,125.0,3.0,9.0,11.0,21.0,25.0,28.0,33.0,37.0,40.0,52.0,77.0,81.0
255.0,52.0,60.0,95.0,62.0,10.0,112.0,85.0,3.0,9.0,11.0,21.0,25.0,31.0,34.0,36.0,40.0,43.0,70.0,81.0
305.0,64.0,60.0,121.0,78.0,10.0,0.0,0.0,6.0,9.0,11.0,21.0,24.0,28.0,34.0,39.0,40.0,59.0,60.0,81.0
106.0,70.0,30.0,41.0,83.0,10.0,80.0,36.0,2.0,9.0,13.0,21.0,24.0,29.0,34.0,37.0,40.0,42.0,61.0,81.0
132.0,75.0,60.0,81.0,90.0,10.0,143.0,84.0,2.0,9.0,13.0,22.0,25.0,29.0,33.0,37.0,40.0,43.0,72.0,81.0
120.0,58.0,60.0,69.0,74.0,10.0,117.0,78.0,0.0,10.0,11.0,22.0,25.0,28.0,34.0,37.0,40.0,42.0,61.0,81.0
201.0,181.0,60.0,151.0,194.0,20.0,247.0,155.0,2.0,10.0,13.0,22.0,25.0,29.0,34.0,38.0,40.0,54.0,79.0,81.0
190.0,94.0,30.0,111.0,109.0,30.0,160.0,110.0,3.0,10.0,11.0,21.0,25.0,29.0,34.0,38.0,40.0,47.0,77.0,81.0
103.0,25.0,120.0,34.0,38.0,10.0,91.0,52.0,3.0,9.0,11.0,23.0,24.0,30.0,34.0,38.0,40.0,43.0,77.0,81.0
264.0,109.0,30.0,103.0,122.0,10.0,200.0,120.0,2.0,10.0,11.0,23.0,24.0,29.0,34.0,38.0,40.0,47.0,79.0,81.0
184.0,56.0,30.0,97.0,78.0,20.0,128.0,88.0,3.0,9.0,11.0,21.0,24.0,28.0,34.0,38.0,40.0,57.0,63.0,81.0
220.0,58.0,30.0,150.0,70.0,20.0,140.0,123.0,2.0,9.0,11.0,22.0,25.0,30.0,34.0,38.0,40.0,43.0,79.0,81.0
137.0,3120.0,30.0,86.0,4160.0,20.0,100.0,78.0,4.0,9.0,16.0,21.0,25.0,29.0,33.0,37.0,41.0,43.0,72.0,82.0
262.0,144.0,30.0,161.0,194.0,20.0,192.0,120.0,3.0,9.0,13.0,21.0,25.0,30.0,34.0,37.0,40.0,55.0,79.0,81.0
182.0,252.0,60.0,71.0,281.0,10.0,190.0,92.0,3.0,10.0,13.0,23.0,24.0,31.0,34.0,36.0,40.0,59.0,60.0,81.0
139.0,2600.0,120.0,77.0,4160.0,10.0,0.0,0.0,0.0,9.0,16.0,21.0,24.0,29.0,33.0,37.0,41.0,42.0,65.0,82.0
227.0,53.0,60.0,77.0,64.0,10.0,136.0,90.0,3.0,9.0,11.0,21.0,24.0,28.0,34.0,37.0,40.0,42.0,77.0,81.0
64.0,211.0,60.0,41.0,376.0,30.0,48.0,39.0,1.0,9.0,18.0,22.0,25.0,28.0,33.0,37.0,40.0,59.0,77.0,82.0
124.0,36.0,30.0,69.0,42.0,10.0,72.0,60.0,1.0,9.0,11.0,21.0,25.0,30.0,34.0,37.0,40.0,43.0,60.0,81.0
200.0,111.0,120.0,63.0,156.0,10.0,210.0,100.0,3.0,9.0,13.0,21.0,25.0,28.0,34.0,37.0,40.0,59.0,60.0,81.0
226.0,45.0,120.0,112.0,80.0,10.0,170.0,76.0,4.0,9.0,15.0,23.0,25.0,30.0,34.0,37.0,40.0,57.0,60.0,81.0
1049.0,239.0,120.0,760.0,281.0,20.0,216.0,132.0,3.0,10.0,13.0,21.0,25.0,29.0,34.0,38.0,40.0,59.0,73.0,81.0
131.0,58.0,60.0,80.0,68.0,10.0,143.0,91.0,2.0,10.0,11.0,21.0,24.0,30.0,34.0,37.0,40.0,59.0,61.0,81.0
254.0,112.0,120.0,106.0,137.0,20.0,280.0,286.0,2.0,10.0,11.0,23.0,25.0,29.0,34.0,38.0,40.0,52.0,77.0,81.0
287.0,2340.0,60.0,75.0,3120.0,20.0,0.0,0.0,2.0,9.0,16.0,21.0,24.0,27.0,34.0,39.0,41.0,57.0,72.0,81.0
84.0,50.0,30.0,68.0,80.0,20.0,0.0,0.0,0.0,9.0,15.0,21.0,25.0,31.0,34.0,36.0,40.0,59.0,78.0,81.0
184.0,99.0,120.0,90.0,118.0,20.0,170.0,162.0,3.0,10.0,11.0,21.0,24.0,28.0,34.0,37.0,40.0,57.0,60.0,81.0
99.0,2600.0,60.0,27.0,3380.0,10.0,0.0,0.0,0.0,9.0,16.0,22.0,25.0,29.0,33.0,38.0,41.0,42.0,61.0,81.0
207.0,79.0,30.0,92.0,86.0,10.0,0.0,0.0,2.0,9.0,11.0,21.0,24.0,27.0,34.0,36.0,40.0,59.0,60.0,81.0
292.0,134.0,120.0,130.0,156.0,30.0,325.0,132.0,3.0,9.0,13.0,21.0,24.0,28.0,33.0,37.0,40.0,52.0,79.0,81.0
236.0,252.0,120.0,63.0,266.0,30.0,190.0,115.0,3.0,10.0,13.0,23.0,24.0,31.0,34.0,36.0,40.0,59.0,60.0,81.0
133.0,5040.0,30.0,57.0,5460.0,30.0,96.0,97.0,0.0,10.0,16.0,21.0,25.0,29.0,34.0,38.0,41.0,43.0,60.0,81.0
126.0,3120.0,30.0,80.0,3120.0,10.0,104.0,208.0,0.0,9.0,16.0,23.0,26.0,28.0,34.0,38.0,41.0,42.0,61.0,81.0
150.0,94.0,60.0,92.0,94.0,20.0,88.0,56.0,2.0,10.0,11.0,22.0,25.0,29.0,34.0,38.0,40.0,43.0,69.0,81.0
97.0,74.0,60.0,44.0,116.0,30.0,0.0,0.0,2.0,10.0,13.0,21.0,24.0,28.0,33.0,37.0,40.0,52.0,60.0,81.0
275.0,122.0,60.0,117.0,178.0,30.0,260.0,120.0,2.0,10.0,11.0,22.0,24.0,29.0,34.0,38.0,40.0,52.0,79.0,81.0
267.0,284.0,120.0,140.0,374.0,10.0,200.0,160.0,2.0,10.0,13.0,22.0,25.0,30.0,34.0,38.0,40.0,57.0,72.0,81.0
51.0,19.0,30.0,28.0,22.0,10.0,65.0,39.0,0.0,9.0,11.0,21.0,24.0,29.0,33.0,36.0,40.0,59.0,77.0,81.0
125.0,81.0,120.0,95.0,91.0,30.0,195.0,76.0,2.0,9.0,13.0,21.0,25.0,29.0,34.0,37.0,40.0,57.0,60.0,81.0
42.0,174.0,60.0,23.0,209.0,20.0,52.0,84.0,1.0,10.0,19.0,23.0,25.0,31.0,34.0,38.0,40.0,57.0,79.0,82.0
174.0,60.0,30.0,106.0,70.0,10.0,182.0,97.0,3.0,9.0,11.0,21.0,24.0,28.0,34.0,37.0,40.0,52.0,61.0,81.0
101.0,26.0,60.0,43.0,38.0,30.0,0.0,0.0,2.0,9.0,11.0,21.0,25.0,28.0,33.0,36.0,40.0,52.0,60.0,81.0
233.0,46.0,60.0,142.0,53.0,10.0,88.0,75.0,3.0,9.0,11.0,21.0,24.0,31.0,34.0,36.0,40.0,43.0,69.0,81.0
184.0,67.0,30.0,91.0,72.0,10.0,208.0,143.0,3.0,9.0,11.0,21.0,24.0,28.0,34.0,38.0,40.0,57.0,63.0,81.0
188.0,133.0,120.0,80.0,149.0,20.0,208.0,105.0,3.0,9.0,13.0,21.0,24.0,28.0,34.0,37.0,40.0,57.0,60.0,81.0
164.0,26.0,30.0,83.0,28.0,30.0,0.0,0.0,3.0,9.0,12.0,21.0,25.0,27.0,33.0,36.0,40.0,43.0,77.0,81.0
232.0,166.0,60.0,87.0,189.0,20.0,150.0,104.0,2.0,10.0,13.0,22.0,24.0,28.0,34.0,37.0,40.0,42.0,77.0,81.0
189.0,4200.0,30.0,78.0,6720.0,20.0,132.0,132.0,0.0,10.0,16.0,21.0,25.0,29.0,34.0,38.0,41.0,42.0,79.0,81.0
100.0,30.0,60.0,28.0,38.0,10.0,0.0,0.0,0.0,9.0,14.0,22.0,25.0,28.0,34.0,37.0,40.0,57.0,61.0,81.0
264.0,64.0,120.0,185.0,72.0,20.0,190.0,156.0,3.0,9.0,11.0,21.0,24.0,29.0,34.0,38.0,40.0,52.0,65.0,81.0
130.0,54.0,120.0,102.0,68.0,10.0,0.0,0.0,1.0,10.0,11.0,21.0,25.0,28.0,34.0,39.0,40.0,48.0,79.0,82.0
177.0,2340.0,30.0,76.0,3380.0,30.0,0.0,0.0,0.0,9.0,16.0,23.0,25.0,28.0,34.0,37.0,41.0,59.0,60.0,81.0
197.0,54.0,120.0,142.0,57.0,20.0,234.0,65.0,2.0,9.0,11.0,21.0,26.0,28.0,33.0,39.0,40.0,50.0,61.0,81.0
164.0,108.0,30.0,68.0,118.0,10.0,208.0,123.0,3.0,10.0,11.0,21.0,25.0,30.0,34.0,37.0,40.0,42.0,77.0,81.0
83.0,4200.0,60.0,40.0,5040.0,20.0,104.0,55.0,2.0,10.0,16.0,21.0,25.0,30.0,33.0,39.0,41.0,43.0,77.0,82.0
85.0,3120.0,120.0,30.0,3380.0,20.0,0.0,0.0,0.0,9.0,16.0,22.0,25.0,29.0,33.0,38.0,41.0,42.0,61.0,81.0
92.0,179.0,120.0,31.0,286.0,10.0,78.0,39.0,0.0,9.0,18.0,22.0,25.0,27.0,34.0,39.0,40.0,52.0,75.0,82.0
87.0,26.0,60.0,46.0,32.0,20.0,104.0,45.0,3.0,9.0,11.0,21.0,24.0,31.0,34.0,39.0,40.0,43.0,77.0,81.0
210.0,83.0,60.0,118.0,118.0,30.0,136.0,201.0,2.0,10.0,11.0,21.0,25.0,29.0,34.0,38.0,40.0,42.0,77.0,81.0
107.0,2220.0,60.0,59.0,2405.0,10.0,0.0,0.0,1.0,9.0,17.0,22.0,25.0,27.0,33.0,36.0,41.0,42.0,61.0,82.0
176.0,81.0,30.0,120.0,88.0,30.0,247.0,92.0,2.0,10.0,11.0,22.0,25.0,29.0,34.0,38.0,40.0,43.0,72.0,81.0
230.0,90.0,120.0,117.0,112.0,10.0,247.0,201.0,0.0,10.0,11.0,23.0,24.0,29.0,34.0,38.0,40.0,59.0,67.0,81.0
283.0,112.0,120.0,162.0,137.0,30.0,192.0,182.0,2.0,10.0,11.0,22.0,24.0,29.0,34.0,38.0,40.0,52.0,77.0,81.0
109.0,4200.0,60.0,39.0,5460.0,10.0,48.0,70.0,1.0,10.0,16.0,23.0,25.0,28.0,34.0,37.0,41.0,42.0,72.0,81.0
103.0,63.0,60.0,92.0,80.0,30.0,90.0,55.0,0.0,9.0,13.0,21.0,24.0,28.0,34.0,37.0,40.0,59.0,65.0,81.0
96.0,2340.0,60.0,27.0,3120.0,20.0,70.0,71.0,2.0,9.0,16.0,22.0,25.0,29.0,33.0,38.0,41.0,57.0,61.0,81.0
46.0,44.0,120.0,22.0,53.0,20.0,0.0,0.0,2.0,9.0,13.0,21.0,26.0,27.0,34.0,36.0,40.0,57.0,79.0,81.0
61.0,24.0,30.0,35.0,28.0,30.0,0.0,0.0,2.0,9.0,11.0,21.0,25.0,28.0,34.0,36.0,40.0,57.0,79.0,82.0
249.0,144.0,60.0,131.0,165.0,20.0,338.0,155.0,3.0,9.0,13.0,21.0,24.0,28.0,34.0,36.0,40.0,52.0,79.0,81.0
126.0,136.0,30.0,62.0,147.0,10.0,100.0,44.0,2.0,10.0,13.0,22.0,24.0,30.0,34.0,38.0,40.0,43.0,60.0,81.0
124.0,48.0,60.0,66.0,49.0,20.0,72.0,48.0,1.0,9.0,11.0,21.0,25.0,30.0,34.0,37.0,40.0,43.0,60.0,81.0
220.0,3480.0,60.0,84.0,4640.0,30.0,0.0,0.0,2.0,10.0,17.0,21.0,25.0,31.0,33.0,36.0,41.0,51.0,61.0,81.0
171.0,5040.0,120.0,89.0,5040.0,30.0,0.0,0.0,2.0,10.0,16.0,21.0,25.0,30.0,33.0,39.0,41.0,58.0,61.0,82.0
128.0,36.0,60.0,77.0,43.0,10.0,143.0,91.0,2.0,9.0,11.0,21.0,25.0,31.0,33.0,37.0,40.0,43.0,60.0,81.0
125.0,72.0,30.0,78.0,76.0,10.0,130.0,91.0,2.0,10.0,11.0,23.0,24.0,30.0,34.0,38.0,40.0,43.0,77.0,81.0
144.0,91.0,60.0,92.0,116.0,30.0,120.0,80.0,2.0,9.0,13.0,21.0,24.0,28.0,34.0,37.0,40.0,43.0,60.0,81.0
238.0,89.0,30.0,130.0,105.0,10.0,0.0,0.0,2.0,10.0,11.0,21.0,25.0,30.0,33.0,37.0,40.0,47.0,77.0,82.0
197.0,37.0,120.0,78.0,44.0,20.0,0.0,0.0,2.0,9.0,12.0,21.0,24.0,27.0,34.0,39.0,40.0,42.0,79.0,81.0
127.0,82.0,120.0,72.0,88.0,20.0,117.0,50.0,3.0,10.0,11.0,21.0,25.0,29.0,33.0,37.0,40.0,42.0,61.0,81.0
166.0,39.0,60.0,83.0,45.0,20.0,110.0,104.0,3.0,9.0,11.0,21.0,25.0,30.0,34.0,39.0,40.0,42.0,61.0,81.0
288.0,101.0,30.0,105.0,140.0,20.0,286.0,155.0,2.0,10.0,11.0,22.0,25.0,28.0,34.0,39.0,40.0,55.0,79.0,81.0
116.0,2600.0,120.0,49.0,4160.0,10.0,0.0,0.0,2.0,9.0,16.0,21.0,25.0,29.0,34.0,37.0,41.0,52.0,60.0,82.0
300.0,118.0,30.0,135.0,133.0,10.0,180.0,132.0,2.0,10.0,11.0,21.0,25.0,29.0,34.0,39.0,40.0,55.0,79.0,81.0
244.0,74.0,60.0,105.0,94.0,30.0,260.0,84.0,3.0,9.0,11.0,21.0,24.0,28.0,33.0,36.0,40.0,42.0,78.0,81.0
201.0,218.0,60.0,103.0,245.0,20.0,260.0,130.0,2.0,10.0,13.0,22.0,24.0,29.0,34.0,38.0,40.0,59.0,64.0,81.0
188.0,227.0,60.0,74.0,245.0,20.0,160.0,108.0,2.0,10.0,13.0,21.0,25.0,28.0,34.0,39.0,40.0,42.0,77.0,81.0
222.0,109.0,30.0,85.0,133.0,30.0,260.0,120.0,2.0,10.0,11.0,23.0,24.0,29.0,34.0,38.0,40.0,47.0,79.0,81.0
157.0,166.0,30.0,73.0,210.0,30.0,170.0,125.0,2.0,10.0,13.0,22.0,24.0,29.0,34.0,38.0,40.0,57.0,60.0,81.0
164.0,211.0,60.0,50.0,225.0,20.0,136.0,100.0,2.0,10.0,13.0,22.0,25.0,29.0,34.0,37.0,40.0,57.0,60.0,81.0
146.0,36.0,30.0,44.0,50.0,20.0,0.0,0.0,2.0,9.0,11.0,21.0,25.0,29.0,33.0,37.0,40.0,59.0,61.0,81.0
237.0,152.0,30.0,144.0,184.0,20.0,208.0,110.0,2.0,10.0,13.0,22.0,24.0,29.0,34.0,38.0,40.0,57.0,67.0,81.0
85.0,31.0,60.0,34.0,46.0,30.0,72.0,78.0,3.0,9.0,11.0,21.0,25.0,30.0,33.0,36.0,40.0,42.0,61.0,81.0
148.0,40.0,30.0,96.0,46.0,10.0,96.0,70.0,2.0,9.0,11.0,22.0,25.0,29.0,34.0,39.0,40.0,43.0,75.0,81.0
301.0,119.0,120.0,159.0,139.0,20.0,168.0,96.0,3.0,9.0,13.0,21.0,25.0,30.0,33.0,36.0,40.0,57.0,72.0,81.0
277.0,109.0,120.0,177.0,122.0,30.0,136.0,130.0,3.0,10.0,11.0,21.0,25.0,30.0,33.0,39.0,40.0,42.0,78.0,81.0
138.0,72.0,60.0,68.0,90.0,10.0,156.0,91.0,2.0,9.0,13.0,21.0,25.0,31.0,34.0,36.0,40.0,59.0,61.0,81.0
92.0,60.0,30.0,34.0,74.0,30.0,104.0,48.0,2.0,10.0,11.0,21.0,24.0,29.0,34.0,38.0,40.0,43.0,60.0,81.0
51.0,15.0,60.0,28.0,23.0,30.0,0.0,0.0,1.0,10.0,12.0,22.0,25.0,29.0,34.0,38.0,40.0,59.0,77.0,82.0
101.0,29.0,30.0,48.0,34.0,10.0,0.0,0.0,0.0,9.0,11.0,22.0,25.0,28.0,34.0,37.0,40.0,52.0,74.0,82.0
89.0,25.0,120.0,38.0,29.0,30.0,56.0,26.0,2.0,9.0,11.0,21.0,24.0,30.0,33.0,37.0,40.0,43.0,77.0,81.0
152.0,184.0,60.0,76.0,218.0,30.0,169.0,56.0,0.0,10.0,13.0,21.0,24.0,29.0,34.0,37.0,40.0,43.0,60.0,81.0
270.0,118.0,30.0,227.0,116.0,10.0,182.0,123.0,3.0,9.0,13.0,21.0,24.0,28.0,33.0,37.0,40.0,59.0,61.0,81.0
183.0,178.0,60.0,89.0,245.0,30.0,152.0,162.0,3.0,10.0,13.0,21.0,25.0,29.0,33.0,38.0,40.0,57.0,60.0,81.0
257.0,220.0,120.0,95.0,266.0,30.0,416.0,148.0,2.0,10.0,13.0,22.0,24.0,28.0,34.0,38.0,40.0,52.0,79.0,81.0
125.0,96.0,60.0,44.0,99.0,20.0,88.0,64.0,3.0,9.0,13.0,21.0,24.0,29.0,34.0,37.0,40.0,59.0,61.0,81.0
150.0,52.0,60.0,64.0,57.0,20.0,221.0,105.0,2.0,9.0,11.0,20.0,24.0,29.0,34.0,35.0,40.0,57.0,60.0,81.0
159.0,1665.0,60.0,119.0,2960.0,30.0,0.0,0.0,2.0,9.0,17.0,21.0,25.0,27.0,34.0,36.0,41.0,52.0,61.0,82.0
160.0,68.0,60.0,132.0,76.0,20.0,90.0,84.0,3.0,9.0,13.0,21.0,25.0,28.0,34.0,36.0,40.0,59.0,65.0,81.0
334.0,144.0,120.0,122.0,215.0,10.0,338.0,182.0,3.0,9.0,13.0,21.0,24.0,29.0,34.0,38.0,40.0,59.0,75.0,81.0
132.0,64.0,60.0,81.0,76.0,10.0,169.0,97.0,2.0,10.0,11.0,21.0,24.0,30.0,34.0,38.0,40.0,52.0,61.0,81.0
76.0,268.0,60.0,47.0,357.0,30.0,0.0,0.0,1.0,9.0,18.0,21.0,25.0,28.0,34.0,37.0,40.0,57.0,79.0,81.0
128.0,89.0,60.0,65.0,97.0,10.0,130.0,80.0,2.0,10.0,11.0,20.0,24.0,30.0,34.0,35.0,40.0,43.0,79.0,81.0
119.0,2220.0,60.0,75.0,2405.0,10.0,0.0,0.0,6.0,9.0,17.0,21.0,25.0,27.0,34.0,36.0,41.0,42.0,61.0,82.0
114.0,2340.0,60.0,66.0,4160.0,30.0,72.0,78.0,4.0,9.0,16.0,23.0,25.0,28.0,34.0,36.0,41.0,43.0,60.0,82.0
114.0,38.0,120.0,56.0,50.0,10.0,100.0,40.0,3.0,9.0,11.0,21.0,24.0,28.0,33.0,37.0,40.0,47.0,61.0,81.0
66.0,3120.0,30.0,43.0,3120.0,10.0,0.0,0.0,1.0,9.0,16.0,23.0,25.0,29.0,34.0,38.0,41.0,57.0,79.0,81.0
245.0,134.0,60.0,104.0,161.0,10.0,230.0,96.0,2.0,10.0,11.0,21.0,25.0,30.0,34.0,38.0,40.0,57.0,72.0,81.0
168.0,50.0,30.0,143.0,62.0,20.0,128.0,72.0,2.0,9.0,11.0,23.0,25.0,29.0,34.0,38.0,40.0,57.0,60.0,81.0
164.0,62.0,30.0,64.0,82.0,20.0,170.0,123.0,2.0,9.0,11.0,22.0,25.0,30.0,34.0,37.0,40.0,57.0,60.0,81.0
108.0,20.0,30.0,70.0,23.0,10.0,100.0,32.0,1.0,9.0,12.0,22.0,26.0,28.0,34.0,39.0,40.0,58.0,79.0,81.0
171.0,82.0,30.0,89.0,108.0,20.0,156.0,80.0,2.0,9.0,13.0,21.0,24.0,28.0,34.0,37.0,40.0,42.0,61.0,81.0
157.0,163.0,120.0,104.0,167.0,20.0,182.0,105.0,2.0,10.0,13.0,22.0,25.0,29.0,34.0,38.0,40.0,43.0,72.0,81.0
43.0,1806.0,60.0,20.0,3211.0,30.0,32.0,32.0,1.0,9.0,18.0,21.0,25.0,30.0,33.0,36.0,41.0,57.0,79.0,82.0
102.0,60.0,60.0,58.0,71.0,20.0,0.0,0.0,2.0,10.0,11.0,21.0,25.0,29.0,34.0,37.0,40.0,42.0,61.0,82.0
114.0,40.0,30.0,49.0,53.0,20.0,88.0,28.0,2.0,9.0,11.0,21.0,25.0,28.0,33.0,38.0,40.0,59.0,61.0,81.0
108.0,61.0,120.0,95.0,76.0,10.0,100.0,48.0,3.0,9.0,13.0,21.0,24.0,29.0,33.0,36.0,40.0,59.0,65.0,81.0
250.0,81.0,30.0,174.0,90.0,10.0,144.0,130.0,2.0,10.0,11.0,21.0,24.0,30.0,34.0,38.0,40.0,59.0,68.0,81.0
173.0,2340.0,30.0,90.0,4160.0,20.0,117.0,60.0,0.0,9.0,16.0,22.0,25.0,29.0,34.0,38.0,41.0,54.0,61.0,81.0
193.0,79.0,60.0,56.0,90.0,20.0,170.0,136.0,2.0,10.0,11.0,23.0,25.0,28.0,34.0,37.0,40.0,42.0,77.0,81.0
184.0,99.0,60.0,104.0,112.0,20.0,221.0,125.0,3.0,10.0,11.0,21.0,24.0,28.0,34.0,37.0,40.0,57.0,60.0,81.0
146.0,48.0,60.0,55.0,62.0,30.0,143.0,60.0,3.0,9.0,11.0,21.0,25.0,28.0,33.0,36.0,40.0,59.0,61.0,81.0
75.0,4200.0,120.0,55.0,5460.0,20.0,100.0,65.0,1.0,10.0,16.0,22.0,25.0,29.0,34.0,39.0,41.0,57.0,79.0,81.0
114.0,48.0,30.0,44.0,50.0,10.0,143.0,110.0,3.0,9.0,11.0,21.0,25.0,29.0,34.0,38.0,40.0,59.0,61.0,81.0
104.0,58.0,30.0,51.0,81.0,30.0,104.0,36.0,2.0,10.0,11.0,22.0,24.0,29.0,34.0,38.0,40.0,43.0,60.0,81.0
106.0,34.0,120.0,48.0,48.0,10.0,90.0,36.0,4.0,9.0,11.0,22.0,25.0,30.0,33.0,37.0,40.0,43.0,60.0,81.0
61.0,26.0,30.0,28.0,38.0,20.0,52.0,30.0,0.0,10.0,11.0,21.0,24.0,29.0,34.0,37.0,40.0,59.0,77.0,81.0
125.0,1665.0,30.0,81.0,2405.0,30.0,0.0,0.0,2.0,9.0,17.0,21.0,25.0,27.0,33.0,36.0,41.0,42.0,61.0,81.0
182.0,60.0,120.0,69.0,65.0,20.0,182.0,80.0,0.0,9.0,15.0,22.0,25.0,29.0,34.0,38.0,40.0,52.0,61.0,81.0
88.0,4200.0,30.0,42.0,6720.0,20.0,48.0,56.0,1.0,10.0,16.0,23.0,25.0,28.0,34.0,37.0,41.0,42.0,72.0,81.0
68.0,29.0,30.0,51.0,38.0,20.0,64.0,28.0,2.0,9.0,11.0,21.0,24.0,29.0,34.0,37.0,40.0,48.0,79.0,81.0
107.0,50.0,60.0,34.0,59.0,10.0,0.0,0.0,1.0,9.0,14.0,23.0,25.0,27.0,34.0,36.0,40.0,42.0,65.0,81.0
97.0,54.0,60.0,46.0,71.0,10.0,117.0,78.0,2.0,10.0,11.0,20.0,24.0,29.0,34.0,35.0,40.0,43.0,60.0,81.0
250.0,98.0,30.0,121.0,112.0,10.0,176.0,135.0,2.0,10.0,11.0,22.0,24.0,29.0,34.0,38.0,40.0,47.0,79.0,81.0
314.0,187.0,60.0,115.0,198.0,20.0,232.0,172.0,1.0,9.0,13.0,23.0,25.0,28.0,34.0,37.0,40.0,59.0,72.0,81.0
292.0,98.0,30.0,71.0,140.0,20.0,338.0,165.0,2.0,10.0,11.0,23.0,25.0,29.0,34.0,38.0,40.0,52.0,77.0,81.0
116.0,38.0,30.0,58.0,45.0,30.0,117.0,40.0,1.0,9.0,11.0,21.0,25.0,29.0,33.0,36.0,40.0,42.0,61.0,82.0
205.0,98.0,60.0,55.0,116.0,10.0,120.0,100.0,3.0,9.0,13.0,21.0,25.0,28.0,33.0,37.0,40.0,52.0,61.0,81.0
140.0,71.0,60.0,116.0,86.0,30.0,90.0,55.0,3.0,9.0,13.0,21.0,25.0,30.0,34.0,36.0,40.0,59.0,78.0,81.0
202.0,167.0,30.0,109.0,225.0,30.0,195.0,80.0,2.0,10.0,13.0,22.0,25.0,28.0,34.0,38.0,40.0,52.0,61.0,81.0
112.0,5040.0,30.0,72.0,5460.0,30.0,64.0,156.0,1.0,10.0,16.0,22.0,25.0,29.0,34.0,38.0,41.0,59.0,78.0,81.0
102.0,2600.0,60.0,91.0,4160.0,30.0,0.0,0.0,2.0,9.0,16.0,21.0,25.0,27.0,33.0,36.0,41.0,59.0,65.0,81.0
138.0,40.0,30.0,80.0,46.0,30.0,156.0,48.0,1.0,9.0,11.0,21.0,25.0,28.0,33.0,36.0,40.0,42.0,61.0,82.0
150.0,88.0,120.0,50.0,105.0,20.0,180.0,123.0,2.0,10.0,11.0,21.0,25.0,30.0,33.0,39.0,40.0,57.0,60.0,81.0
194.0,98.0,30.0,95.0,118.0,30.0,230.0,150.0,2.0,10.0,11.0,21.0,25.0,29.0,34.0,37.0,40.0,42.0,79.0,81.0
283.0,99.0,120.0,130.0,133.0,10.0,0.0,0.0,2.0,10.0,11.0,21.0,25.0,30.0,33.0,37.0,40.0,47.0,77.0,82.0
111.0,3120.0,120.0,70.0,4160.0,10.0,80.0,60.0,2.0,9.0,16.0,21.0,25.0,29.0,34.0,37.0,41.0,48.0,60.0,81.0
75.0,4200.0,60.0,59.0,5040.0,20.0,130.0,50.0,1.0,10.0,16.0,22.0,25.0,29.0,34.0,39.0,41.0,57.0,79.0,82.0
220.0,162.0,60.0,104.0,184.0,10.0,128.0,95.0,2.0,10.0,13.0,20.0,24.0,30.0,34.0,35.0,40.0,43.0,79.0,81.0
121.0,3120.0,120.0,49.0,3120.0,30.0,0.0,0.0,0.0,9.0,16.0,21.0,25.0,28.0,34.0,37.0,41.0,42.0,61.0,82.0
75.0,2220.0,120.0,56.0,2405.0,20.0,65.0,25.0,2.0,9.0,17.0,21.0,25.0,27.0,34.0,36.0,41.0,42.0,72.0,81.0
102.0,29.0,120.0,53.0,32.0,30.0,56.0,45.0,0.0,9.0,11.0,21.0,25.0,29.0,33.0,38.0,40.0,47.0,72.0,81.0
135.0,38.0,60.0,59.0,43.0,20.0,100.0,65.0,3.0,9.0,11.0,21.0,24.0,28.0,33.0,37.0,40.0,47.0,61.0,81.0
207.0,101.0,120.0,175.0,112.0,10.0,128.0,80.0,3.0,10.0,11.0,21.0,24.0,30.0,33.0,37.0,40.0,57.0,62.0,81.0
51.0,30.0,30.0,32.0,38.0,30.0,50.0,30.0,0.0,9.0,13.0,22.0,24.0,28.0,34.0,38.0,40.0,59.0,77.0,81.0
261.0,217.0,120.0,140.0,225.0,30.0,190.0,155.0,2.0,10.0,13.0,22.0,25.0,29.0,34.0,38.0,40.0,54.0,79.0,81.0
195.0,221.0,60.0,85.0,237.0,20.0,128.0,72.0,2.0,10.0,13.0,23.0,25.0,29.0,33.0,37.0,40.0,57.0,60.0,81.0
95.0,48.0,60.0,53.0,53.0,20.0,78.0,40.0,2.0,9.0,13.0,21.0,25.0,29.0,33.0,38.0,40.0,51.0,60.0,82.0
173.0,3120.0,30.0,93.0,3380.0,30.0,72.0,78.0,0.0,9.0,16.0,22.0,25.0,29.0,34.0,38.0,41.0,54.0,61.0,81.0
138.0,71.0,120.0,93.0,78.0,30.0,80.0,84.0,2.0,10.0,11.0,23.0,25.0,29.0,34.0,37.0,40.0,43.0,60.0,81.0
214.0,110.0,60.0,80.0,146.0,30.0,221.0,96.0,3.0,10.0,11.0,21.0,25.0,30.0,34.0,38.0,40.0,57.0,60.0,81.0
89.0,25.0,60.0,34.0,38.0,30.0,70.0,40.0,3.0,9.0,11.0,23.0,24.0,30.0,34.0,38.0,40.0,43.0,77.0,81.0
107.0,3780.0,120.0,49.0,6720.0,10.0,120.0,64.0,0.0,10.0,16.0,22.0,25.0,29.0,34.0,38.0,41.0,43.0,60.0,81.0
69.0,4200.0,30.0,43.0,5460.0,30.0,0.0,0.0,1.0,10.0,16.0,23.0,25.0,30.0,34.0,38.0,41.0,59.0,77.0,82.0
181.0,38.0,120.0,144.0,42.0,30.0,156.0,64.0,3.0,9.0,11.0,21.0,25.0,28.0,34.0,37.0,40.0,43.0,77.0,81.0
54.0,30.0,120.0,28.0,45.0,10.0,40.0,24.0,3.0,9.0,13.0,21.0,24.0,28.0,34.0,37.0,40.0,59.0,77.0,81.0
236.0,210.0,30.0,81.0,237.0,10.0,210.0,108.0,2.0,10.0,13.0,22.0,25.0,28.0,34.0,38.0,40.0,42.0,79.0,81.0
172.0,184.0,120.0,64.0,189.0,30.0,130.0,85.0,3.0,10.0,13.0,21.0,24.0,30.0,34.0,37.0,40.0,59.0,61.0,81.0
191.0,3120.0,60.0,62.0,4160.0,30.0,0.0,0.0,1.0,9.0,16.0,21.0,25.0,28.0,34.0,36.0,41.0,57.0,60.0,81.0
262.0,173.0,120.0,171.0,220.0,10.0,192.0,150.0,3.0,9.0,13.0,21.0,25.0,30.0,34.0,37.0,40.0,55.0,79.0,81.0
78.0,3120.0,30.0,27.0,3120.0,10.0,0.0,0.0,0.0,9.0,16.0,22.0,25.0,29.0,33.0,38.0,41.0,42.0,61.0,81.0
108.0,68.0,120.0,67.0,78.0,20.0,100.0,78.0,2.0,10.0,11.0,22.0,24.0,29.0,34.0,38.0,40.0,43.0,60.0,81.0
146.0,96.0,60.0,55.0,123.0,30.0,156.0,64.0,2.0,9.0,13.0,20.0,24.0,30.0,34.0,35.0,40.0,59.0,61.0,81.0
157.0,72.0,120.0,66.0,90.0,20.0,88.0,56.0,3.0,9.0,13.0,21.0,24.0,31.0,34.0,37.0,40.0,59.0,61.0,81.0
88.0,32.0,120.0,83.0,36.0,20.0,0.0,0.0,1.0,9.0,11.0,21.0,25.0,29.0,34.0,36.0,40.0,59.0,65.0,81.0
305.0,158.0,60.0,228.0,172.0,10.0,190.0,84.0,3.0,9.0,13.0,21.0,24.0,30.0,34.0,37.0,40.0,57.0,72.0,81.0
97.0,97.0,120.0,44.0,99.0,20.0,234.0,100.0,2.0,10.0,11.0,21.0,25.0,31.0,33.0,39.0,40.0,52.0,61.0,81.0
187.0,68.0,60.0,146.0,76.0,10.0,182.0,123.0,2.0,10.0,11.0,22.0,25.0,29.0,34.0,37.0,40.0,52.0,68.0,81.0
168.0,85.0,30.0,119.0,92.0,20.0,150.0,117.0,2.0,10.0,11.0,22.0,25.0,29.0,34.0,39.0,40.0,43.0,72.0,81.0
110.0,42.0,60.0,62.0,49.0,10.0,0.0,0.0,0.0,9.0,11.0,22.0,25.0,28.0,33.0,36.0,40.0,43.0,60.0,82.0
49.0,83.0,120.0,27.0,100.0,30.0,0.0,0.0,1.0,10.0,15.0,22.0,25.0,28.0,33.0,37.0,40.0,59.0,77.0,81.0
249.0,52.0,60.0,149.0,64.0,10.0,234.0,130.0,0.0,9.0,11.0,21.0,25.0,28.0,34.0,37.0,40.0,57.0,69.0,81.0
238.0,119.0,120.0,151.0,132.0,30.0,273.0,96.0,3.0,9.0,13.0,21.0,25.0,30.0,33.0,36.0,40.0,57.0,72.0,81.0
106.0,70.0,120.0,68.0,92.0,10.0,0.0,0.0,0.0,10.0,14.0,21.0,25.0,30.0,34.0,38.0,40.0,54.0,72.0,81.0
168.0,41.0,60.0,120.0,49.0,10.0,143.0,78.0,1.0,9.0,11.0,21.0,25.0,29.0,34.0,37.0,40.0,43.0,60.0,81.0
391.0,51.0,30.0,270.0,64.0,20.0,208.0,80.0,3.0,9.0,11.0,21.0,24.0,29.0,34.0,37.0,40.0,47.0,78.0,81.0
102.0,78.0,60.0,57.0,88.0,10.0,90.0,48.0,2.0,10.0,11.0,20.0,24.0,31.0,34.0,35.0,40.0,43.0,60.0,81.0
168.0,111.0,120.0,74.0,132.0,20.0,180.0,123.0,1.0,9.0,13.0,21.0,25.0,28.0,33.0,37.0,40.0,57.0,60.0,81.0
131.0,43.0,30.0,62.0,49.0,30.0,0.0,0.0,0.0,9.0,11.0,22.0,25.0,29.0,33.0,37.0,40.0,42.0,61.0,81.0
131.0,108.0,120.0,75.0,132.0,10.0,96.0,70.0,3.0,9.0,13.0,21.0,25.0,28.0,34.0,37.0,40.0,59.0,61.0,81.0
184.0,43.0,30.0,102.0,56.0,20.0,169.0,80.0,2.0,9.0,11.0,22.0,25.0,29.0,34.0,38.0,40.0,42.0,61.0,81.0
167.0,93.0,120.0,53.0,132.0,10.0,170.0,84.0,2.0,9.0,13.0,22.0,25.0,30.0,33.0,37.0,40.0,57.0,60.0,81.0
182.0,105.0,120.0,63.0,122.0,20.0,190.0,182.0,3.0,10.0,11.0,21.0,25.0,30.0,34.0,37.0,40.0,59.0,60.0,81.0
52.0,92.0,60.0,30.0,133.0,10.0,52.0,32.0,1.0,9.0,18.0,21.0,25.0,28.0,33.0,37.0,40.0,57.0,79.0,81.0
85.0,60.0,60.0,41.0,71.0,20.0,117.0,60.0,2.0,10.0,11.0,22.0,25.0,30.0,34.0,38.0,40.0,43.0,60.0,81.0
196.0,11.0,60.0,115.0,14.0,20.0,140.0,110.0,3.0,9.0,16.0,21.0,25.0,29.0,34.0,38.0,40.0,43.0,72.0,81.0
209.0,89.0,60.0,106.0,112.0,30.0,156.0,60.0,3.0,10.0,11.0,21.0,24.0,30.0,34.0,37.0,40.0,59.0,61.0,81.0
185.0,58.0,30.0,144.0,57.0,10.0,169.0,130.0,3.0,9.0,11.0,21.0,25.0,29.0,34.0,37.0,40.0,57.0,74.0,81.0
92.0,74.0,30.0,36.0,97.0,30.0,78.0,28.0,3.0,10.0,13.0,21.0,24.0,29.0,34.0,38.0,40.0,42.0,72.0,81.0
159.0,88.0,30.0,69.0,108.0,30.0,150.0,100.0,3.0,9.0,13.0,21.0,25.0,28.0,33.0,37.0,40.0,52.0,61.0,81.0
104.0,145.0,30.0,82.0,167.0,20.0,80.0,104.0,0.0,10.0,13.0,22.0,25.0,29.0,34.0,38.0,40.0,58.0,79.0,82.0
173.0,44.0,60.0,127.0,50.0,10.0,182.0,123.0,3.0,9.0,11.0,21.0,25.0,28.0,34.0,37.0,40.0,52.0,61.0,81.0
59.0,201.0,30.0,35.0,268.0,10.0,32.0,30.0,1.0,9.0,18.0,22.0,25.0,28.0,34.0,38.0,40.0,59.0,77.0,82.0
73.0,65.0,30.0,54.0,65.0,10.0,0.0,0.0,2.0,9.0,19.0,21.0,25.0,27.0,34.0,36.0,40.0,57.0,79.0,81.0
105.0,82.0,30.0,59.0,84.0,10.0,130.0,84.0,2.0,10.0,11.0,21.0,25.0,30.0,33.0,38.0,40.0,42.0,61.0,81.0
99.0,65.0,30.0,90.0,78.0,20.0,0.0,0.0,2.0,10.0,11.0,21.0,25.0,28.0,34.0,39.0,40.0,59.0,65.0,82.0
276.0,270.0,30.0,122.0,366.0,20.0,230.0,201.0,2.0,10.0,13.0,22.0,25.0,29.0,34.0,38.0,40.0,52.0,77.0,81.0
130.0,65.0,60.0,90.0,68.0,20.0,130.0,60.0,2.0,10.0,11.0,22.0,25.0,29.0,34.0,37.0,40.0,57.0,61.0,81.0
144.0,78.0,60.0,111.0,84.0,20.0,169.0,80.0,2.0,10.0,11.0,22.0,25.0,29.0,34.0,39.0,40.0,55.0,61.0,81.0
150.0,158.0,120.0,56.0,181.0,30.0,221.0,76.0,2.0,10.0,13.0,21.0,24.0,28.0,34.0,37.0,40.0,57.0,60.0,81.0
250.0,202.0,120.0,110.0,237.0,30.0,299.0,124.0,2.0,10.0,13.0,22.0,25.0,29.0,34.0,38.0,40.0,52.0,77.0,81.0
152.0,44.0,60.0,115.0,56.0,30.0,96.0,104.0,2.0,9.0,11.0,22.0,25.0,28.0,34.0,37.0,40.0,52.0,61.0,81.0
82.0,60.0,120.0,38.0,86.0,10.0,56.0,45.0,0.0,9.0,13.0,21.0,24.0,28.0,34.0,38.0,40.0,57.0,61.0,81.0
54.0,201.0,30.0,35.0,290.0,30.0,90.0,35.0,1.0,9.0,18.0,21.0,25.0,28.0,33.0,38.0,40.0,57.0,79.0,81.0
103.0,108.0,120.0,94.0,119.0,30.0,88.0,84.0,1.0,10.0,13.0,23.0,24.0,30.0,34.0,37.0,40.0,59.0,65.0,81.0
175.0,95.0,120.0,117.0,106.0,30.0,234.0,84.0,3.0,9.0,13.0,21.0,24.0,29.0,33.0,38.0,40.0,59.0,67.0,81.0
59.0,223.0,60.0,35.0,357.0,30.0,40.0,30.0,1.0,9.0,18.0,22.0,25.0,28.0,34.0,38.0,40.0,59.0,77.0,81.0
336.0,110.0,30.0,84.0,165.0,20.0,351.0,180.0,2.0,10.0,11.0,22.0,24.0,28.0,34.0,38.0,40.0,52.0,79.0,81.0
299.0,154.0,30.0,118.0,182.0,30.0,176.0,182.0,3.0,9.0,13.0,21.0,25.0,27.0,34.0,36.0,40.0,52.0,77.0,81.0
334.0,132.0,120.0,236.0,144.0,30.0,152.0,136.0,3.0,9.0,13.0,21.0,24.0,30.0,34.0,37.0,40.0,57.0,72.0,81.0
228.0,132.0,60.0,133.0,149.0,20.0,286.0,145.0,2.0,9.0,13.0,22.0,25.0,29.0,34.0,38.0,40.0,42.0,79.0,81.0
99.0,60.0,60.0,44.0,84.0,30.0,80.0,50.0,0.0,10.0,11.0,21.0,25.0,29.0,34.0,38.0,40.0,43.0,60.0,81.0
159.0,73.0,120.0,78.0,94.0,10.0,150.0,84.0,2.0,10.0,11.0,22.0,24.0,29.0,34.0,38.0,40.0,43.0,79.0,81.0
120.0,3120.0,30.0,69.0,4160.0,20.0,90.0,71.0,0.0,9.0,16.0,22.0,25.0,29.0,34.0,38.0,41.0,42.0,61.0,82.0
51.0,44.0,60.0,33.0,53.0,20.0,58.0,30.0,2.0,9.0,19.0,21.0,25.0,30.0,34.0,36.0,40.0,59.0,77.0,82.0
148.0,101.0,30.0,105.0,109.0,10.0,182.0,130.0,2.0,10.0,11.0,22.0,24.0,28.0,34.0,39.0,40.0,53.0,61.0,81.0
262.0,114.0,30.0,133.0,127.0,10.0,0.0,0.0,2.0,10.0,11.0,21.0,26.0,27.0,33.0,36.0,40.0,53.0,79.0,82.0
214.0,14.0,120.0,120.0,14.0,30.0,130.0,95.0,3.0,9.0,16.0,21.0,24.0,30.0,34.0,37.0,40.0,57.0,62.0,81.0
312.0,148.0,120.0,154.0,156.0,30.0,180.0,120.0,3.0,9.0,13.0,21.0,24.0,31.0,33.0,37.0,40.0,57.0,60.0,81.0
150.0,36.0,120.0,59.0,45.0,20.0,0.0,0.0,1.0,9.0,11.0,22.0,26.0,29.0,33.0,38.0,40.0,59.0,61.0,82.0
125.0,48.0,30.0,55.0,62.0,20.0,140.0,123.0,2.0,9.0,11.0,20.0,24.0,29.0,34.0,35.0,40.0,43.0,79.0,81.0
237.0,110.0,120.0,91.0,118.0,30.0,160.0,95.0,2.0,10.0,11.0,22.0,25.0,28.0,34.0,37.0,40.0,52.0,65.0,81.0
346.0,179.0,60.0,116.0,248.0,30.0,325.0,124.0,3.0,9.0,13.0,21.0,25.0,30.0,34.0,38.0,40.0,59.0,72.0,81.0
286.0,211.0,30.0,225.0,218.0,10.0,221.0,149.0,3.0,10.0,13.0,21.0,25.0,29.0,34.0,38.0,40.0,59.0,62.0,81.0
121.0,194.0,120.0,56.0,281.0,20.0,0.0,0.0,2.0,9.0,19.0,21.0,25.0,31.0,33.0,36.0,40.0,42.0,61.0,82.0
85.0,54.0,30.0,41.0,68.0,30.0,80.0,50.0,2.0,10.0,11.0,22.0,24.0,29.0,34.0,38.0,40.0,43.0,60.0,81.0
107.0,60.0,60.0,41.0,74.0,30.0,0.0,0.0,1.0,9.0,14.0,23.0,25.0,27.0,34.0,36.0,40.0,42.0,65.0,81.0
204.0,252.0,30.0,89.0,274.0,10.0,273.0,195.0,2.0,10.0,13.0,22.0,25.0,29.0,34.0,38.0,40.0,42.0,79.0,81.0
111.0,2340.0,30.0,70.0,3380.0,30.0,0.0,0.0,2.0,9.0,16.0,21.0,25.0,31.0,34.0,39.0,41.0,43.0,77.0,81.0
229.0,77.0,120.0,100.0,88.0,20.0,0.0,0.0,2.0,9.0,11.0,21.0,24.0,28.0,33.0,37.0,40.0,42.0,79.0,81.0
283.0,110.0,60.0,109.0,137.0,10.0,351.0,221.0,2.0,10.0,11.0,20.0,24.0,29.0,34.0,35.0,40.0,59.0,72.0,81.0
87.0,61.0,60.0,70.0,76.0,30.0,56.0,65.0,2.0,9.0,13.0,21.0,26.0,29.0,33.0,36.0,40.0,58.0,79.0,82.0
109.0,15.0,30.0,44.0,18.0,10.0,0.0,0.0,2.0,9.0,12.0,21.0,25.0,27.0,33.0,39.0,40.0,43.0,77.0,81.0
92.0,60.0,120.0,41.0,71.0,30.0,72.0,78.0,2.0,10.0,11.0,22.0,24.0,29.0,34.0,38.0,40.0,43.0,60.0,81.0
137.0,4200.0,30.0,79.0,5460.0,30.0,117.0,48.0,2.0,10.0,16.0,21.0,25.0,30.0,34.0,38.0,41.0,43.0,74.0,82.0
103.0,3780.0,120.0,57.0,5040.0,30.0,0.0,0.0,1.0,10.0,16.0,23.0,25.0,28.0,34.0,39.0,41.0,42.0,61.0,81.0
223.0,66.0,60.0,128.0,74.0,20.0,312.0,145.0,3.0,9.0,11.0,21.0,25.0,30.0,33.0,37.0,40.0,59.0,69.0,81.0
184.0,127.0,120.0,94.0,165.0,10.0,0.0,0.0,2.0,9.0,13.0,21.0,25.0,28.0,34.0,37.0,40.0,52.0,61.0,81.0
163.0,127.0,60.0,76.0,144.0,10.0,210.0,104.0,2.0,9.0,13.0,22.0,25.0,28.0,34.0,37.0,40.0,57.0,60.0,81.0
132.0,259.0,120.0,54.0,259.0,30.0,60.0,45.0,0.0,9.0,18.0,22.0,25.0,30.0,34.0,39.0,40.0,42.0,61.0,82.0
125.0,36.0,30.0,70.0,42.0,10.0,60.0,60.0,1.0,9.0,11.0,23.0,25.0,28.0,33.0,39.0,40.0,42.0,61.0,82.0
124.0,133.0,60.0,111.0,142.0,20.0,72.0,48.0,0.0,10.0,13.0,22.0,25.0,29.0,34.0,38.0,40.0,59.0,65.0,81.0
88.0,29.0,60.0,49.0,32.0,10.0,64.0,35.0,2.0,9.0,11.0,21.0,24.0,29.0,34.0,37.0,40.0,48.0,79.0,81.0
101.0,31.0,60.0,32.0,38.0,20.0,90.0,182.0,0.0,9.0,11.0,21.0,25.0,29.0,34.0,36.0,40.0,42.0,61.0,81.0
102.0,60.0,120.0,51.0,76.0,20.0,0.0,0.0,2.0,10.0,11.0,21.0,25.0,29.0,34.0,37.0,40.0,42.0,61.0,81.0
223.0,221.0,30.0,162.0,225.0,10.0,260.0,162.0,2.0,10.0,13.0,21.0,25.0,29.0,34.0,38.0,40.0,47.0,79.0,81.0
200.0,189.0,60.0,81.0,225.0,10.0,247.0,136.0,3.0,10.0,13.0,21.0,24.0,28.0,34.0,37.0,40.0,59.0,60.0,81.0
98.0,36.0,60.0,56.0,42.0,20.0,0.0,0.0,1.0,9.0,11.0,21.0,25.0,28.0,33.0,37.0,40.0,42.0,61.0,82.0
154.0,83.0,30.0,56.0,133.0,20.0,120.0,112.0,0.0,10.0,15.0,21.0,25.0,29.0,34.0,38.0,40.0,52.0,61.0,81.0
154.0,150.0,120.0,96.0,194.0,10.0,140.0,76.0,0.0,10.0,13.0,21.0,24.0,29.0,34.0,38.0,40.0,57.0,60.0,81.0
41.0,369.0,120.0,18.0,480.0,20.0,50.0,32.0,1.0,10.0,18.0,22.0,24.0,28.0,33.0,37.0,40.0,59.0,77.0,81.0
118.0,52.0,120.0,63.0,106.0,10.0,91.0,58.0,2.0,9.0,13.0,22.0,25.0,29.0,34.0,38.0,40.0,43.0,60.0,81.0
170.0,1665.0,30.0,90.0,2960.0,20.0,0.0,0.0,6.0,9.0,17.0,21.0,26.0,27.0,34.0,36.0,41.0,43.0,60.0,81.0
174.0,147.0,30.0,94.0,162.0,10.0,100.0,40.0,2.0,10.0,13.0,22.0,24.0,29.0,34.0,38.0,40.0,43.0,60.0,81.0
74.0,16.0,30.0,50.0,18.0,10.0,40.0,25.0,2.0,9.0,11.0,21.0,25.0,30.0,33.0,37.0,40.0,57.0,79.0,82.0
106.0,2600.0,60.0,66.0,3120.0,20.0,0.0,0.0,2.0,9.0,16.0,21.0,25.0,27.0,33.0,36.0,41.0,47.0,61.0,82.0
46.0,1806.0,30.0,22.0,2408.0,10.0,32.0,25.0,1.0,9.0,18.0,21.0,25.0,30.0,33.0,36.0,41.0,57.0,79.0,82.0
82.0,44.0,30.0,34.0,68.0,20.0,64.0,36.0,2.0,10.0,11.0,22.0,24.0,29.0,34.0,38.0,40.0,57.0,61.0,81.0
171.0,1665.0,30.0,86.0,2960.0,20.0,130.0,40.0,2.0,9.0,17.0,22.0,25.0,27.0,34.0,36.0,41.0,43.0,60.0,81.0
144.0,1850.0,30.0,86.0,2405.0,30.0,130.0,32.0,2.0,9.0,17.0,22.0,25.0,27.0,34.0,36.0,41.0,43.0,60.0,82.0
120.0,35.0,60.0,79.0,41.0,10.0,56.0,20.0,1.0,9.0,14.0,22.0,24.0,31.0,34.0,36.0,40.0,59.0,77.0,81.0
42.0,174.0,120.0,19.0,226.0,20.0,40.0,109.0,1.0,10.0,19.0,23.0,25.0,31.0,34.0,38.0,40.0,57.0,79.0,81.0
247.0,77.0,30.0,92.0,105.0,20.0,220.0,169.0,3.0,9.0,11.0,21.0,25.0,29.0,34.0,38.0,40.0,52.0,77.0,81.0
135.0,68.0,60.0,130.0,83.0,30.0,72.0,78.0,3.0,9.0,13.0,21.0,24.0,28.0,34.0,37.0,40.0,59.0,65.0,81.0
95.0,3780.0,120.0,39.0,6720.0,10.0,60.0,56.0,1.0,10.0,16.0,23.0,25.0,28.0,34.0,37.0,41.0,42.0,72.0,81.0
219.0,66.0,30.0,113.0,91.0,20.0,200.0,116.0,3.0,9.0,11.0,21.0,25.0,28.0,34.0,37.0,40.0,59.0,75.0,81.0
131.0,65.0,120.0,80.0,71.0,30.0,88.0,91.0,2.0,10.0,11.0,21.0,24.0,30.0,34.0,37.0,40.0,59.0,61.0,81.0
86.0,60.0,120.0,35.0,71.0,30.0,88.0,65.0,0.0,10.0,11.0,22.0,25.0,28.0,33.0,39.0,40.0,43.0,60.0,81.0
116.0,38.0,120.0,73.0,44.0,30.0,78.0,28.0,0.0,10.0,11.0,22.0,25.0,28.0,34.0,37.0,40.0,42.0,72.0,81.0
257.0,62.0,60.0,184.0,70.0,20.0,286.0,180.0,2.0,9.0,11.0,22.0,25.0,29.0,34.0,37.0,40.0,58.0,60.0,81.0
344.0,270.0,120.0,112.0,293.0,30.0,220.0,185.0,0.0,10.0,13.0,22.0,24.0,30.0,34.0,37.0,40.0,57.0,72.0,81.0
141.0,76.0,120.0,104.0,84.0,30.0,234.0,84.0,2.0,10.0,11.0,22.0,25.0,28.0,34.0,38.0,40.0,55.0,61.0,81.0
180.0,83.0,120.0,66.0,118.0,10.0,170.0,96.0,3.0,10.0,11.0,21.0,25.0,30.0,34.0,38.0,40.0,57.0,60.0,81.0
205.0,44.0,30.0,55.0,64.0,20.0,195.0,95.0,2.0,9.0,11.0,23.0,24.0,29.0,34.0,38.0,40.0,52.0,61.0,81.0
109.0,22.0,30.0,54.0,26.0,10.0,0.0,0.0,1.0,9.0,11.0,21.0,25.0,29.0,34.0,39.0,40.0,57.0,61.0,82.0
168.0,60.0,30.0,140.0,62.0,10.0,208.0,117.0,2.0,9.0,11.0,23.0,25.0,29.0,34.0,38.0,40.0,57.0,60.0,81.0
104.0,46.0,60.0,59.0,50.0,10.0,90.0,36.0,3.0,9.0,11.0,21.0,24.0,28.0,34.0,37.0,40.0,42.0,61.0,81.0
41.0,2340.0,60.0,18.0,4160.0,30.0,40.0,32.0,1.0,9.0,16.0,23.0,25.0,28.0,33.0,36.0,41.0,59.0,77.0,82.0
104.0,307.0,60.0,41.0,410.0,30.0,0.0,0.0,1.0,9.0,18.0,21.0,25.0,28.0,33.0,36.0,40.0,52.0,60.0,81.0
249.0,233.0,60.0,109.0,301.0,30.0,234.0,96.0,2.0,10.0,13.0,20.0,24.0,28.0,34.0,35.0,40.0,57.0,60.0,81.0
156.0,91.0,60.0,130.0,99.0,20.0,143.0,70.0,3.0,9.0,13.0,21.0,24.0,29.0,33.0,37.0,40.0,47.0,65.0,81.0
273.0,62.0,30.0,219.0,66.0,30.0,208.0,92.0,3.0,9.0,11.0,21.0,24.0,30.0,34.0,37.0,40.0,52.0,78.0,81.0
114.0,80.0,120.0,44.0,91.0,20.0,120.0,97.0,3.0,9.0,13.0,21.0,25.0,28.0,33.0,37.0,40.0,59.0,61.0,81.0
200.0,189.0,120.0,63.0,266.0,10.0,210.0,128.0,3.0,10.0,13.0,22.0,24.0,31.0,34.0,37.0,40.0,59.0,60.0,81.0
100.0,4200.0,60.0,45.0,6720.0,30.0,90.0,50.0,1.0,10.0,16.0,21.0,25.0,28.0,34.0,37.0,41.0,43.0,60.0,81.0
234.0,85.0,60.0,139.0,122.0,30.0,152.0,169.0,3.0,10.0,11.0,21.0,24.0,30.0,34.0,38.0,40.0,42.0,77.0,81.0
82.0,2340.0,30.0,38.0,3380.0,30.0,75.0,40.0,1.0,9.0,16.0,21.0,25.0,28.0,33.0,37.0,41.0,42.0,61.0,81.0
63.0,5040.0,60.0,46.0,5460.0,10.0,50.0,28.0,1.0,10.0,16.0,21.0,25.0,29.0,34.0,38.0,41.0,57.0,77.0,82.0
90.0,26.0,60.0,44.0,32.0,10.0,0.0,0.0,0.0,9.0,11.0,22.0,25.0,29.0,34.0,37.0,40.0,52.0,60.0,82.0
182.0,97.0,60.0,74.0,133.0,30.0,200.0,125.0,2.0,10.0,11.0,23.0,24.0,30.0,34.0,37.0,40.0,57.0,60.0,81.0
295.0,70.0,120.0,141.0,78.0,30.0,176.0,162.0,3.0,9.0,11.0,21.0,25.0,28.0,33.0,37.0,40.0,52.0,77.0,81.0
42.0,157.0,120.0,21.0,209.0,30.0,52.0,67.0,1.0,10.0,19.0,23.0,25.0,31.0,34.0,38.0,40.0,57.0,79.0,81.0
193.0,124.0,60.0,64.0,165.0,30.0,221.0,68.0,3.0,9.0,13.0,21.0,25.0,28.0,34.0,39.0,40.0,42.0,77.0,81.0
193.0,176.0,120.0,56.0,245.0,10.0,221.0,162.0,2.0,10.0,13.0,22.0,25.0,29.0,34.0,37.0,40.0,57.0,60.0,81.0
82.0,25.0,30.0,34.0,38.0,20.0,56.0,36.0,3.0,9.0,11.0,21.0,25.0,29.0,34.0,37.0,40.0,57.0,61.0,81.0
174.0,56.0,30.0,73.0,66.0,30.0,0.0,0.0,1.0,9.0,11.0,21.0,25.0,28.0,34.0,38.0,40.0,59.0,60.0,81.0
131.0,31.0,120.0,66.0,40.0,20.0,0.0,0.0,0.0,9.0,11.0,22.0,25.0,28.0,33.0,36.0,40.0,43.0,60.0,82.0
105.0,28.0,120.0,47.0,40.0,10.0,90.0,40.0,2.0,9.0,11.0,20.0,24.0,29.0,33.0,35.0,40.0,43.0,77.0,81.0
126.0,117.0,120.0,68.0,162.0,10.0,90.0,52.0,0.0,10.0,13.0,22.0,24.0,30.0,33.0,37.0,40.0,42.0,61.0,81.0
94.0,2340.0,60.0,43.0,3380.0,10.0,104.0,65.0,2.0,9.0,16.0,21.0,25.0,29.0,33.0,39.0,41.0,43.0,60.0,81.0
102.0,3120.0,60.0,65.0,4160.0,30.0,91.0,32.0,2.0,9.0,16.0,21.0,25.0,27.0,34.0,36.0,41.0,57.0,79.0,81.0
161.0,79.0,30.0,78.0,97.0,30.0,160.0,105.0,2.0,10.0,11.0,22.0,24.0,31.0,34.0,38.0,40.0,42.0,77.0,81.0
118.0,64.0,30.0,82.0,76.0,30.0,100.0,144.0,0.0,10.0,11.0,22.0,25.0,29.0,34.0,37.0,40.0,42.0,61.0,81.0
199.0,95.0,120.0,80.0,132.0,10.0,0.0,0.0,2.0,9.0,13.0,21.0,25.0,28.0,34.0,37.0,40.0,52.0,61.0,81.0
77.0,119.0,30.0,59.0,130.0,10.0,91.0,52.0,2.0,10.0,13.0,21.0,26.0,30.0,34.0,36.0,40.0,58.0,79.0,81.0
146.0,80.0,120.0,49.0,106.0,10.0,143.0,104.0,0.0,9.0,13.0,23.0,24.0,29.0,33.0,37.0,40.0,59.0,61.0,81.0
228.0,112.0,120.0,115.0,133.0,20.0,300.0,208.0,2.0,10.0,11.0,21.0,25.0,31.0,34.0,38.0,40.0,52.0,79.0,81.0
128.0,71.0,30.0,57.0,78.0,10.0,100.0,48.0,2.0,10.0,11.0,23.0,24.0,29.0,34.0,37.0,40.0,43.0,60.0,81.0
150.0,68.0,60.0,69.0,78.0,10.0,72.0,50.0,3.0,10.0,11.0,21.0,25.0,29.0,33.0,37.0,40.0,42.0,61.0,81.0
189.0,73.0,60.0,110.0,81.0,20.0,150.0,123.0,2.0,10.0,11.0,22.0,24.0,28.0,34.0,38.0,40.0,43.0,72.0,81.0
244.0,210.0,30.0,130.0,245.0,30.0,338.0,116.0,3.0,10.0,13.0,21.0,25.0,30.0,33.0,36.0,40.0,57.0,75.0,81.0
90.0,52.0,30.0,41.0,62.0,10.0,0.0,0.0,1.0,9.0,13.0,21.0,25.0,28.0,34.0,36.0,40.0,42.0,72.0,81.0
203.0,110.0,120.0,95.0,127.0,20.0,234.0,110.0,2.0,10.0,11.0,22.0,24.0,30.0,34.0,38.0,40.0,42.0,77.0,81.0
150.0,71.0,120.0,104.0,84.0,20.0,100.0,84.0,3.0,10.0,11.0,23.0,25.0,29.0,34.0,38.0,40.0,43.0,60.0,81.0
125.0,80.0,120.0,55.0,95.0,20.0,110.0,91.0,3.0,9.0,13.0,21.0,24.0,31.0,34.0,37.0,40.0,59.0,61.0,81.0
209.0,116.0,60.0,174.0,122.0,10.0,160.0,76.0,2.0,10.0,11.0,22.0,24.0,29.0,34.0,38.0,40.0,43.0,72.0,81.0
289.0,134.0,60.0,145.0,189.0,30.0,216.0,273.0,3.0,9.0,13.0,21.0,25.0,28.0,34.0,38.0,40.0,57.0,72.0,81.0
170.0,1850.0,120.0,93.0,2960.0,10.0,0.0,0.0,6.0,9.0,17.0,21.0,26.0,27.0,34.0,36.0,41.0,43.0,60.0,82.0
126.0,1665.0,30.0,83.0,2960.0,20.0,0.0,0.0,2.0,9.0,17.0,22.0,25.0,27.0,34.0,36.0,41.0,59.0,78.0,81.0
126.0,5040.0,120.0,56.0,5040.0,30.0,100.0,150.0,0.0,10.0,16.0,22.0,25.0,29.0,34.0,38.0,41.0,54.0,72.0,82.0
212.0,92.0,120.0,116.0,109.0,20.0,180.0,136.0,0.0,10.0,11.0,22.0,25.0,29.0,34.0,38.0,40.0,57.0,60.0,81.0
125.0,68.0,30.0,46.0,95.0,20.0,117.0,60.0,2.0,9.0,13.0,22.0,24.0,28.0,34.0,38.0,40.0,43.0,60.0,81.0
89.0,22.0,120.0,31.0,34.0,10.0,70.0,32.0,2.0,9.0,11.0,21.0,25.0,28.0,33.0,37.0,40.0,57.0,61.0,81.0
177.0,67.0,60.0,59.0,97.0,30.0,152.0,71.0,0.0,9.0,14.0,22.0,24.0,29.0,34.0,37.0,40.0,59.0,60.0,82.0
253.0,94.0,60.0,145.0,133.0,30.0,190.0,130.0,3.0,10.0,11.0,21.0,24.0,30.0,34.0,38.0,40.0,42.0,77.0,81.0
208.0,148.0,30.0,89.0,198.0,20.0,0.0,0.0,2.0,9.0,13.0,21.0,26.0,27.0,34.0,39.0,40.0,59.0,60.0,82.0
147.0,54.0,120.0,104.0,57.0,20.0,0.0,0.0,1.0,9.0,11.0,21.0,25.0,28.0,33.0,37.0,40.0,42.0,65.0,81.0
66.0,2340.0,30.0,47.0,3380.0,30.0,0.0,0.0,1.0,9.0,16.0,23.0,25.0,29.0,34.0,38.0,41.0,57.0,79.0,81.0
172.0,94.0,120.0,92.0,94.0,30.0,120.0,140.0,1.0,10.0,11.0,21.0,25.0,29.0,34.0,38.0,40.0,52.0,61.0,82.0
206.0,83.0,30.0,59.0,118.0,20.0,195.0,100.0,3.0,10.0,11.0,21.0,25.0,31.0,34.0,38.0,40.0,42.0,77.0,81.0
286.0,176.0,30.0,230.0,225.0,20.0,136.0,92.0,3.0,10.0,13.0,21.0,25.0,29.0,34.0,38.0,40.0,59.0,62.0,81.0
92.0,63.0,30.0,37.0,76.0,10.0,72.0,55.0,2.0,9.0,13.0,21.0,24.0,29.0,34.0,37.0,40.0,42.0,61.0,81.0
85.0,1665.0,30.0,30.0,2220.0,10.0,0.0,0.0,1.0,9.0,17.0,21.0,26.0,27.0,34.0,39.0,41.0,43.0,77.0,82.0
228.0,56.0,60.0,63.0,64.0,20.0,0.0,0.0,1.0,9.0,11.0,21.0,25.0,28.0,34.0,38.0,40.0,59.0,60.0,81.0
182.0,148.0,120.0,81.0,198.0,10.0,168.0,125.0,3.0,9.0,13.0,21.0,25.0,28.0,34.0,37.0,40.0,59.0,60.0,81.0
266.0,65.0,120.0,152.0,86.0,10.0,270.0,120.0,3.0,9.0,11.0,21.0,25.0,30.0,33.0,37.0,40.0,59.0,72.0,81.0
253.0,105.0,30.0,98.0,118.0,10.0,220.0,128.0,2.0,10.0,11.0,23.0,24.0,29.0,34.0,38.0,40.0,42.0,79.0,81.0
179.0,88.0,60.0,74.0,108.0,10.0,0.0,0.0,0.0,9.0,13.0,22.0,25.0,29.0,34.0,37.0,40.0,52.0,61.0,81.0
106.0,72.0,120.0,34.0,78.0,30.0,90.0,60.0,2.0,10.0,11.0,22.0,24.0,29.0,34.0,38.0,40.0,43.0,60.0,81.0
92.0,84.0,60.0,34.0,91.0,20.0,72.0,56.0,2.0,9.0,13.0,22.0,24.0,29.0,34.0,37.0,40.0,43.0,60.0,81.0
175.0,76.0,120.0,139.0,81.0,20.0,140.0,123.0,2.0,10.0,11.0,22.0,25.0,29.0,34.0,37.0,40.0,52.0,68.0,81.0
51.0,2340.0,30.0,32.0,3380.0,30.0,0.0,0.0,1.0,9.0,16.0,21.0,25.0,28.0,34.0,37.0,41.0,59.0,77.0,81.0
197.0,211.0,120.0,121.0,225.0,20.0,234.0,110.0,0.0,10.0,13.0,21.0,25.0,29.0,33.0,38.0,40.0,59.0,62.0,81.0
292.0,131.0,60.0,92.0,178.0,30.0,338.0,96.0,2.0,10.0,11.0,22.0,25.0,29.0,34.0,38.0,40.0,57.0,72.0,81.0
120.0,57.0,120.0,94.0,65.0,20.0,72.0,44.0,3.0,9.0,13.0,21.0,24.0,28.0,34.0,36.0,40.0,59.0,65.0,81.0
92.0,45.0,120.0,34.0,60.0,10.0,0.0,0.0,1.0,9.0,14.0,23.0,25.0,27.0,34.0,36.0,40.0,42.0,65.0,81.0
224.0,115.0,30.0,92.0,144.0,30.0,220.0,130.0,2.0,9.0,13.0,21.0,24.0,30.0,34.0,37.0,40.0,52.0,77.0,81.0
141.0,76.0,60.0,61.0,91.0,10.0,80.0,70.0,0.0,9.0,13.0,21.0,25.0,29.0,33.0,37.0,40.0,42.0,61.0,81.0
71.0,1850.0,30.0,23.0,2960.0,20.0,0.0,0.0,1.0,9.0,17.0,21.0,25.0,27.0,34.0,36.0,41.0,57.0,61.0,81.0
165.0,103.0,30.0,82.0,128.0,30.0,200.0,125.0,3.0,9.0,13.0,21.0,25.0,31.0,34.0,37.0,40.0,57.0,60.0,81.0
92.0,119.0,30.0,34.0,147.0,30.0,117.0,48.0,2.0,10.0,13.0,23.0,24.0,29.0,34.0,38.0,40.0,42.0,61.0,81.0
252.0,233.0,30.0,106.0,266.0,30.0,144.0,162.0,2.0,10.0,13.0,22.0,24.0,30.0,34.0,38.0,40.0,57.0,60.0,81.0
135.0,156.0,120.0,57.0,167.0,30.0,0.0,0.0,0.0,10.0,13.0,22.0,25.0,28.0,33.0,38.0,40.0,42.0,61.0,82.0
110.0,45.0,120.0,52.0,80.0,10.0,70.0,64.0,0.0,9.0,15.0,21.0,25.0,29.0,33.0,37.0,40.0,43.0,77.0,81.0
191.0,49.0,30.0,154.0,56.0,20.0,112.0,76.0,1.0,9.0,11.0,21.0,25.0,27.0,33.0,37.0,40.0,57.0,67.0,81.0
251.0,116.0,120.0,97.0,127.0,30.0,200.0,115.0,2.0,10.0,11.0,21.0,24.0,29.0,34.0,37.0,40.0,57.0,69.0,81.0
125.0,96.0,30.0,55.0,123.0,20.0,120.0,110.0,2.0,9.0,13.0,22.0,25.0,28.0,34.0,37.0,40.0,43.0,79.0,81.0
164.0,39.0,120.0,112.0,52.0,10.0,100.0,44.0,2.0,9.0,11.0,22.0,24.0,28.0,34.0,38.0,40.0,43.0,60.0,81.0
185.0,17.0,120.0,84.0,22.0,20.0,160.0,149.0,0.0,9.0,19.0,21.0,25.0,29.0,33.0,36.0,40.0,48.0,72.0,81.0
159.0,2340.0,30.0,69.0,3380.0,30.0,140.0,90.0,4.0,9.0,16.0,22.0,25.0,30.0,33.0,37.0,41.0,43.0,70.0,81.0
53.0,257.0,120.0,32.0,334.0,20.0,60.0,52.0,1.0,9.0,18.0,23.0,25.0,28.0,33.0,36.0,40.0,57.0,79.0,81.0
146.0,100.0,30.0,47.0,100.0,10.0,260.0,188.0,2.0,10.0,15.0,21.0,25.0,31.0,34.0,37.0,40.0,57.0,60.0,81.0
224.0,131.0,120.0,92.0,178.0,10.0,176.0,125.0,2.0,10.0,11.0,22.0,24.0,29.0,34.0,38.0,40.0,52.0,77.0,81.0
120.0,68.0,30.0,42.0,95.0,20.0,117.0,50.0,3.0,9.0,13.0,21.0,24.0,28.0,34.0,37.0,40.0,43.0,60.0,81.0
78.0,3120.0,120.0,34.0,4160.0,10.0,0.0,0.0,0.0,9.0,16.0,22.0,25.0,29.0,33.0,38.0,41.0,42.0,61.0,81.0
125.0,36.0,30.0,49.0,42.0,10.0,0.0,0.0,2.0,9.0,11.0,21.0,25.0,29.0,33.0,37.0,40.0,59.0,61.0,82.0
118.0,47.0,30.0,60.0,98.0,20.0,91.0,45.0,2.0,9.0,13.0,22.0,25.0,29.0,34.0,38.0,40.0,43.0,60.0,81.0
168.0,29.0,120.0,92.0,40.0,10.0,143.0,52.0,5.0,9.0,11.0,22.0,24.0,30.0,33.0,37.0,40.0,52.0,60.0,82.0
137.0,26.0,60.0,103.0,28.0,20.0,143.0,30.0,0.0,9.0,12.0,22.0,25.0,28.0,33.0,36.0,40.0,42.0,61.0,82.0
222.0,218.0,120.0,103.0,245.0,30.0,160.0,169.0,2.0,10.0,13.0,22.0,24.0,29.0,34.0,38.0,40.0,59.0,64.0,81.0
34.0,42.0,60.0,8.0,42.0,20.0,32.0,64.0,1.0,10.0,19.0,21.0,25.0,29.0,34.0,38.0,40.0,57.0,79.0,81.0
209.0,49.0,30.0,167.0,54.0,30.0,182.0,64.0,3.0,9.0,11.0,21.0,25.0,30.0,34.0,37.0,40.0,42.0,65.0,81.0
197.0,148.0,120.0,68.0,165.0,20.0,247.0,100.0,2.0,9.0,13.0,21.0,26.0,30.0,33.0,39.0,40.0,59.0,60.0,81.0
173.0,97.0,120.0,59.0,139.0,10.0,170.0,76.0,2.0,9.0,13.0,22.0,25.0,28.0,34.0,37.0,40.0,57.0,60.0,81.0
189.0,85.0,120.0,75.0,122.0,10.0,170.0,104.0,2.0,10.0,11.0,22.0,25.0,29.0,34.0,38.0,40.0,57.0,60.0,81.0
89.0,2600.0,120.0,38.0,3120.0,30.0,48.0,52.0,1.0,9.0,16.0,21.0,25.0,28.0,34.0,39.0,41.0,57.0,61.0,81.0
94.0,65.0,60.0,58.0,86.0,30.0,0.0,0.0,2.0,9.0,19.0,21.0,25.0,27.0,34.0,36.0,40.0,57.0,79.0,81.0
104.0,36.0,60.0,56.0,49.0,30.0,72.0,78.0,6.0,9.0,11.0,21.0,25.0,27.0,34.0,36.0,40.0,42.0,61.0,82.0
164.0,153.0,60.0,109.0,181.0,30.0,150.0,90.0,2.0,10.0,13.0,22.0,25.0,28.0,34.0,37.0,40.0,54.0,77.0,81.0
143.0,100.0,30.0,98.0,123.0,20.0,100.0,84.0,2.0,9.0,13.0,22.0,25.0,29.0,34.0,37.0,40.0,43.0,60.0,81.0
71.0,139.0,30.0,40.0,151.0,30.0,0.0,0.0,2.0,9.0,19.0,21.0,25.0,27.0,33.0,39.0,40.0,59.0,77.0,81.0
66.0,100.0,60.0,37.0,133.0,30.0,156.0,88.0,1.0,10.0,15.0,22.0,25.0,28.0,34.0,38.0,40.0,54.0,79.0,81.0
187.0,91.0,30.0,146.0,99.0,20.0,140.0,123.0,2.0,10.0,11.0,22.0,25.0,29.0,34.0,37.0,40.0,52.0,68.0,81.0
126.0,2220.0,30.0,85.0,2405.0,30.0,0.0,0.0,2.0,9.0,17.0,22.0,25.0,27.0,34.0,36.0,41.0,59.0,78.0,81.0
182.0,148.0,60.0,71.0,165.0,10.0,190.0,92.0,2.0,9.0,13.0,22.0,24.0,28.0,34.0,37.0,40.0,42.0,79.0,81.0
257.0,184.0,120.0,165.0,225.0,10.0,234.0,136.0,2.0,10.0,13.0,22.0,25.0,30.0,34.0,38.0,40.0,42.0,77.0,81.0
91.0,80.0,60.0,60.0,167.0,30.0,56.0,58.0,2.0,10.0,13.0,22.0,24.0,29.0,34.0,38.0,40.0,43.0,60.0,81.0
193.0,158.0,60.0,56.0,181.0,20.0,170.0,182.0,2.0,10.0,13.0,22.0,25.0,29.0,34.0,38.0,40.0,42.0,77.0,81.0
191.0,81.0,120.0,108.0,91.0,20.0,112.0,68.0,3.0,9.0,13.0,21.0,25.0,30.0,34.0,37.0,40.0,57.0,67.0,81.0
85.0,19.0,120.0,34.0,25.0,20.0,90.0,84.0,3.0,10.0,16.0,21.0,24.0,28.0,34.0,38.0,40.0,43.0,60.0,81.0
160.0,85.0,120.0,123.0,95.0,30.0,195.0,84.0,2.0,9.0,13.0,22.0,25.0,28.0,34.0,37.0,40.0,57.0,74.0,81.0
146.0,82.0,60.0,55.0,105.0,30.0,156.0,64.0,3.0,10.0,11.0,21.0,24.0,29.0,33.0,38.0,40.0,59.0,61.0,81.0
97.0,266.0,120.0,44.0,289.0,20.0,78.0,40.0,0.0,10.0,18.0,22.0,25.0,29.0,34.0,38.0,40.0,52.0,60.0,81.0
282.0,66.0,30.0,118.0,74.0,10.0,210.0,120.0,3.0,9.0,11.0,21.0,25.0,29.0,34.0,37.0,40.0,52.0,79.0,81.0
245.0,79.0,30.0,95.0,88.0,10.0,299.0,188.0,0.0,9.0,11.0,21.0,24.0,28.0,34.0,36.0,40.0,57.0,72.0,81.0
117.0,52.0,120.0,61.0,74.0,10.0,0.0,0.0,0.0,10.0,14.0,21.0,25.0,30.0,34.0,38.0,40.0,54.0,72.0,81.0
52.0,300.0,60.0,35.0,360.0,20.0,78.0,40.0,1.0,9.0,18.0,22.0,25.0,28.0,34.0,36.0,40.0,57.0,79.0,82.0
130.0,38.0,30.0,75.0,43.0,10.0,72.0,55.0,3.0,9.0,11.0,21.0,25.0,29.0,34.0,38.0,40.0,43.0,60.0,81.0
75.0,3780.0,120.0,57.0,5040.0,30.0,130.0,40.0,1.0,10.0,16.0,22.0,25.0,29.0,34.0,39.0,41.0,57.0,79.0,81.0
190.0,52.0,30.0,125.0,72.0,20.0,104.0,64.0,3.0,9.0,11.0,21.0,24.0,30.0,34.0,37.0,40.0,52.0,61.0,81.0
209.0,97.0,60.0,178.0,105.0,20.0,208.0,95.0,2.0,10.0,11.0,22.0,24.0,29.0,34.0,38.0,40.0,43.0,72.0,81.0
92.0,84.0,120.0,37.0,98.0,20.0,143.0,60.0,2.0,9.0,13.0,21.0,24.0,28.0,34.0,36.0,40.0,43.0,60.0,81.0
282.0,79.0,30.0,108.0,88.0,30.0,168.0,195.0,3.0,9.0,11.0,21.0,25.0,29.0,34.0,37.0,40.0,52.0,79.0,81.0
102.0,68.0,120.0,93.0,71.0,30.0,72.0,71.0,1.0,9.0,13.0,21.0,24.0,28.0,34.0,37.0,40.0,59.0,65.0,81.0
341.0,3120.0,60.0,167.0,4160.0,30.0,351.0,76.0,2.0,9.0,16.0,21.0,26.0,31.0,33.0,39.0,41.0,59.0,60.0,81.0
330.0,140.0,60.0,156.0,172.0,10.0,377.0,227.0,3.0,9.0,13.0,21.0,24.0,28.0,34.0,37.0,40.0,52.0,79.0,81.0
170.0,170.0,60.0,74.0,237.0,30.0,160.0,175.0,2.0,10.0,13.0,21.0,25.0,28.0,34.0,39.0,40.0,42.0,77.0,81.0
185.0,45.0,60.0,146.0,52.0,10.0,182.0,123.0,3.0,9.0,11.0,21.0,24.0,31.0,34.0,37.0,40.0,42.0,77.0,81.0
292.0,109.0,120.0,80.0,155.0,10.0,338.0,214.0,2.0,10.0,11.0,23.0,25.0,29.0,34.0,38.0,40.0,52.0,77.0,81.0
224.0,131.0,30.0,71.0,140.0,10.0,260.0,182.0,2.0,10.0,11.0,23.0,25.0,29.0,34.0,38.0,40.0,52.0,77.0,81.0
132.0,78.0,120.0,54.0,84.0,30.0,90.0,60.0,2.0,10.0,11.0,20.0,24.0,31.0,34.0,35.0,40.0,43.0,60.0,81.0
75.0,2340.0,120.0,57.0,3120.0,30.0,78.0,32.0,1.0,9.0,16.0,22.0,25.0,28.0,33.0,36.0,41.0,57.0,79.0,81.0
56.0,171.0,30.0,35.0,274.0,20.0,40.0,16.0,1.0,10.0,18.0,21.0,25.0,27.0,34.0,36.0,40.0,59.0,77.0,81.0
334.0,173.0,30.0,122.0,210.0,30.0,208.0,182.0,3.0,9.0,13.0,21.0,24.0,29.0,34.0,38.0,40.0,59.0,75.0,81.0
212.0,62.0,60.0,111.0,70.0,20.0,247.0,130.0,2.0,9.0,11.0,21.0,25.0,30.0,33.0,37.0,40.0,59.0,60.0,82.0
233.0,79.0,60.0,147.0,88.0,20.0,150.0,136.0,2.0,10.0,11.0,22.0,25.0,28.0,34.0,38.0,40.0,52.0,61.0,81.0
63.0,53.0,120.0,29.0,53.0,30.0,45.0,30.0,2.0,9.0,19.0,21.0,25.0,30.0,34.0,36.0,40.0,59.0,77.0,82.0
256.0,152.0,120.0,198.0,194.0,10.0,150.0,68.0,3.0,10.0,13.0,21.0,25.0,29.0,33.0,36.0,40.0,42.0,78.0,81.0
194.0,166.0,60.0,146.0,189.0,10.0,208.0,136.0,0.0,10.0,13.0,22.0,24.0,29.0,34.0,38.0,40.0,57.0,60.0,81.0
187.0,106.0,120.0,151.0,122.0,10.0,120.0,105.0,2.0,10.0,11.0,22.0,25.0,28.0,34.0,38.0,40.0,52.0,61.0,81.0
59.0,54.0,60.0,33.0,63.0,20.0,56.0,28.0,2.0,9.0,13.0,21.0,26.0,28.0,33.0,36.0,40.0,59.0,77.0,81.0
102.0,415.0,120.0,51.0,498.0,30.0,64.0,156.0,4.0,10.0,19.0,22.0,25.0,30.0,34.0,38.0,40.0,43.0,60.0,81.0
182.0,2600.0,60.0,81.0,3120.0,20.0,0.0,0.0,2.0,9.0,16.0,21.0,25.0,28.0,34.0,37.0,41.0,59.0,60.0,82.0
125.0,61.0,30.0,49.0,71.0,10.0,96.0,75.0,3.0,10.0,11.0,23.0,24.0,30.0,34.0,38.0,40.0,59.0,61.0,81.0
217.0,432.0,120.0,98.0,768.0,10.0,180.0,120.0,2.0,10.0,19.0,21.0,25.0,28.0,34.0,37.0,40.0,43.0,70.0,81.0
164.0,47.0,60.0,64.0,57.0,10.0,260.0,149.0,0.0,9.0,11.0,23.0,24.0,28.0,33.0,37.0,40.0,57.0,60.0,81.0
207.0,84.0,30.0,171.0,97.0,20.0,128.0,64.0,3.0,10.0,11.0,21.0,24.0,30.0,33.0,37.0,40.0,57.0,62.0,81.0
123.0,156.0,120.0,52.0,167.0,30.0,90.0,55.0,2.0,10.0,13.0,22.0,24.0,29.0,34.0,37.0,40.0,43.0,60.0,81.0
200.0,75.0,120.0,119.0,86.0,20.0,104.0,52.0,2.0,9.0,13.0,23.0,25.0,29.0,34.0,37.0,40.0,43.0,72.0,81.0
212.0,42.0,120.0,128.0,49.0,10.0,156.0,78.0,2.0,9.0,11.0,21.0,25.0,28.0,34.0,37.0,40.0,43.0,72.0,81.0
217.0,89.0,60.0,127.0,122.0,30.0,160.0,143.0,2.0,10.0,11.0,22.0,25.0,28.0,34.0,37.0,40.0,57.0,72.0,81.0
194.0,62.0,120.0,109.0,80.0,10.0,112.0,85.0,3.0,9.0,11.0,21.0,25.0,31.0,34.0,36.0,40.0,43.0,70.0,81.0
145.0,81.0,120.0,64.0,108.0,10.0,120.0,56.0,3.0,9.0,13.0,21.0,25.0,28.0,34.0,37.0,40.0,59.0,61.0,81.0
375.0,160.0,60.0,140.0,221.0,30.0,377.0,164.0,2.0,10.0,11.0,22.0,25.0,30.0,34.0,38.0,40.0,52.0,79.0,81.0
132.0,100.0,30.0,81.0,123.0,20.0,110.0,84.0,2.0,9.0,13.0,22.0,25.0,29.0,33.0,37.0,40.0,43.0,72.0,81.0
160.0,19.0,30.0,66.0,23.0,10.0,120.0,68.0,3.0,10.0,16.0,21.0,25.0,30.0,34.0,37.0,40.0,43.0,79.0,81.0
110.0,58.0,120.0,65.0,68.0,30.0,117.0,48.0,0.0,10.0,11.0,22.0,25.0,28.0,34.0,37.0,40.0,42.0,61.0,81.0
238.0,100.0,60.0,94.0,133.0,30.0,208.0,72.0,0.0,10.0,15.0,22.0,25.0,28.0,33.0,39.0,40.0,43.0,72.0,81.0
216.0,2600.0,120.0,134.0,4160.0,10.0,0.0,0.0,1.0,9.0,16.0,21.0,25.0,28.0,33.0,36.0,41.0,43.0,72.0,82.0
205.0,200.0,30.0,61.0,225.0,30.0,112.0,110.0,2.0,10.0,13.0,22.0,24.0,29.0,34.0,38.0,40.0,52.0,61.0,81.0
152.0,71.0,60.0,119.0,74.0,20.0,195.0,90.0,2.0,10.0,11.0,22.0,25.0,29.0,34.0,39.0,40.0,43.0,72.0,81.0
140.0,58.0,120.0,84.0,70.0,10.0,0.0,0.0,2.0,9.0,11.0,21.0,25.0,27.0,34.0,36.0,40.0,59.0,61.0,81.0
268.0,59.0,60.0,100.0,70.0,20.0,0.0,0.0,2.0,9.0,11.0,21.0,24.0,27.0,34.0,36.0,40.0,59.0,60.0,81.0
114.0,96.0,120.0,55.0,123.0,10.0,96.0,80.0,1.0,9.0,13.0,21.0,24.0,28.0,33.0,37.0,40.0,59.0,61.0,81.0
169.0,109.0,30.0,130.0,132.0,20.0,110.0,91.0,3.0,9.0,13.0,21.0,24.0,29.0,33.0,37.0,40.0,47.0,65.0,81.0
231.0,83.0,60.0,180.0,94.0,10.0,208.0,123.0,3.0,10.0,11.0,21.0,25.0,29.0,34.0,38.0,40.0,53.0,61.0,81.0
78.0,60.0,120.0,28.0,74.0,20.0,110.0,65.0,0.0,10.0,11.0,22.0,25.0,28.0,33.0,39.0,40.0,43.0,60.0,81.0
283.0,184.0,60.0,162.0,210.0,10.0,160.0,125.0,2.0,10.0,13.0,21.0,25.0,29.0,34.0,38.0,40.0,47.0,79.0,81.0
125.0,2340.0,60.0,77.0,3380.0,10.0,143.0,104.0,2.0,9.0,16.0,21.0,25.0,28.0,34.0,36.0,41.0,42.0,61.0,81.0
100.0,119.0,60.0,63.0,147.0,30.0,91.0,32.0,2.0,10.0,13.0,21.0,26.0,30.0,34.0,36.0,40.0,58.0,79.0,81.0
207.0,88.0,60.0,60.0,105.0,10.0,120.0,100.0,3.0,10.0,11.0,21.0,25.0,29.0,34.0,38.0,40.0,57.0,60.0,81.0
157.0,118.0,60.0,119.0,123.0,10.0,170.0,76.0,3.0,9.0,13.0,21.0,25.0,28.0,34.0,38.0,40.0,57.0,67.0,81.0
80.0,35.0,30.0,32.0,49.0,20.0,72.0,112.0,0.0,9.0,11.0,21.0,25.0,29.0,34.0,36.0,40.0,42.0,61.0,81.0
178.0,45.0,120.0,96.0,57.0,10.0,156.0,91.0,2.0,9.0,11.0,22.0,25.0,29.0,34.0,39.0,40.0,43.0,75.0,81.0
336.0,134.0,120.0,141.0,155.0,30.0,240.0,140.0,2.0,10.0,11.0,22.0,24.0,29.0,34.0,38.0,40.0,52.0,77.0,81.0
216.0,128.0,120.0,137.0,142.0,20.0,112.0,64.0,2.0,10.0,13.0,23.0,24.0,29.0,34.0,38.0,40.0,43.0,72.0,81.0
116.0,22.0,30.0,46.0,32.0,20.0,78.0,40.0,0.0,9.0,11.0,21.0,25.0,28.0,34.0,37.0,40.0,52.0,60.0,81.0
95.0,31.0,30.0,48.0,35.0,10.0,91.0,52.0,3.0,9.0,11.0,21.0,24.0,29.0,34.0,38.0,40.0,42.0,72.0,81.0
106.0,54.0,60.0,37.0,65.0,20.0,90.0,84.0,2.0,10.0,11.0,21.0,24.0,29.0,34.0,38.0,40.0,42.0,61.0,81.0
336.0,72.0,30.0,109.0,82.0,10.0,270.0,152.0,3.0,9.0,11.0,21.0,25.0,29.0,33.0,37.0,40.0,59.0,72.0,81.0
99.0,17.0,60.0,77.0,25.0,10.0,91.0,52.0,3.0,10.0,16.0,21.0,25.0,29.0,34.0,37.0,40.0,59.0,77.0,81.0
106.0,60.0,30.0,41.0,71.0,10.0,110.0,52.0,2.0,10.0,11.0,20.0,24.0,30.0,34.0,35.0,40.0,43.0,60.0,81.0
143.0,83.0,120.0,98.0,90.0,30.0,80.0,84.0,2.0,9.0,13.0,22.0,25.0,29.0,34.0,37.0,40.0,43.0,60.0,81.0
172.0,79.0,120.0,58.0,112.0,10.0,170.0,84.0,2.0,10.0,11.0,22.0,24.0,28.0,34.0,37.0,40.0,57.0,60.0,81.0
75.0,26.0,120.0,49.0,34.0,10.0,80.0,28.0,2.0,9.0,11.0,21.0,24.0,29.0,34.0,37.0,40.0,48.0,79.0,81.0
119.0,91.0,120.0,64.0,103.0,20.0,130.0,55.0,3.0,9.0,13.0,21.0,25.0,30.0,34.0,37.0,40.0,43.0,60.0,81.0
73.0,464.0,120.0,53.0,603.0,20.0,0.0,0.0,1.0,10.0,18.0,22.0,25.0,29.0,33.0,36.0,40.0,58.0,79.0,81.0
79.0,10.0,60.0,46.0,12.0,10.0,32.0,60.0,1.0,9.0,12.0,22.0,25.0,30.0,34.0,38.0,40.0,57.0,79.0,81.0
345.0,86.0,60.0,208.0,94.0,20.0,192.0,108.0,3.0,9.0,11.0,21.0,24.0,31.0,33.0,39.0,40.0,59.0,72.0,81.0
164.0,43.0,120.0,85.0,54.0,10.0,143.0,84.0,3.0,9.0,11.0,21.0,24.0,30.0,34.0,39.0,40.0,42.0,61.0,81.0
173.0,88.0,30.0,148.0,109.0,20.0,160.0,88.0,2.0,10.0,11.0,22.0,24.0,28.0,34.0,38.0,40.0,48.0,75.0,81.0
85.0,42.0,60.0,37.0,49.0,10.0,90.0,48.0,3.0,9.0,11.0,23.0,24.0,28.0,34.0,37.0,40.0,42.0,61.0,81.0
148.0,36.0,120.0,67.0,50.0,10.0,110.0,56.0,2.0,9.0,11.0,20.0,24.0,29.0,34.0,35.0,40.0,59.0,61.0,81.0
346.0,176.0,60.0,225.0,198.0,10.0,136.0,115.0,3.0,10.0,13.0,21.0,25.0,29.0,34.0,38.0,40.0,59.0,62.0,81.0
54.0,35.0,60.0,28.0,38.0,20.0,32.0,24.0,0.0,10.0,11.0,21.0,24.0,29.0,34.0,37.0,40.0,59.0,77.0,81.0
131.0,70.0,120.0,95.0,78.0,30.0,156.0,112.0,1.0,10.0,11.0,21.0,25.0,29.0,34.0,38.0,40.0,52.0,61.0,81.0
190.0,111.0,120.0,79.0,128.0,30.0,0.0,0.0,2.0,9.0,13.0,21.0,26.0,27.0,34.0,39.0,40.0,59.0,60.0,81.0
86.0,2600.0,120.0,55.0,4160.0,10.0,0.0,0.0,2.0,9.0,16.0,21.0,25.0,27.0,33.0,36.0,41.0,57.0,79.0,82.0
158.0,23.0,120.0,74.0,31.0,10.0,136.0,95.0,0.0,10.0,16.0,21.0,24.0,28.0,34.0,38.0,40.0,57.0,60.0,81.0
173.0,95.0,60.0,77.0,132.0,30.0,136.0,143.0,0.0,9.0,13.0,22.0,25.0,28.0,34.0,38.0,40.0,57.0,60.0,81.0
170.0,94.0,120.0,74.0,112.0,20.0,170.0,149.0,2.0,10.0,11.0,23.0,25.0,29.0,34.0,37.0,40.0,57.0,60.0,81.0
159.0,118.0,120.0,69.0,161.0,10.0,120.0,100.0,3.0,9.0,13.0,21.0,25.0,28.0,33.0,37.0,40.0,52.0,61.0,81.0
176.0,89.0,120.0,100.0,97.0,20.0,156.0,75.0,3.0,10.0,11.0,21.0,24.0,30.0,34.0,37.0,40.0,59.0,61.0,81.0
150.0,211.0,30.0,50.0,225.0,10.0,221.0,182.0,2.0,10.0,13.0,22.0,25.0,29.0,34.0,38.0,40.0,42.0,77.0,81.0
141.0,36.0,120.0,68.0,45.0,20.0,104.0,64.0,3.0,9.0,11.0,23.0,25.0,29.0,34.0,38.0,40.0,42.0,61.0,81.0
180.0,106.0,120.0,84.0,123.0,30.0,168.0,169.0,2.0,9.0,13.0,22.0,25.0,28.0,34.0,37.0,40.0,57.0,60.0,81.0
130.0,26.0,30.0,59.0,35.0,30.0,0.0,0.0,2.0,9.0,11.0,21.0,25.0,28.0,34.0,37.0,40.0,42.0,72.0,81.0
260.0,237.0,120.0,143.0,266.0,30.0,200.0,195.0,2.0,10.0,13.0,22.0,24.0,29.0,34.0,38.0,40.0,52.0,79.0,81.0
184.0,48.0,120.0,105.0,62.0,10.0,169.0,104.0,2.0,9.0,11.0,22.0,25.0,29.0,34.0,38.0,40.0,42.0,61.0,81.0
125.0,136.0,60.0,49.0,181.0,30.0,120.0,80.0,3.0,10.0,13.0,21.0,25.0,28.0,33.0,38.0,40.0,59.0,61.0,81.0
174.0,98.0,60.0,61.0,139.0,30.0,140.0,95.0,2.0,9.0,13.0,22.0,25.0,29.0,34.0,37.0,40.0,43.0,72.0,81.0
100.0,78.0,30.0,49.0,97.0,20.0,90.0,78.0,0.0,10.0,11.0,23.0,24.0,29.0,34.0,38.0,40.0,43.0,60.0,81.0
62.0,227.0,60.0,41.0,403.0,30.0,0.0,0.0,1.0,9.0,18.0,21.0,25.0,28.0,33.0,36.0,40.0,57.0,79.0,82.0
169.0,211.0,60.0,133.0,218.0,10.0,160.0,84.0,2.0,10.0,13.0,22.0,24.0,29.0,34.0,38.0,40.0,57.0,67.0,81.0
95.0,2600.0,60.0,53.0,3120.0,20.0,0.0,0.0,1.0,9.0,16.0,21.0,25.0,28.0,33.0,39.0,41.0,42.0,72.0,82.0
136.0,22.0,30.0,78.0,25.0,30.0,78.0,28.0,1.0,9.0,12.0,21.0,25.0,27.0,34.0,39.0,40.0,58.0,61.0,82.0
130.0,40.0,120.0,60.0,45.0,30.0,88.0,104.0,6.0,9.0,11.0,23.0,25.0,30.0,33.0,38.0,40.0,59.0,61.0,81.0
128.0,1665.0,120.0,63.0,2405.0,20.0,0.0,0.0,1.0,9.0,17.0,22.0,25.0,27.0,33.0,36.0,41.0,42.0,61.0,82.0
121.0,4200.0,60.0,49.0,5460.0,10.0,96.0,80.0,0.0,10.0,16.0,22.0,25.0,29.0,34.0,38.0,41.0,43.0,60.0,81.0
183.0,48.0,60.0,73.0,54.0,10.0,0.0,0.0,2.0,9.0,11.0,21.0,25.0,27.0,34.0,36.0,40.0,59.0,61.0,81.0
243.0,97.0,30.0,92.0,139.0,20.0,0.0,0.0,2.0,9.0,13.0,21.0,25.0,28.0,33.0,36.0,40.0,42.0,77.0,81.0
172.0,50.0,30.0,53.0,65.0,30.0,0.0,0.0,2.0,9.0,15.0,21.0,25.0,30.0,33.0,36.0,40.0,43.0,72.0,82.0
344.0,237.0,60.0,156.0,281.0,10.0,216.0,180.0,2.0,10.0,13.0,22.0,24.0,29.0,34.0,39.0,40.0,55.0,79.0,81.0
112.0,2600.0,120.0,61.0,3120.0,30.0,0.0,0.0,1.0,9.0,16.0,21.0,25.0,27.0,33.0,39.0,41.0,43.0,60.0,81.0
88.0,29.0,120.0,85.0,32.0,30.0,0.0,0.0,1.0,9.0,11.0,21.0,25.0,29.0,34.0,36.0,40.0,59.0,65.0,81.0
106.0,2340.0,60.0,39.0,3120.0,20.0,60.0,39.0,0.0,9.0,16.0,23.0,25.0,28.0,34.0,37.0,41.0,52.0,60.0,81.0
234.0,68.0,60.0,120.0,72.0,20.0,0.0,0.0,2.0,9.0,11.0,21.0,24.0,29.0,33.0,36.0,40.0,42.0,77.0,81.0
119.0,48.0,30.0,68.0,62.0,20.0,130.0,104.0,3.0,9.0,11.0,23.0,25.0,29.0,34.0,38.0,40.0,42.0,61.0,81.0
106.0,80.0,30.0,48.0,91.0,30.0,143.0,52.0,2.0,9.0,13.0,20.0,24.0,29.0,34.0,35.0,40.0,43.0,60.0,81.0
267.0,213.0,30.0,140.0,266.0,30.0,250.0,160.0,2.0,10.0,13.0,22.0,25.0,30.0,34.0,38.0,40.0,57.0,72.0,81.0
133.0,3120.0,120.0,57.0,3380.0,20.0,0.0,0.0,1.0,9.0,16.0,21.0,25.0,28.0,34.0,39.0,41.0,43.0,79.0,81.0
226.0,163.0,120.0,92.0,198.0,20.0,136.0,88.0,2.0,10.0,13.0,22.0,24.0,30.0,34.0,38.0,40.0,57.0,60.0,81.0
282.0,103.0,120.0,166.0,132.0,10.0,234.0,130.0,3.0,9.0,13.0,21.0,24.0,28.0,34.0,38.0,40.0,59.0,62.0,81.0
123.0,20.0,60.0,78.0,26.0,30.0,48.0,45.0,1.0,9.0,12.0,21.0,25.0,27.0,34.0,39.0,40.0,58.0,61.0,82.0
105.0,29.0,30.0,60.0,35.0,20.0,0.0,0.0,4.0,9.0,12.0,21.0,26.0,28.0,34.0,36.0,40.0,42.0,61.0,82.0
106.0,3780.0,60.0,60.0,6720.0,30.0,56.0,58.0,0.0,10.0,16.0,23.0,25.0,29.0,34.0,38.0,41.0,42.0,72.0,82.0
171.0,142.0,120.0,130.0,153.0,20.0,140.0,104.0,2.0,10.0,13.0,23.0,24.0,29.0,34.0,38.0,40.0,43.0,72.0,81.0
159.0,211.0,60.0,68.0,245.0,10.0,170.0,88.0,0.0,10.0,13.0,22.0,24.0,28.0,34.0,38.0,40.0,57.0,60.0,81.0
89.0,42.0,60.0,34.0,65.0,30.0,70.0,45.0,0.0,10.0,11.0,22.0,24.0,29.0,34.0,38.0,40.0,57.0,61.0,81.0
148.0,128.0,30.0,93.0,147.0,10.0,80.0,50.0,2.0,10.0,13.0,22.0,25.0,28.0,34.0,37.0,40.0,47.0,61.0,81.0
164.0,158.0,30.0,56.0,181.0,10.0,136.0,125.0,2.0,10.0,13.0,22.0,25.0,29.0,34.0,37.0,40.0,57.0,60.0,81.0
183.0,76.0,30.0,70.0,90.0,10.0,144.0,100.0,2.0,10.0,11.0,22.0,25.0,30.0,34.0,37.0,40.0,43.0,72.0,81.0
116.0,35.0,30.0,73.0,45.0,20.0,0.0,0.0,2.0,9.0,11.0,21.0,25.0,27.0,33.0,36.0,40.0,43.0,77.0,81.0
145.0,163.0,120.0,123.0,196.0,30.0,72.0,65.0,2.0,10.0,18.0,21.0,24.0,30.0,33.0,37.0,40.0,59.0,77.0,81.0
194.0,94.0,120.0,85.0,109.0,30.0,260.0,104.0,2.0,10.0,11.0,23.0,24.0,28.0,34.0,37.0,40.0,42.0,79.0,81.0
184.0,2340.0,30.0,134.0,3120.0,10.0,0.0,0.0,1.0,9.0,16.0,21.0,25.0,28.0,33.0,36.0,41.0,43.0,72.0,82.0
212.0,49.0,120.0,142.0,62.0,10.0,234.0,123.0,2.0,9.0,11.0,22.0,24.0,29.0,34.0,37.0,40.0,57.0,60.0,81.0
158.0,83.0,60.0,68.0,100.0,20.0,182.0,80.0,2.0,10.0,15.0,21.0,25.0,30.0,33.0,38.0,40.0,52.0,61.0,82.0
234.0,67.0,120.0,188.0,88.0,10.0,136.0,100.0,2.0,9.0,11.0,21.0,25.0,28.0,34.0,37.0,40.0,55.0,65.0,81.0
196.0,91.0,60.0,115.0,94.0,20.0,120.0,80.0,2.0,10.0,11.0,22.0,25.0,29.0,34.0,38.0,40.0,43.0,79.0,81.0
135.0,42.0,60.0,56.0,48.0,10.0,80.0,50.0,3.0,9.0,11.0,21.0,24.0,28.0,33.0,37.0,40.0,47.0,61.0,81.0
114.0,40.0,60.0,55.0,45.0,20.0,182.0,95.0,2.0,9.0,11.0,20.0,24.0,29.0,34.0,35.0,40.0,43.0,79.0,81.0
129.0,68.0,120.0,61.0,81.0,20.0,110.0,97.0,0.0,10.0,11.0,22.0,24.0,29.0,34.0,37.0,40.0,59.0,61.0,81.0
77.0,47.0,60.0,55.0,53.0,10.0,91.0,52.0,3.0,9.0,13.0,21.0,25.0,31.0,34.0,36.0,40.0,59.0,77.0,81.0
346.0,144.0,60.0,153.0,165.0,10.0,192.0,150.0,3.0,9.0,13.0,21.0,25.0,30.0,34.0,37.0,40.0,55.0,79.0,81.0
150.0,79.0,120.0,56.0,90.0,30.0,221.0,84.0,1.0,10.0,11.0,21.0,25.0,28.0,33.0,35.0,40.0,57.0,60.0,81.0
233.0,48.0,30.0,82.0,66.0,20.0,221.0,105.0,2.0,9.0,11.0,21.0,25.0,29.0,34.0,37.0,40.0,42.0,77.0,81.0
121.0,3120.0,120.0,66.0,3380.0,20.0,130.0,60.0,2.0,9.0,16.0,21.0,25.0,29.0,34.0,37.0,41.0,48.0,60.0,81.0
122.0,2340.0,30.0,63.0,3380.0,30.0,0.0,0.0,1.0,9.0,16.0,21.0,25.0,28.0,34.0,39.0,41.0,43.0,79.0,81.0
110.0,43.0,120.0,35.0,48.0,30.0,80.0,45.0,6.0,9.0,11.0,21.0,24.0,30.0,33.0,37.0,40.0,43.0,60.0,82.0
130.0,2220.0,30.0,58.0,2405.0,30.0,0.0,0.0,2.0,9.0,17.0,21.0,25.0,31.0,33.0,36.0,41.0,52.0,60.0,81.0
200.0,55.0,120.0,113.0,56.0,30.0,110.0,60.0,1.0,9.0,11.0,21.0,25.0,29.0,34.0,37.0,40.0,43.0,60.0,81.0
113.0,2600.0,60.0,58.0,4160.0,30.0,75.0,50.0,0.0,9.0,16.0,23.0,25.0,29.0,34.0,38.0,41.0,42.0,61.0,81.0
292.0,77.0,120.0,71.0,82.0,30.0,220.0,130.0,3.0,9.0,11.0,21.0,25.0,29.0,34.0,38.0,40.0,52.0,77.0,81.0
207.0,40.0,120.0,149.0,50.0,10.0,120.0,64.0,3.0,9.0,11.0,21.0,25.0,28.0,34.0,39.0,40.0,43.0,77.0,81.0
82.0,22.0,60.0,31.0,34.0,30.0,56.0,52.0,3.0,9.0,11.0,23.0,24.0,30.0,34.0,38.0,40.0,43.0,77.0,81.0
184.0,84.0,30.0,65.0,105.0,30.0,182.0,72.0,0.0,10.0,11.0,22.0,24.0,30.0,34.0,37.0,40.0,52.0,61.0,82.0
126.0,68.0,60.0,88.0,76.0,20.0,130.0,100.0,2.0,10.0,11.0,21.0,25.0,28.0,34.0,38.0,40.0,42.0,61.0,82.0
231.0,194.0,30.0,117.0,237.0,30.0,260.0,92.0,2.0,10.0,13.0,22.0,25.0,28.0,34.0,37.0,40.0,42.0,77.0,81.0
159.0,167.0,120.0,55.0,198.0,20.0,180.0,143.0,2.0,10.0,13.0,23.0,24.0,29.0,34.0,37.0,40.0,52.0,61.0,81.0
104.0,34.0,120.0,59.0,40.0,30.0,117.0,36.0,3.0,9.0,11.0,21.0,24.0,28.0,34.0,37.0,40.0,42.0,61.0,81.0
107.0,3120.0,30.0,56.0,4160.0,20.0,0.0,0.0,0.0,9.0,16.0,21.0,25.0,28.0,34.0,37.0,41.0,42.0,61.0,82.0
236.0,126.0,120.0,63.0,137.0,30.0,200.0,115.0,2.0,10.0,11.0,22.0,24.0,29.0,34.0,38.0,40.0,59.0,60.0,81.0
201.0,110.0,120.0,88.0,122.0,20.0,221.0,110.0,3.0,10.0,11.0,23.0,24.0,29.0,34.0,38.0,40.0,43.0,72.0,81.0
269.0,116.0,120.0,171.0,118.0,30.0,160.0,95.0,2.0,10.0,11.0,22.0,24.0,29.0,34.0,38.0,40.0,43.0,72.0,81.0
159.0,22.0,120.0,121.0,25.0,20.0,1200.0,13.0,0.0,9.0,12.0,21.0,25.0,27.0,33.0,36.0,40.0,42.0,72.0,81.0
92.0,107.0,30.0,37.0,130.0,10.0,72.0,60.0,2.0,10.0,13.0,23.0,24.0,29.0,34.0,38.0,40.0,42.0,61.0,81.0
61.0,35.0,30.0,30.0,42.0,30.0,32.0,39.0,0.0,10.0,11.0,21.0,24.0,29.0,34.0,37.0,40.0,59.0,77.0,81.0
279.0,126.0,60.0,165.0,133.0,20.0,152.0,96.0,3.0,10.0,11.0,21.0,25.0,28.0,33.0,36.0,40.0,42.0,77.0,81.0
174.0,106.0,120.0,66.0,122.0,20.0,195.0,100.0,3.0,10.0,11.0,21.0,25.0,29.0,34.0,38.0,40.0,57.0,60.0,81.0
200.0,56.0,120.0,63.0,78.0,10.0,250.0,128.0,0.0,9.0,11.0,22.0,25.0,28.0,33.0,37.0,40.0,59.0,60.0,81.0
80.0,26.0,30.0,31.0,32.0,10.0,0.0,0.0,2.0,10.0,12.0,21.0,25.0,28.0,33.0,36.0,40.0,52.0,60.0,81.0
173.0,217.0,120.0,91.0,281.0,10.0,136.0,115.0,3.0,10.0,13.0,22.0,25.0,31.0,34.0,38.0,40.0,42.0,77.0,81.0
131.0,36.0,120.0,62.0,50.0,10.0,0.0,0.0,0.0,9.0,11.0,22.0,25.0,29.0,33.0,37.0,40.0,42.0,61.0,82.0
54.0,1800.0,60.0,28.0,1800.0,20.0,40.0,24.0,1.0,9.0,19.0,22.0,25.0,27.0,33.0,36.0,41.0,57.0,79.0,81.0
283.0,166.0,60.0,167.0,184.0,20.0,200.0,162.0,2.0,10.0,13.0,21.0,25.0,29.0,34.0,38.0,40.0,47.0,79.0,81.0
177.0,2600.0,30.0,66.0,4160.0,20.0,0.0,0.0,0.0,9.0,16.0,23.0,25.0,28.0,34.0,37.0,41.0,59.0,60.0,81.0
85.0,84.0,30.0,34.0,91.0,10.0,143.0,78.0,2.0,9.0,13.0,21.0,24.0,28.0,34.0,36.0,40.0,43.0,60.0,81.0
215.0,47.0,120.0,142.0,53.0,20.0,120.0,52.0,1.0,9.0,11.0,21.0,24.0,29.0,33.0,37.0,40.0,46.0,65.0,82.0
216.0,128.0,30.0,79.0,156.0,30.0,299.0,124.0,3.0,9.0,13.0,21.0,25.0,29.0,34.0,38.0,40.0,59.0,60.0,81.0
61.0,29.0,60.0,35.0,32.0,20.0,0.0,0.0,2.0,9.0,11.0,21.0,25.0,28.0,34.0,36.0,40.0,57.0,79.0,81.0
209.0,92.0,120.0,113.0,105.0,30.0,128.0,143.0,2.0,10.0,11.0,22.0,24.0,30.0,34.0,38.0,40.0,42.0,77.0,81.0
83.0,20.0,30.0,43.0,25.0,30.0,0.0,0.0,2.0,9.0,11.0,21.0,25.0,28.0,33.0,36.0,40.0,52.0,60.0,81.0
179.0,111.0,30.0,78.0,132.0,30.0,190.0,100.0,2.0,9.0,13.0,21.0,26.0,30.0,33.0,39.0,40.0,59.0,60.0,81.0
186.0,122.0,60.0,104.0,136.0,20.0,140.0,136.0,2.0,10.0,13.0,22.0,25.0,29.0,34.0,38.0,40.0,43.0,72.0,81.0
123.0,117.0,30.0,68.0,136.0,10.0,80.0,65.0,2.0,10.0,13.0,20.0,24.0,30.0,34.0,35.0,40.0,43.0,60.0,81.0
182.0,74.0,30.0,63.0,78.0,10.0,247.0,136.0,3.0,9.0,11.0,21.0,25.0,29.0,34.0,38.0,40.0,59.0,60.0,81.0
124.0,71.0,30.0,66.0,81.0,30.0,117.0,44.0,2.0,10.0,11.0,22.0,25.0,29.0,34.0,38.0,40.0,43.0,60.0,81.0
100.0,26.0,30.0,53.0,32.0,10.0,130.0,39.0,0.0,9.0,11.0,21.0,25.0,30.0,34.0,38.0,40.0,42.0,72.0,81.0
191.0,163.0,120.0,77.0,225.0,10.0,170.0,92.0,3.0,10.0,13.0,22.0,25.0,31.0,34.0,38.0,40.0,42.0,77.0,81.0
129.0,2220.0,60.0,85.0,2405.0,10.0,0.0,0.0,2.0,9.0,17.0,21.0,25.0,28.0,34.0,36.0,41.0,43.0,64.0,82.0
470.0,2340.0,60.0,284.0,3120.0,20.0,210.0,169.0,2.0,9.0,16.0,21.0,25.0,30.0,33.0,36.0,41.0,57.0,76.0,81.0
172.0,81.0,60.0,119.0,92.0,30.0,210.0,110.0,0.0,10.0,11.0,21.0,25.0,28.0,33.0,37.0,40.0,43.0,72.0,81.0
178.0,87.0,120.0,143.0,97.0,30.0,273.0,100.0,1.0,10.0,11.0,21.0,25.0,29.0,33.0,36.0,40.0,48.0,73.0,81.0
150.0,91.0,30.0,75.0,103.0,30.0,0.0,0.0,1.0,9.0,13.0,21.0,25.0,27.0,33.0,36.0,40.0,42.0,61.0,81.0
109.0,109.0,120.0,85.0,130.0,20.0,91.0,50.0,1.0,10.0,13.0,21.0,24.0,30.0,33.0,39.0,40.0,59.0,65.0,81.0
292.0,154.0,60.0,92.0,210.0,30.0,286.0,104.0,2.0,9.0,13.0,21.0,24.0,30.0,34.0,37.0,40.0,52.0,77.0,81.0
188.0,189.0,60.0,80.0,254.0,30.0,200.0,135.0,2.0,10.0,13.0,21.0,25.0,28.0,34.0,39.0,40.0,42.0,77.0,81.0
148.0,142.0,30.0,90.0,162.0,30.0,130.0,40.0,2.0,10.0,13.0,22.0,25.0,28.0,34.0,37.0,40.0,47.0,61.0,81.0
125.0,72.0,120.0,62.0,83.0,30.0,156.0,56.0,2.0,9.0,13.0,21.0,25.0,31.0,34.0,36.0,40.0,59.0,61.0,81.0
298.0,111.0,120.0,154.0,132.0,20.0,160.0,92.0,2.0,9.0,13.0,20.0,24.0,28.0,34.0,35.0,40.0,52.0,77.0,81.0
237.0,99.0,30.0,127.0,118.0,30.0,260.0,88.0,2.0,10.0,11.0,22.0,25.0,28.0,34.0,37.0,40.0,57.0,72.0,81.0
128.0,61.0,60.0,84.0,84.0,30.0,72.0,65.0,2.0,10.0,11.0,22.0,25.0,28.0,33.0,37.0,40.0,42.0,61.0,81.0
89.0,4200.0,120.0,38.0,5040.0,30.0,0.0,0.0,0.0,10.0,16.0,23.0,25.0,30.0,33.0,38.0,41.0,57.0,61.0,81.0
236.0,62.0,60.0,63.0,72.0,10.0,200.0,160.0,0.0,9.0,11.0,22.0,25.0,28.0,33.0,37.0,40.0,59.0,60.0,81.0
106.0,4200.0,30.0,41.0,5040.0,10.0,90.0,140.0,4.0,10.0,16.0,22.0,25.0,30.0,34.0,38.0,41.0,43.0,60.0,81.0
109.0,2340.0,60.0,58.0,3380.0,10.0,104.0,65.0,4.0,9.0,16.0,21.0,25.0,29.0,34.0,37.0,41.0,42.0,61.0,81.0
85.0,107.0,60.0,34.0,155.0,30.0,72.0,65.0,2.0,10.0,13.0,23.0,25.0,28.0,34.0,37.0,40.0,42.0,61.0,81.0
186.0,64.0,120.0,111.0,76.0,20.0,80.0,52.0,3.0,10.0,11.0,23.0,25.0,29.0,34.0,38.0,40.0,43.0,60.0,81.0
137.0,72.0,30.0,86.0,88.0,20.0,100.0,84.0,3.0,10.0,11.0,21.0,25.0,31.0,34.0,38.0,40.0,43.0,77.0,81.0
69.0,22.0,120.0,50.0,32.0,10.0,40.0,25.0,2.0,9.0,11.0,23.0,24.0,30.0,34.0,38.0,40.0,59.0,77.0,81.0
177.0,87.0,60.0,81.0,122.0,30.0,144.0,149.0,2.0,10.0,11.0,22.0,25.0,29.0,34.0,38.0,40.0,57.0,60.0,81.0
130.0,5040.0,120.0,54.0,5040.0,30.0,0.0,0.0,1.0,10.0,16.0,23.0,25.0,28.0,34.0,39.0,41.0,42.0,61.0,82.0
132.0,64.0,30.0,95.0,76.0,30.0,110.0,65.0,2.0,10.0,11.0,22.0,25.0,30.0,34.0,38.0,40.0,43.0,60.0,81.0
262.0,127.0,30.0,125.0,146.0,30.0,0.0,0.0,2.0,10.0,11.0,21.0,26.0,27.0,33.0,36.0,40.0,53.0,79.0,82.0
114.0,22.0,60.0,58.0,23.0,20.0,0.0,0.0,2.0,9.0,12.0,21.0,25.0,28.0,33.0,39.0,40.0,52.0,64.0,81.0
87.0,31.0,120.0,29.0,46.0,10.0,90.0,112.0,0.0,9.0,11.0,21.0,25.0,29.0,34.0,36.0,40.0,42.0,61.0,81.0
236.0,126.0,30.0,71.0,140.0,30.0,152.0,214.0,0.0,10.0,11.0,21.0,24.0,28.0,34.0,38.0,40.0,59.0,60.0,81.0
253.0,84.0,30.0,153.0,102.0,20.0,210.0,175.0,3.0,9.0,11.0,21.0,25.0,30.0,34.0,37.0,40.0,53.0,77.0,81.0
173.0,2600.0,120.0,93.0,4160.0,10.0,117.0,78.0,0.0,9.0,16.0,22.0,25.0,29.0,34.0,38.0,41.0,54.0,61.0,82.0
181.0,50.0,60.0,144.0,52.0,10.0,120.0,64.0,3.0,9.0,11.0,21.0,25.0,28.0,34.0,37.0,40.0,43.0,77.0,81.0
131.0,153.0,60.0,75.0,167.0,20.0,156.0,85.0,2.0,10.0,13.0,22.0,24.0,29.0,34.0,38.0,40.0,43.0,79.0,81.0
470.0,2600.0,60.0,278.0,3380.0,10.0,168.0,130.0,2.0,9.0,16.0,21.0,25.0,30.0,33.0,36.0,41.0,57.0,76.0,81.0
90.0,31.0,120.0,42.0,38.0,30.0,78.0,40.0,4.0,9.0,11.0,23.0,25.0,29.0,34.0,37.0,40.0,43.0,60.0,81.0
205.0,48.0,60.0,105.0,58.0,10.0,260.0,162.0,2.0,9.0,11.0,22.0,25.0,29.0,33.0,38.0,40.0,57.0,60.0,81.0
87.0,3120.0,120.0,34.0,3380.0,20.0,0.0,0.0,0.0,9.0,16.0,21.0,25.0,28.0,33.0,37.0,41.0,52.0,60.0,81.0
225.0,203.0,30.0,155.0,218.0,30.0,120.0,110.0,2.0,10.0,13.0,22.0,25.0,30.0,34.0,37.0,40.0,55.0,65.0,81.0
143.0,90.0,120.0,101.0,98.0,20.0,140.0,110.0,3.0,9.0,13.0,21.0,25.0,30.0,34.0,37.0,40.0,57.0,67.0,81.0
268.0,60.0,60.0,126.0,80.0,30.0,221.0,76.0,4.0,9.0,15.0,23.0,25.0,30.0,34.0,37.0,40.0,57.0,60.0,81.0
206.0,109.0,120.0,95.0,127.0,20.0,220.0,175.0,1.0,10.0,11.0,21.0,25.0,30.0,34.0,37.0,40.0,42.0,79.0,81.0
794.0,266.0,120.0,742.0,310.0,20.0,270.0,214.0,3.0,10.0,13.0,21.0,25.0,29.0,34.0,38.0,40.0,59.0,73.0,81.0
249.0,132.0,30.0,167.0,172.0,20.0,160.0,92.0,3.0,9.0,13.0,21.0,25.0,27.0,34.0,37.0,40.0,42.0,78.0,81.0
149.0,107.0,120.0,93.0,142.0,10.0,90.0,48.0,3.0,10.0,13.0,21.0,25.0,31.0,34.0,37.0,40.0,51.0,74.0,81.0
317.0,337.0,30.0,214.0,357.0,10.0,403.0,221.0,3.0,10.0,13.0,22.0,24.0,29.0,34.0,38.0,40.0,59.0,73.0,81.0
76.0,36.0,30.0,63.0,36.0,10.0,0.0,0.0,6.0,10.0,19.0,21.0,26.0,28.0,33.0,39.0,40.0,42.0,75.0,81.0
108.0,46.0,60.0,42.0,68.0,30.0,0.0,0.0,0.0,10.0,11.0,22.0,25.0,29.0,34.0,38.0,40.0,52.0,60.0,81.0
391.0,57.0,30.0,277.0,62.0,10.0,160.0,64.0,3.0,9.0,11.0,21.0,24.0,29.0,34.0,37.0,40.0,47.0,78.0,81.0
152.0,80.0,30.0,90.0,108.0,20.0,96.0,68.0,2.0,9.0,13.0,21.0,25.0,29.0,33.0,37.0,40.0,59.0,61.0,81.0
119.0,2600.0,30.0,93.0,3120.0,10.0,0.0,0.0,2.0,9.0,16.0,21.0,25.0,27.0,33.0,36.0,41.0,59.0,65.0,81.0
92.0,60.0,120.0,41.0,71.0,30.0,72.0,91.0,2.0,10.0,11.0,23.0,25.0,29.0,34.0,38.0,40.0,42.0,61.0,81.0
281.0,19.0,30.0,171.0,23.0,10.0,170.0,80.0,3.0,10.0,16.0,21.0,25.0,29.0,34.0,38.0,40.0,59.0,62.0,81.0
212.0,59.0,30.0,142.0,64.0,30.0,144.0,123.0,2.0,9.0,11.0,22.0,24.0,29.0,34.0,37.0,40.0,57.0,60.0,81.0
100.0,107.0,60.0,60.0,169.0,20.0,56.0,36.0,2.0,10.0,13.0,22.0,24.0,29.0,34.0,38.0,40.0,43.0,60.0,81.0
224.0,131.0,60.0,80.0,150.0,10.0,200.0,108.0,2.0,10.0,11.0,22.0,24.0,30.0,34.0,38.0,40.0,57.0,72.0,81.0
227.0,217.0,60.0,91.0,281.0,30.0,221.0,92.0,3.0,10.0,13.0,22.0,25.0,31.0,34.0,38.0,40.0,42.0,77.0,81.0
182.0,123.0,30.0,71.0,172.0,20.0,168.0,96.0,0.0,9.0,13.0,21.0,25.0,27.0,34.0,36.0,40.0,59.0,60.0,81.0
94.0,3780.0,120.0,36.0,6720.0,10.0,75.0,20.0,0.0,10.0,16.0,23.0,25.0,30.0,34.0,39.0,41.0,43.0,60.0,81.0
74.0,235.0,30.0,45.0,282.0,10.0,60.0,24.0,1.0,9.0,18.0,22.0,25.0,28.0,33.0,37.0,40.0,59.0,77.0,81.0
171.0,84.0,60.0,95.0,97.0,20.0,195.0,90.0,2.0,10.0,11.0,22.0,24.0,29.0,34.0,38.0,40.0,52.0,61.0,81.0
271.0,134.0,30.0,116.0,187.0,20.0,230.0,156.0,2.0,10.0,11.0,21.0,25.0,30.0,34.0,38.0,40.0,57.0,72.0,81.0
172.0,142.0,120.0,133.0,153.0,20.0,130.0,104.0,0.0,10.0,13.0,22.0,24.0,30.0,34.0,38.0,40.0,57.0,74.0,81.0
189.0,8.0,120.0,96.0,11.0,20.0,220.0,156.0,3.0,9.0,17.0,21.0,24.0,27.0,34.0,36.0,40.0,57.0,60.0,81.0
165.0,50.0,30.0,69.0,80.0,20.0,112.0,64.0,0.0,9.0,15.0,22.0,25.0,29.0,34.0,38.0,40.0,52.0,61.0,81.0
155.0,110.0,60.0,116.0,118.0,10.0,150.0,192.0,0.0,10.0,11.0,22.0,25.0,28.0,34.0,38.0,40.0,53.0,61.0,82.0
246.0,109.0,60.0,93.0,127.0,10.0,136.0,95.0,2.0,10.0,11.0,21.0,25.0,29.0,33.0,39.0,40.0,58.0,60.0,81.0
171.0,3780.0,120.0,96.0,5460.0,20.0,0.0,0.0,2.0,10.0,16.0,21.0,25.0,30.0,33.0,39.0,41.0,58.0,61.0,82.0
127.0,2340.0,120.0,58.0,3380.0,20.0,64.0,40.0,4.0,9.0,16.0,21.0,25.0,29.0,34.0,37.0,41.0,42.0,61.0,82.0
122.0,2600.0,120.0,76.0,3380.0,20.0,0.0,0.0,1.0,9.0,16.0,21.0,25.0,28.0,33.0,39.0,41.0,58.0,61.0,81.0
185.0,92.0,120.0,93.0,109.0,20.0,180.0,182.0,2.0,10.0,11.0,21.0,24.0,29.0,34.0,38.0,40.0,57.0,60.0,81.0
240.0,167.0,120.0,115.0,254.0,10.0,195.0,130.0,2.0,10.0,13.0,22.0,25.0,28.0,34.0,38.0,40.0,52.0,61.0,81.0
188.0,158.0,120.0,90.0,184.0,30.0,208.0,92.0,2.0,10.0,13.0,22.0,24.0,28.0,34.0,38.0,40.0,52.0,61.0,81.0
51.0,188.0,60.0,28.0,334.0,30.0,0.0,0.0,2.0,9.0,18.0,22.0,25.0,27.0,33.0,36.0,40.0,59.0,77.0,82.0
139.0,90.0,60.0,84.0,99.0,20.0,182.0,75.0,3.0,9.0,13.0,21.0,24.0,30.0,34.0,38.0,40.0,59.0,61.0,81.0
185.0,110.0,30.0,89.0,122.0,10.0,234.0,143.0,2.0,10.0,11.0,22.0,24.0,30.0,34.0,38.0,40.0,42.0,77.0,81.0
123.0,2220.0,60.0,79.0,2405.0,10.0,0.0,0.0,3.0,9.0,17.0,21.0,25.0,31.0,34.0,36.0,41.0,42.0,61.0,82.0
90.0,48.0,30.0,85.0,47.0,10.0,156.0,65.0,0.0,10.0,12.0,22.0,26.0,28.0,34.0,37.0,40.0,48.0,79.0,81.0
51.0,16.0,30.0,30.0,26.0,20.0,40.0,24.0,0.0,9.0,11.0,21.0,24.0,29.0,33.0,36.0,40.0,59.0,77.0,81.0
126.0,45.0,120.0,61.0,60.0,30.0,130.0,32.0,1.0,9.0,15.0,22.0,25.0,28.0,34.0,36.0,40.0,43.0,79.0,81.0
124.0,108.0,120.0,87.0,132.0,10.0,88.0,60.0,3.0,9.0,13.0,21.0,25.0,29.0,34.0,38.0,40.0,42.0,61.0,81.0
145.0,74.0,60.0,111.0,78.0,20.0,169.0,85.0,3.0,10.0,11.0,21.0,25.0,29.0,33.0,38.0,40.0,52.0,66.0,81.0
89.0,30.0,30.0,38.0,43.0,20.0,70.0,52.0,0.0,9.0,11.0,20.0,24.0,30.0,34.0,35.0,40.0,57.0,61.0,81.0
283.0,133.0,120.0,162.0,139.0,30.0,190.0,125.0,3.0,9.0,13.0,21.0,24.0,28.0,33.0,37.0,40.0,59.0,74.0,81.0
142.0,5040.0,30.0,104.0,5040.0,10.0,0.0,0.0,2.0,10.0,16.0,21.0,25.0,29.0,34.0,38.0,41.0,43.0,72.0,81.0
85.0,218.0,60.0,36.0,349.0,30.0,50.0,35.0,0.0,9.0,18.0,21.0,25.0,28.0,33.0,39.0,40.0,52.0,60.0,81.0
90.0,22.0,120.0,41.0,28.0,20.0,0.0,0.0,0.0,9.0,11.0,22.0,25.0,29.0,34.0,37.0,40.0,52.0,60.0,81.0
272.0,134.0,60.0,135.0,146.0,20.0,168.0,128.0,1.0,10.0,11.0,23.0,25.0,29.0,34.0,37.0,40.0,52.0,79.0,81.0
249.0,90.0,60.0,167.0,105.0,20.0,221.0,110.0,0.0,10.0,11.0,21.0,25.0,30.0,34.0,38.0,40.0,57.0,60.0,81.0
200.0,148.0,30.0,81.0,198.0,20.0,190.0,149.0,2.0,9.0,13.0,22.0,24.0,28.0,34.0,37.0,40.0,42.0,79.0,81.0
186.0,50.0,120.0,81.0,60.0,30.0,120.0,110.0,4.0,9.0,15.0,22.0,25.0,28.0,34.0,37.0,40.0,52.0,61.0,81.0
31.0,31.0,60.0,8.0,56.0,30.0,32.0,104.0,1.0,10.0,19.0,21.0,25.0,29.0,34.0,38.0,40.0,57.0,79.0,82.0
193.0,211.0,120.0,50.0,225.0,30.0,170.0,95.0,2.0,10.0,13.0,22.0,25.0,29.0,34.0,38.0,40.0,42.0,77.0,81.0
190.0,110.0,120.0,160.0,133.0,10.0,120.0,100.0,3.0,10.0,11.0,21.0,25.0,31.0,34.0,36.0,40.0,43.0,73.0,81.0
247.0,126.0,60.0,92.0,182.0,10.0,247.0,143.0,0.0,9.0,18.0,22.0,25.0,29.0,33.0,38.0,40.0,52.0,77.0,81.0
192.0,56.0,120.0,55.0,78.0,10.0,0.0,0.0,1.0,9.0,11.0,21.0,25.0,28.0,34.0,38.0,40.0,59.0,60.0,81.0
230.0,75.0,30.0,122.0,100.0,10.0,0.0,0.0,2.0,10.0,15.0,21.0,25.0,31.0,33.0,39.0,40.0,57.0,60.0,82.0
102.0,22.0,60.0,51.0,34.0,30.0,0.0,0.0,1.0,9.0,11.0,21.0,25.0,29.0,34.0,39.0,40.0,57.0,61.0,82.0
195.0,94.0,60.0,116.0,109.0,20.0,221.0,130.0,2.0,10.0,11.0,20.0,25.0,31.0,34.0,38.0,40.0,42.0,77.0,81.0
157.0,48.0,30.0,102.0,54.0,30.0,169.0,64.0,2.0,9.0,11.0,22.0,25.0,29.0,34.0,38.0,40.0,42.0,61.0,81.0
114.0,146.0,30.0,49.0,168.0,20.0,176.0,104.0,2.0,10.0,11.0,22.0,24.0,29.0,34.0,38.0,40.0,43.0,79.0,81.0
51.0,30.0,30.0,32.0,38.0,30.0,40.0,30.0,3.0,9.0,13.0,21.0,24.0,28.0,34.0,37.0,40.0,59.0,77.0,81.0
308.0,131.0,30.0,155.0,146.0,30.0,200.0,201.0,2.0,10.0,11.0,23.0,24.0,29.0,34.0,38.0,40.0,57.0,72.0,81.0
111.0,46.0,60.0,53.0,49.0,20.0,72.0,40.0,2.0,9.0,11.0,22.0,25.0,29.0,34.0,37.0,40.0,43.0,60.0,81.0
71.0,116.0,30.0,42.0,139.0,10.0,0.0,0.0,2.0,9.0,19.0,21.0,25.0,27.0,33.0,39.0,40.0,59.0,77.0,81.0
179.0,62.0,60.0,71.0,80.0,30.0,190.0,100.0,0.0,9.0,11.0,22.0,25.0,29.0,34.0,37.0,40.0,59.0,60.0,81.0
116.0,42.0,30.0,70.0,48.0,30.0,182.0,52.0,3.0,9.0,11.0,21.0,25.0,30.0,34.0,36.0,40.0,42.0,65.0,81.0
85.0,63.0,60.0,34.0,91.0,30.0,64.0,58.0,2.0,9.0,13.0,21.0,24.0,29.0,34.0,37.0,40.0,42.0,61.0,81.0
248.0,126.0,60.0,111.0,161.0,30.0,247.0,112.0,2.0,10.0,11.0,22.0,25.0,29.0,34.0,38.0,40.0,57.0,60.0,81.0
121.0,3780.0,60.0,52.0,5040.0,20.0,120.0,104.0,0.0,10.0,16.0,22.0,25.0,29.0,34.0,38.0,41.0,43.0,60.0,81.0
112.0,2600.0,120.0,63.0,3120.0,30.0,48.0,45.0,6.0,9.0,16.0,21.0,25.0,27.0,34.0,36.0,41.0,42.0,72.0,81.0
122.0,2340.0,120.0,79.0,3120.0,30.0,0.0,0.0,0.0,9.0,16.0,22.0,25.0,29.0,34.0,38.0,41.0,55.0,60.0,81.0
98.0,56.0,60.0,47.0,65.0,10.0,104.0,71.0,2.0,9.0,13.0,22.0,24.0,29.0,34.0,37.0,40.0,57.0,61.0,81.0
238.0,49.0,120.0,170.0,62.0,10.0,182.0,104.0,3.0,9.0,11.0,21.0,25.0,30.0,34.0,37.0,40.0,42.0,65.0,81.0
54.0,15.0,30.0,30.0,19.0,10.0,0.0,0.0,1.0,10.0,12.0,22.0,25.0,29.0,34.0,38.0,40.0,59.0,77.0,82.0
158.0,23.0,30.0,60.0,23.0,10.0,221.0,123.0,0.0,10.0,16.0,21.0,24.0,28.0,34.0,38.0,40.0,57.0,60.0,81.0
294.0,46.0,30.0,194.0,50.0,30.0,0.0,0.0,2.0,9.0,11.0,21.0,24.0,28.0,33.0,37.0,40.0,43.0,60.0,81.0
291.0,196.0,60.0,117.0,225.0,20.0,220.0,208.0,2.0,10.0,13.0,22.0,25.0,29.0,34.0,38.0,40.0,42.0,79.0,81.0
49.0,102.0,60.0,30.0,122.0,20.0,52.0,25.0,1.0,9.0,18.0,21.0,25.0,28.0,33.0,37.0,40.0,57.0,79.0,82.0
191.0,95.0,30.0,83.0,111.0,10.0,136.0,110.0,0.0,9.0,13.0,22.0,25.0,28.0,34.0,38.0,40.0,57.0,60.0,81.0
203.0,106.0,120.0,140.0,123.0,20.0,170.0,143.0,3.0,9.0,13.0,21.0,24.0,28.0,34.0,38.0,40.0,59.0,67.0,81.0
54.0,204.0,120.0,31.0,265.0,20.0,60.0,91.0,2.0,10.0,18.0,21.0,25.0,29.0,34.0,38.0,40.0,57.0,79.0,81.0
89.0,25.0,30.0,31.0,32.0,30.0,91.0,32.0,3.0,9.0,11.0,23.0,24.0,30.0,34.0,38.0,40.0,43.0,77.0,81.0
114.0,4200.0,120.0,63.0,5040.0,30.0,0.0,0.0,2.0,10.0,16.0,21.0,25.0,30.0,34.0,38.0,41.0,43.0,60.0,81.0
90.0,65.0,30.0,45.0,88.0,20.0,96.0,48.0,2.0,10.0,11.0,23.0,25.0,29.0,34.0,38.0,40.0,43.0,60.0,81.0
214.0,95.0,120.0,84.0,116.0,20.0,168.0,104.0,2.0,9.0,13.0,22.0,25.0,28.0,34.0,37.0,40.0,57.0,60.0,81.0
246.0,148.0,60.0,160.0,165.0,10.0,180.0,96.0,3.0,9.0,13.0,21.0,24.0,31.0,33.0,37.0,40.0,57.0,60.0,81.0
195.0,153.0,30.0,113.0,162.0,10.0,150.0,72.0,2.0,10.0,13.0,22.0,25.0,28.0,34.0,37.0,40.0,54.0,77.0,81.0
54.0,245.0,60.0,33.0,265.0,10.0,60.0,56.0,2.0,10.0,18.0,21.0,25.0,29.0,34.0,38.0,40.0,57.0,79.0,82.0
182.0,105.0,120.0,63.0,122.0,20.0,210.0,214.0,2.0,10.0,11.0,22.0,24.0,29.0,34.0,38.0,40.0,59.0,60.0,81.0
208.0,67.0,60.0,89.0,94.0,30.0,168.0,84.0,2.0,9.0,14.0,21.0,24.0,28.0,33.0,36.0,40.0,42.0,79.0,82.0
146.0,136.0,120.0,49.0,181.0,10.0,156.0,104.0,2.0,10.0,13.0,21.0,25.0,28.0,34.0,37.0,40.0,59.0,61.0,81.0
454.0,161.0,60.0,274.0,182.0,10.0,184.0,165.0,0.0,9.0,13.0,23.0,24.0,29.0,34.0,38.0,40.0,57.0,76.0,81.0
114.0,68.0,60.0,55.0,76.0,20.0,143.0,80.0,2.0,10.0,11.0,21.0,24.0,30.0,34.0,38.0,40.0,59.0,61.0,81.0
98.0,31.0,30.0,26.0,46.0,20.0,117.0,15.0,1.0,9.0,11.0,21.0,25.0,29.0,33.0,37.0,40.0,42.0,61.0,81.0
125.0,58.0,120.0,54.0,90.0,10.0,104.0,58.0,2.0,10.0,11.0,22.0,24.0,29.0,34.0,38.0,40.0,43.0,60.0,81.0
211.0,189.0,30.0,103.0,210.0,10.0,160.0,140.0,2.0,10.0,13.0,23.0,24.0,30.0,34.0,38.0,40.0,42.0,77.0,81.0
204.0,100.0,120.0,54.0,100.0,30.0,140.0,80.0,2.0,10.0,15.0,21.0,25.0,30.0,33.0,38.0,40.0,52.0,61.0,82.0
143.0,75.0,60.0,98.0,90.0,10.0,130.0,84.0,2.0,9.0,13.0,22.0,25.0,29.0,34.0,37.0,40.0,43.0,60.0,81.0
165.0,89.0,30.0,114.0,109.0,20.0,150.0,104.0,2.0,10.0,11.0,21.0,25.0,29.0,34.0,37.0,40.0,42.0,65.0,82.0
245.0,128.0,30.0,108.0,156.0,30.0,273.0,104.0,3.0,9.0,13.0,21.0,25.0,29.0,34.0,37.0,40.0,59.0,60.0,81.0
192.0,67.0,60.0,107.0,74.0,20.0,140.0,110.0,2.0,10.0,11.0,22.0,24.0,28.0,33.0,38.0,40.0,44.0,77.0,81.0
148.0,3120.0,120.0,62.0,4160.0,10.0,0.0,0.0,1.0,9.0,16.0,21.0,25.0,28.0,34.0,36.0,41.0,57.0,60.0,81.0
206.0,130.0,60.0,73.0,172.0,30.0,221.0,76.0,2.0,9.0,13.0,22.0,25.0,28.0,34.0,37.0,40.0,57.0,60.0,81.0
129.0,48.0,30.0,59.0,62.0,20.0,0.0,0.0,1.0,9.0,11.0,22.0,26.0,29.0,33.0,38.0,40.0,59.0,61.0,82.0
205.0,49.0,30.0,69.0,56.0,10.0,150.0,76.0,2.0,9.0,11.0,23.0,24.0,29.0,34.0,38.0,40.0,52.0,61.0,81.0
132.0,23.0,30.0,61.0,26.0,10.0,90.0,20.0,0.0,9.0,12.0,21.0,24.0,27.0,34.0,37.0,40.0,42.0,61.0,81.0
220.0,60.0,120.0,139.0,62.0,30.0,140.0,95.0,3.0,9.0,11.0,21.0,24.0,31.0,34.0,37.0,40.0,42.0,77.0,81.0
85.0,84.0,60.0,37.0,98.0,10.0,80.0,40.0,3.0,9.0,13.0,20.0,24.0,28.0,34.0,35.0,40.0,43.0,60.0,81.0
244.0,198.0,120.0,95.0,274.0,10.0,247.0,162.0,3.0,10.0,13.0,21.0,25.0,29.0,33.0,38.0,40.0,57.0,60.0,81.0
206.0,130.0,60.0,92.0,139.0,20.0,0.0,0.0,2.0,9.0,13.0,21.0,25.0,28.0,33.0,36.0,40.0,42.0,77.0,81.0
189.0,90.0,30.0,75.0,109.0,30.0,221.0,84.0,0.0,10.0,11.0,22.0,24.0,29.0,34.0,38.0,40.0,57.0,60.0,81.0
94.0,31.0,60.0,50.0,40.0,10.0,70.0,36.0,0.0,9.0,11.0,21.0,24.0,28.0,34.0,37.0,40.0,57.0,61.0,81.0
119.0,60.0,120.0,46.0,84.0,10.0,117.0,65.0,2.0,10.0,11.0,22.0,24.0,28.0,34.0,37.0,40.0,43.0,60.0,81.0
128.0,91.0,120.0,84.0,103.0,20.0,110.0,104.0,2.0,9.0,13.0,23.0,25.0,28.0,34.0,39.0,40.0,43.0,69.0,81.0
114.0,80.0,120.0,44.0,91.0,20.0,110.0,97.0,3.0,9.0,13.0,21.0,24.0,29.0,33.0,38.0,40.0,59.0,61.0,81.0
106.0,54.0,30.0,34.0,78.0,20.0,104.0,60.0,2.0,10.0,11.0,21.0,24.0,29.0,34.0,38.0,40.0,43.0,60.0,81.0
183.0,70.0,120.0,111.0,84.0,20.0,104.0,64.0,2.0,10.0,11.0,22.0,25.0,29.0,34.0,39.0,40.0,55.0,61.0,81.0
148.0,101.0,120.0,112.0,122.0,10.0,112.0,100.0,2.0,10.0,11.0,22.0,24.0,28.0,34.0,39.0,40.0,53.0,61.0,81.0
257.0,146.0,60.0,95.0,174.0,10.0,270.0,120.0,2.0,10.0,11.0,22.0,25.0,29.0,33.0,37.0,40.0,52.0,79.0,81.0
202.0,106.0,60.0,72.0,140.0,30.0,221.0,84.0,2.0,10.0,11.0,22.0,24.0,28.0,34.0,37.0,40.0,57.0,60.0,81.0
182.0,210.0,120.0,63.0,245.0,20.0,190.0,136.0,3.0,10.0,13.0,21.0,24.0,28.0,34.0,37.0,40.0,59.0,60.0,81.0
69.0,58.0,120.0,47.0,68.0,30.0,48.0,39.0,1.0,10.0,13.0,22.0,25.0,28.0,33.0,37.0,40.0,57.0,79.0,81.0
300.0,225.0,120.0,149.0,293.0,10.0,312.0,182.0,2.0,10.0,13.0,22.0,25.0,30.0,34.0,38.0,40.0,57.0,72.0,81.0
112.0,4200.0,120.0,72.0,6720.0,10.0,104.0,156.0,1.0,10.0,16.0,22.0,25.0,29.0,34.0,38.0,41.0,59.0,78.0,82.0
102.0,3120.0,60.0,89.0,3120.0,20.0,0.0,0.0,2.0,9.0,16.0,21.0,25.0,27.0,33.0,36.0,41.0,59.0,65.0,81.0
134.0,22.0,30.0,61.0,24.0,30.0,0.0,0.0,2.0,9.0,12.0,21.0,25.0,28.0,33.0,39.0,40.0,52.0,64.0,81.0
200.0,108.0,60.0,145.0,132.0,30.0,170.0,115.0,3.0,9.0,13.0,21.0,25.0,29.0,34.0,37.0,40.0,53.0,61.0,81.0
70.0,3780.0,60.0,48.0,5460.0,10.0,65.0,45.0,1.0,10.0,16.0,21.0,25.0,29.0,34.0,38.0,41.0,57.0,77.0,81.0
103.0,30.0,60.0,38.0,43.0,30.0,91.0,36.0,3.0,9.0,11.0,21.0,25.0,29.0,34.0,37.0,40.0,57.0,61.0,81.0
209.0,4200.0,30.0,131.0,5040.0,10.0,0.0,0.0,2.0,10.0,16.0,22.0,26.0,28.0,34.0,36.0,41.0,43.0,75.0,81.0
200.0,94.0,60.0,81.0,112.0,10.0,273.0,162.0,0.0,10.0,11.0,21.0,24.0,28.0,34.0,37.0,40.0,59.0,60.0,81.0
91.0,47.0,60.0,60.0,98.0,30.0,56.0,58.0,2.0,9.0,13.0,22.0,25.0,29.0,34.0,38.0,40.0,43.0,60.0,81.0
283.0,110.0,120.0,84.0,165.0,10.0,270.0,152.0,2.0,10.0,11.0,21.0,24.0,31.0,34.0,38.0,40.0,59.0,72.0,81.0
283.0,72.0,30.0,84.0,88.0,30.0,351.0,152.0,3.0,9.0,11.0,21.0,25.0,29.0,33.0,37.0,40.0,59.0,72.0,81.0
150.0,52.0,60.0,64.0,57.0,20.0,260.0,115.0,0.0,9.0,11.0,23.0,24.0,28.0,33.0,37.0,40.0,57.0,60.0,81.0
123.0,68.0,120.0,110.0,86.0,10.0,64.0,55.0,3.0,9.0,13.0,21.0,25.0,28.0,33.0,37.0,40.0,59.0,77.0,81.0
85.0,107.0,60.0,34.0,155.0,30.0,72.0,78.0,2.0,10.0,13.0,23.0,24.0,29.0,34.0,38.0,40.0,42.0,61.0,81.0
160.0,91.0,30.0,132.0,91.0,30.0,72.0,78.0,3.0,9.0,13.0,21.0,24.0,28.0,34.0,37.0,40.0,59.0,65.0,81.0
164.0,176.0,60.0,56.0,245.0,30.0,200.0,130.0,2.0,10.0,13.0,21.0,24.0,30.0,34.0,38.0,40.0,57.0,60.0,81.0
89.0,2340.0,120.0,31.0,4160.0,10.0,75.0,32.0,1.0,9.0,16.0,21.0,25.0,28.0,33.0,37.0,41.0,42.0,61.0,81.0
61.0,251.0,30.0,30.0,272.0,30.0,0.0,0.0,2.0,9.0,18.0,22.0,25.0,27.0,33.0,36.0,40.0,59.0,77.0,81.0
105.0,5.0,30.0,62.0,8.0,20.0,0.0,0.0,8.0,9.0,19.0,21.0,25.0,27.0,34.0,36.0,40.0,52.0,60.0,81.0
153.0,19.0,60.0,112.0,31.0,30.0,120.0,75.0,3.0,10.0,16.0,21.0,25.0,29.0,34.0,37.0,40.0,42.0,65.0,81.0
112.0,23.0,30.0,54.0,28.0,30.0,117.0,20.0,0.0,9.0,12.0,21.0,24.0,27.0,34.0,37.0,40.0,42.0,61.0,82.0
212.0,50.0,30.0,128.0,50.0,30.0,96.0,78.0,2.0,9.0,11.0,21.0,25.0,28.0,34.0,37.0,40.0,43.0,72.0,81.0
88.0,58.0,60.0,39.0,81.0,30.0,72.0,71.0,2.0,10.0,11.0,22.0,25.0,29.0,34.0,38.0,40.0,43.0,60.0,81.0
182.0,105.0,120.0,63.0,122.0,20.0,210.0,162.0,0.0,10.0,11.0,21.0,24.0,28.0,34.0,37.0,40.0,59.0,60.0,81.0
150.0,124.0,120.0,64.0,165.0,10.0,136.0,85.0,3.0,9.0,13.0,21.0,25.0,28.0,34.0,39.0,40.0,42.0,77.0,81.0
98.0,71.0,120.0,50.0,84.0,20.0,100.0,84.0,2.0,10.0,11.0,22.0,24.0,28.0,34.0,38.0,40.0,43.0,60.0,81.0
90.0,23.0,60.0,75.0,25.0,10.0,70.0,32.0,3.0,10.0,16.0,21.0,25.0,29.0,34.0,37.0,40.0,59.0,77.0,81.0
108.0,32.0,60.0,60.0,43.0,30.0,80.0,91.0,3.0,9.0,11.0,21.0,24.0,29.0,34.0,37.0,40.0,57.0,61.0,81.0
87.0,40.0,120.0,61.0,46.0,10.0,150.0,72.0,1.0,9.0,11.0,22.0,25.0,28.0,34.0,37.0,40.0,59.0,78.0,81.0
190.0,66.0,120.0,115.0,80.0,10.0,234.0,110.0,6.0,9.0,11.0,21.0,25.0,27.0,33.0,36.0,40.0,55.0,74.0,82.0
116.0,54.0,60.0,53.0,83.0,30.0,78.0,40.0,0.0,9.0,13.0,22.0,25.0,28.0,34.0,37.0,40.0,51.0,60.0,81.0
292.0,131.0,60.0,92.0,178.0,30.0,286.0,100.0,2.0,10.0,11.0,22.0,24.0,29.0,34.0,38.0,40.0,52.0,77.0,81.0
81.0,10.0,30.0,52.0,12.0,10.0,60.0,8.0,2.0,9.0,12.0,21.0,25.0,31.0,34.0,37.0,40.0,59.0,77.0,81.0
174.0,3120.0,120.0,61.0,3380.0,20.0,182.0,90.0,4.0,9.0,16.0,22.0,25.0,30.0,33.0,37.0,41.0,43.0,70.0,81.0
128.0,71.0,120.0,53.0,92.0,10.0,130.0,78.0,2.0,10.0,11.0,23.0,24.0,29.0,34.0,37.0,40.0,43.0,60.0,81.0
103.0,83.0,60.0,67.0,91.0,20.0,130.0,60.0,0.0,9.0,13.0,21.0,25.0,28.0,34.0,37.0,40.0,43.0,60.0,81.0
122.0,52.0,30.0,74.0,63.0,30.0,0.0,0.0,2.0,9.0,13.0,21.0,25.0,27.0,33.0,36.0,40.0,52.0,60.0,82.0
95.0,498.0,60.0,47.0,539.0,10.0,80.0,96.0,4.0,10.0,19.0,22.0,25.0,30.0,34.0,38.0,40.0,43.0,60.0,82.0
320.0,58.0,60.0,213.0,64.0,10.0,0.0,0.0,0.0,9.0,11.0,21.0,25.0,28.0,34.0,38.0,40.0,56.0,72.0,81.0
279.0,115.0,120.0,196.0,128.0,30.0,247.0,100.0,2.0,9.0,13.0,23.0,24.0,29.0,34.0,38.0,40.0,50.0,77.0,81.0
106.0,72.0,60.0,41.0,94.0,30.0,117.0,52.0,2.0,10.0,11.0,23.0,24.0,29.0,34.0,38.0,40.0,42.0,61.0,81.0
168.0,29.0,30.0,96.0,32.0,10.0,110.0,32.0,5.0,9.0,11.0,22.0,24.0,30.0,33.0,37.0,40.0,52.0,60.0,81.0
189.0,170.0,60.0,90.0,237.0,30.0,128.0,136.0,2.0,10.0,13.0,22.0,24.0,30.0,34.0,38.0,40.0,43.0,72.0,81.0
165.0,147.0,60.0,141.0,155.0,20.0,156.0,80.0,2.0,10.0,13.0,22.0,24.0,29.0,34.0,38.0,40.0,52.0,66.0,81.0
51.0,16.0,120.0,28.0,21.0,20.0,40.0,39.0,3.0,9.0,11.0,21.0,24.0,31.0,34.0,36.0,40.0,59.0,77.0,81.0
182.0,94.0,120.0,71.0,109.0,30.0,247.0,112.0,3.0,10.0,11.0,21.0,25.0,30.0,34.0,37.0,40.0,59.0,60.0,81.0
61.0,40.0,60.0,32.0,62.0,30.0,65.0,24.0,0.0,9.0,13.0,22.0,24.0,28.0,34.0,38.0,40.0,59.0,77.0,81.0
116.0,71.0,60.0,83.0,78.0,20.0,156.0,75.0,2.0,10.0,11.0,22.0,24.0,30.0,34.0,38.0,40.0,43.0,60.0,81.0
155.0,17.0,120.0,129.0,23.0,30.0,169.0,64.0,1.0,10.0,16.0,21.0,25.0,29.0,34.0,38.0,40.0,47.0,65.0,81.0
193.0,103.0,30.0,85.0,123.0,10.0,144.0,120.0,3.0,9.0,13.0,21.0,24.0,30.0,34.0,38.0,40.0,57.0,60.0,81.0
265.0,113.0,60.0,116.0,146.0,30.0,208.0,80.0,2.0,10.0,11.0,22.0,25.0,29.0,34.0,38.0,40.0,43.0,72.0,81.0
54.0,26.0,30.0,30.0,32.0,10.0,32.0,30.0,0.0,10.0,11.0,21.0,24.0,29.0,34.0,37.0,40.0,59.0,77.0,81.0
130.0,60.0,30.0,74.0,71.0,30.0,130.0,52.0,2.0,10.0,11.0,22.0,24.0,29.0,34.0,38.0,40.0,52.0,66.0,81.0
201.0,97.0,60.0,96.0,116.0,10.0,221.0,130.0,2.0,9.0,13.0,22.0,25.0,29.0,34.0,37.0,40.0,43.0,72.0,81.0
109.0,2600.0,30.0,44.0,3120.0,10.0,90.0,40.0,0.0,9.0,16.0,22.0,25.0,28.0,34.0,38.0,41.0,42.0,61.0,81.0
183.0,58.0,60.0,84.0,70.0,30.0,0.0,0.0,2.0,9.0,11.0,21.0,25.0,27.0,34.0,36.0,40.0,59.0,61.0,81.0
205.0,59.0,30.0,61.0,66.0,30.0,120.0,110.0,2.0,9.0,11.0,22.0,25.0,28.0,34.0,37.0,40.0,43.0,72.0,81.0
172.0,5040.0,30.0,67.0,6720.0,20.0,0.0,0.0,2.0,10.0,16.0,22.0,24.0,28.0,33.0,36.0,41.0,52.0,61.0,82.0
103.0,22.0,120.0,38.0,28.0,20.0,56.0,32.0,0.0,9.0,11.0,20.0,24.0,30.0,34.0,35.0,40.0,57.0,61.0,81.0
166.0,81.0,120.0,91.0,97.0,30.0,112.0,123.0,2.0,10.0,11.0,22.0,24.0,28.0,34.0,38.0,40.0,52.0,61.0,81.0
196.0,48.0,30.0,88.0,54.0,10.0,136.0,105.0,2.0,9.0,11.0,21.0,25.0,29.0,34.0,37.0,40.0,42.0,77.0,81.0
116.0,61.0,30.0,78.0,74.0,30.0,100.0,70.0,0.0,10.0,11.0,21.0,25.0,28.0,34.0,37.0,40.0,43.0,60.0,81.0
89.0,5040.0,30.0,38.0,6720.0,20.0,0.0,0.0,0.0,10.0,16.0,23.0,25.0,30.0,33.0,38.0,41.0,57.0,61.0,82.0
119.0,2340.0,30.0,89.0,4160.0,20.0,0.0,0.0,2.0,9.0,16.0,21.0,25.0,27.0,33.0,36.0,41.0,59.0,65.0,81.0
254.0,123.0,120.0,154.0,132.0,30.0,160.0,149.0,2.0,9.0,13.0,20.0,24.0,28.0,34.0,35.0,40.0,52.0,77.0,81.0
85.0,60.0,120.0,34.0,74.0,20.0,90.0,78.0,2.0,10.0,11.0,22.0,24.0,29.0,34.0,38.0,40.0,43.0,60.0,81.0
198.0,60.0,60.0,84.0,60.0,20.0,136.0,92.0,2.0,9.0,15.0,21.0,25.0,29.0,33.0,37.0,40.0,57.0,60.0,81.0
132.0,3780.0,120.0,74.0,6720.0,10.0,90.0,40.0,5.0,10.0,16.0,22.0,25.0,29.0,34.0,38.0,41.0,43.0,60.0,81.0
82.0,45.0,60.0,31.0,68.0,30.0,56.0,58.0,3.0,9.0,13.0,21.0,25.0,31.0,33.0,38.0,40.0,57.0,61.0,81.0
136.0,138.0,60.0,85.0,162.0,10.0,156.0,97.0,2.0,10.0,13.0,22.0,24.0,28.0,34.0,38.0,40.0,50.0,61.0,81.0
225.0,105.0,60.0,96.0,146.0,30.0,0.0,0.0,1.0,10.0,11.0,22.0,24.0,28.0,34.0,37.0,40.0,42.0,79.0,81.0
237.0,66.0,60.0,108.0,91.0,30.0,210.0,150.0,3.0,9.0,11.0,21.0,25.0,29.0,34.0,37.0,40.0,52.0,79.0,81.0
102.0,24.0,30.0,46.0,29.0,30.0,78.0,32.0,0.0,9.0,11.0,21.0,25.0,28.0,34.0,37.0,40.0,52.0,60.0,82.0
320.0,134.0,30.0,154.0,156.0,10.0,216.0,210.0,3.0,9.0,13.0,21.0,25.0,28.0,34.0,38.0,40.0,57.0,72.0,81.0
86.0,5040.0,120.0,43.0,6720.0,10.0,60.0,25.0,0.0,10.0,16.0,23.0,25.0,30.0,34.0,39.0,41.0,43.0,60.0,81.0
112.0,83.0,120.0,67.0,91.0,30.0,80.0,78.0,0.0,9.0,13.0,21.0,25.0,28.0,34.0,37.0,40.0,43.0,60.0,81.0
270.0,213.0,120.0,138.0,293.0,10.0,250.0,144.0,3.0,10.0,13.0,21.0,24.0,28.0,34.0,38.0,40.0,59.0,72.0,81.0
69.0,9.0,30.0,50.0,12.0,30.0,40.0,60.0,1.0,9.0,12.0,22.0,25.0,30.0,34.0,38.0,40.0,57.0,79.0,81.0
125.0,80.0,60.0,68.0,90.0,20.0,156.0,70.0,2.0,9.0,13.0,21.0,25.0,31.0,34.0,36.0,40.0,59.0,61.0,81.0
227.0,90.0,30.0,89.0,105.0,10.0,170.0,84.0,0.0,10.0,11.0,22.0,24.0,29.0,34.0,38.0,40.0,57.0,60.0,81.0
205.0,200.0,120.0,55.0,218.0,30.0,180.0,110.0,2.0,10.0,13.0,23.0,24.0,29.0,34.0,37.0,40.0,52.0,61.0,81.0
109.0,13.0,30.0,37.0,20.0,20.0,0.0,0.0,2.0,9.0,12.0,21.0,25.0,27.0,33.0,39.0,40.0,43.0,77.0,81.0
133.0,3120.0,60.0,88.0,3380.0,10.0,0.0,0.0,2.0,9.0,16.0,21.0,24.0,28.0,33.0,36.0,41.0,43.0,60.0,82.0
141.0,91.0,60.0,68.0,116.0,30.0,130.0,56.0,0.0,9.0,13.0,21.0,25.0,29.0,33.0,37.0,40.0,42.0,61.0,81.0
174.0,40.0,60.0,71.0,46.0,20.0,0.0,0.0,2.0,9.0,11.0,21.0,26.0,29.0,33.0,36.0,40.0,59.0,61.0,81.0
181.0,217.0,60.0,123.0,218.0,20.0,120.0,80.0,2.0,10.0,13.0,21.0,25.0,29.0,34.0,38.0,40.0,53.0,61.0,81.0
166.0,76.0,60.0,64.0,109.0,30.0,144.0,130.0,2.0,10.0,11.0,22.0,25.0,30.0,34.0,37.0,40.0,43.0,72.0,81.0
192.0,54.0,120.0,156.0,62.0,10.0,96.0,80.0,3.0,9.0,11.0,21.0,25.0,28.0,34.0,39.0,40.0,43.0,77.0,81.0
155.0,3120.0,120.0,100.0,3380.0,20.0,0.0,0.0,2.0,9.0,16.0,22.0,25.0,27.0,33.0,39.0,41.0,58.0,61.0,81.0
103.0,22.0,120.0,38.0,28.0,20.0,56.0,16.0,2.0,9.0,11.0,21.0,24.0,30.0,33.0,37.0,40.0,43.0,77.0,82.0
453.0,177.0,60.0,242.0,198.0,10.0,224.0,170.0,3.0,9.0,13.0,21.0,25.0,28.0,34.0,37.0,40.0,59.0,76.0,81.0
61.0,1500.0,30.0,32.0,1800.0,10.0,50.0,24.0,1.0,9.0,19.0,22.0,25.0,27.0,33.0,36.0,41.0,57.0,79.0,81.0
92.0,179.0,30.0,34.0,215.0,10.0,60.0,24.0,0.0,9.0,18.0,22.0,25.0,27.0,34.0,39.0,40.0,52.0,75.0,81.0
135.0,58.0,30.0,58.0,81.0,20.0,117.0,55.0,2.0,10.0,11.0,21.0,25.0,31.0,34.0,39.0,40.0,42.0,61.0,81.0
98.0,2600.0,120.0,47.0,3120.0,30.0,56.0,39.0,2.0,9.0,16.0,21.0,25.0,31.0,34.0,37.0,41.0,43.0,77.0,81.0
251.0,58.0,120.0,139.0,58.0,30.0,140.0,95.0,2.0,9.0,11.0,22.0,25.0,30.0,34.0,38.0,40.0,43.0,79.0,81.0
72.0,13.0,120.0,51.0,16.0,20.0,70.0,19.0,5.0,9.0,12.0,21.0,25.0,29.0,34.0,37.0,40.0,59.0,77.0,81.0
72.0,48.0,120.0,37.0,53.0,30.0,40.0,15.0,0.0,10.0,14.0,22.0,24.0,28.0,34.0,39.0,40.0,57.0,79.0,82.0
180.0,62.0,30.0,75.0,80.0,20.0,140.0,97.0,2.0,9.0,11.0,22.0,24.0,28.0,34.0,37.0,40.0,43.0,72.0,81.0
171.0,3120.0,60.0,80.0,4160.0,30.0,156.0,40.0,1.0,9.0,16.0,22.0,25.0,28.0,34.0,38.0,41.0,59.0,61.0,81.0
276.0,101.0,30.0,180.0,112.0,10.0,184.0,145.0,3.0,10.0,11.0,21.0,25.0,31.0,34.0,38.0,40.0,57.0,72.0,81.0
58.0,308.0,30.0,36.0,411.0,20.0,60.0,52.0,1.0,9.0,18.0,23.0,25.0,28.0,33.0,36.0,40.0,57.0,79.0,82.0
223.0,79.0,60.0,118.0,91.0,10.0,240.0,116.0,3.0,9.0,11.0,21.0,25.0,30.0,33.0,37.0,40.0,59.0,69.0,81.0
188.0,67.0,30.0,88.0,86.0,20.0,170.0,130.0,1.0,9.0,11.0,21.0,25.0,31.0,34.0,37.0,40.0,42.0,77.0,81.0
97.0,45.0,120.0,49.0,60.0,30.0,91.0,22.0,0.0,9.0,15.0,22.0,25.0,28.0,34.0,37.0,40.0,57.0,61.0,81.0
114.0,96.0,30.0,44.0,99.0,10.0,156.0,91.0,2.0,9.0,13.0,20.0,24.0,28.0,34.0,35.0,40.0,43.0,79.0,81.0
274.0,3120.0,30.0,123.0,3380.0,30.0,168.0,78.0,0.0,9.0,16.0,21.0,25.0,29.0,34.0,37.0,41.0,45.0,77.0,81.0
120.0,75.0,120.0,77.0,86.0,30.0,143.0,52.0,2.0,9.0,13.0,22.0,25.0,29.0,33.0,37.0,40.0,43.0,72.0,81.0
130.0,22.0,120.0,59.0,35.0,10.0,0.0,0.0,2.0,9.0,11.0,21.0,25.0,28.0,34.0,37.0,40.0,42.0,72.0,82.0
107.0,36.0,120.0,56.0,42.0,30.0,0.0,0.0,1.0,9.0,11.0,21.0,25.0,28.0,33.0,37.0,40.0,42.0,61.0,81.0
236.0,148.0,30.0,71.0,165.0,30.0,152.0,169.0,3.0,9.0,13.0,23.0,25.0,27.0,34.0,36.0,40.0,59.0,60.0,81.0
137.0,45.0,60.0,67.0,65.0,10.0,130.0,52.0,1.0,9.0,15.0,22.0,25.0,28.0,34.0,36.0,40.0,43.0,79.0,81.0
236.0,105.0,120.0,71.0,146.0,10.0,273.0,195.0,2.0,10.0,11.0,22.0,24.0,29.0,34.0,38.0,40.0,59.0,60.0,81.0
67.0,235.0,60.0,43.0,376.0,30.0,60.0,30.0,1.0,9.0,18.0,22.0,25.0,28.0,33.0,37.0,40.0,59.0,77.0,81.0
279.0,128.0,60.0,204.0,139.0,20.0,247.0,125.0,2.0,9.0,13.0,23.0,24.0,29.0,34.0,38.0,40.0,50.0,77.0,81.0
116.0,498.0,120.0,44.0,498.0,30.0,80.0,120.0,4.0,10.0,19.0,22.0,25.0,30.0,34.0,38.0,40.0,43.0,60.0,82.0
175.0,91.0,60.0,142.0,92.0,10.0,140.0,76.0,2.0,10.0,11.0,22.0,25.0,29.0,34.0,37.0,40.0,52.0,68.0,81.0
108.0,50.0,60.0,66.0,65.0,10.0,0.0,0.0,0.0,9.0,15.0,21.0,25.0,31.0,34.0,36.0,40.0,59.0,78.0,81.0
57.0,63.0,30.0,43.0,116.0,20.0,0.0,0.0,0.0,10.0,13.0,22.0,24.0,28.0,34.0,38.0,40.0,42.0,72.0,81.0
45.0,3120.0,120.0,27.0,4160.0,10.0,0.0,0.0,1.0,9.0,16.0,21.0,25.0,28.0,33.0,36.0,41.0,57.0,79.0,81.0
90.0,35.0,60.0,46.0,42.0,20.0,78.0,50.0,4.0,9.0,11.0,23.0,25.0,29.0,34.0,37.0,40.0,43.0,60.0,82.0
117.0,35.0,120.0,66.0,42.0,30.0,0.0,0.0,0.0,9.0,11.0,22.0,25.0,28.0,33.0,36.0,40.0,43.0,60.0,81.0
120.0,26.0,30.0,105.0,36.0,20.0,0.0,0.0,2.0,9.0,11.0,21.0,25.0,30.0,33.0,37.0,40.0,57.0,79.0,81.0
64.0,139.0,60.0,38.0,139.0,20.0,0.0,0.0,2.0,9.0,19.0,21.0,25.0,27.0,33.0,39.0,40.0,59.0,77.0,81.0
94.0,3120.0,30.0,43.0,4160.0,20.0,80.0,65.0,2.0,9.0,16.0,21.0,25.0,29.0,33.0,39.0,41.0,43.0,60.0,82.0
173.0,110.0,60.0,59.0,118.0,20.0,160.0,88.0,2.0,10.0,11.0,22.0,25.0,28.0,34.0,37.0,40.0,57.0,60.0,81.0
200.0,111.0,120.0,63.0,156.0,10.0,210.0,124.0,2.0,9.0,13.0,23.0,24.0,30.0,34.0,37.0,40.0,59.0,60.0,81.0
178.0,94.0,30.0,78.0,118.0,30.0,200.0,130.0,2.0,10.0,11.0,22.0,25.0,30.0,34.0,38.0,40.0,59.0,60.0,81.0
133.0,96.0,120.0,57.0,106.0,20.0,0.0,0.0,0.0,9.0,13.0,21.0,24.0,28.0,34.0,39.0,40.0,59.0,61.0,81.0
130.0,68.0,30.0,75.0,80.0,10.0,0.0,0.0,1.0,9.0,13.0,21.0,25.0,27.0,33.0,36.0,40.0,42.0,61.0,82.0
278.0,137.0,60.0,136.0,177.0,30.0,195.0,72.0,2.0,9.0,13.0,22.0,25.0,28.0,34.0,37.0,40.0,43.0,72.0,81.0
192.0,89.0,120.0,107.0,92.0,30.0,150.0,80.0,2.0,10.0,11.0,21.0,25.0,29.0,34.0,37.0,40.0,42.0,65.0,82.0
296.0,245.0,120.0,122.0,281.0,30.0,200.0,208.0,2.0,10.0,13.0,22.0,25.0,30.0,34.0,38.0,40.0,51.0,79.0,81.0
92.0,70.0,120.0,41.0,83.0,30.0,72.0,65.0,2.0,9.0,13.0,21.0,25.0,28.0,34.0,37.0,40.0,43.0,60.0,81.0
164.0,93.0,120.0,50.0,132.0,10.0,170.0,68.0,3.0,9.0,13.0,21.0,25.0,28.0,34.0,39.0,40.0,42.0,77.0,81.0
51.0,32.0,60.0,27.0,40.0,30.0,105.0,50.0,0.0,9.0,11.0,21.0,25.0,28.0,34.0,37.0,40.0,48.0,79.0,81.0
133.0,2340.0,30.0,55.0,4160.0,20.0,97.0,50.0,0.0,9.0,16.0,23.0,25.0,29.0,34.0,38.0,41.0,42.0,61.0,81.0
260.0,225.0,120.0,112.0,274.0,20.0,220.0,240.0,0.0,10.0,13.0,22.0,24.0,30.0,34.0,37.0,40.0,57.0,72.0,81.0
236.0,111.0,30.0,63.0,156.0,20.0,247.0,130.0,3.0,9.0,13.0,23.0,25.0,27.0,34.0,36.0,40.0,59.0,60.0,81.0
195.0,3120.0,120.0,66.0,3380.0,20.0,0.0,0.0,0.0,9.0,16.0,23.0,25.0,28.0,34.0,37.0,41.0,59.0,60.0,81.0
92.0,60.0,60.0,37.0,84.0,30.0,80.0,60.0,2.0,10.0,11.0,21.0,24.0,29.0,34.0,38.0,40.0,43.0,60.0,81.0
163.0,47.0,30.0,55.0,53.0,10.0,0.0,0.0,2.0,9.0,11.0,21.0,25.0,29.0,33.0,37.0,40.0,57.0,60.0,82.0
146.0,3120.0,120.0,44.0,3120.0,30.0,0.0,0.0,2.0,9.0,16.0,21.0,25.0,28.0,34.0,36.0,41.0,43.0,79.0,82.0
95.0,130.0,60.0,92.0,142.0,10.0,110.0,52.0,1.0,10.0,13.0,23.0,24.0,30.0,34.0,37.0,40.0,59.0,65.0,81.0
164.0,158.0,30.0,56.0,181.0,10.0,136.0,105.0,2.0,10.0,13.0,23.0,24.0,29.0,34.0,38.0,40.0,57.0,60.0,81.0
144.0,97.0,30.0,78.0,99.0,10.0,195.0,136.0,2.0,10.0,11.0,22.0,24.0,29.0,34.0,38.0,40.0,43.0,79.0,81.0
186.0,39.0,60.0,135.0,43.0,10.0,234.0,123.0,3.0,9.0,11.0,21.0,25.0,28.0,33.0,37.0,40.0,57.0,62.0,81.0
116.0,26.0,120.0,53.0,32.0,20.0,56.0,28.0,0.0,9.0,11.0,21.0,25.0,29.0,33.0,38.0,40.0,47.0,72.0,82.0
185.0,92.0,30.0,95.0,127.0,20.0,144.0,88.0,2.0,10.0,11.0,22.0,24.0,30.0,34.0,38.0,40.0,42.0,77.0,81.0
183.0,81.0,120.0,89.0,94.0,30.0,208.0,84.0,2.0,10.0,11.0,22.0,25.0,29.0,34.0,37.0,40.0,43.0,72.0,81.0
114.0,2220.0,30.0,63.0,2960.0,20.0,0.0,0.0,1.0,9.0,17.0,22.0,25.0,27.0,33.0,36.0,41.0,42.0,61.0,82.0
224.0,98.0,120.0,80.0,112.0,30.0,286.0,100.0,2.0,10.0,11.0,22.0,24.0,30.0,34.0,38.0,40.0,57.0,72.0,81.0
202.0,200.0,60.0,109.0,245.0,20.0,120.0,80.0,2.0,10.0,13.0,22.0,25.0,28.0,34.0,38.0,40.0,52.0,61.0,81.0
135.0,5040.0,60.0,92.0,5460.0,10.0,0.0,0.0,2.0,10.0,16.0,21.0,25.0,30.0,33.0,39.0,41.0,58.0,61.0,82.0
128.0,64.0,30.0,50.0,84.0,20.0,130.0,60.0,2.0,10.0,11.0,23.0,24.0,29.0,34.0,37.0,40.0,43.0,60.0,81.0
313.0,116.0,120.0,153.0,127.0,30.0,200.0,150.0,2.0,10.0,11.0,23.0,24.0,28.0,34.0,38.0,40.0,42.0,77.0,81.0
211.0,116.0,30.0,111.0,155.0,20.0,200.0,149.0,2.0,10.0,11.0,21.0,24.0,29.0,34.0,37.0,40.0,57.0,69.0,81.0
197.0,114.0,120.0,111.0,116.0,30.0,0.0,0.0,2.0,9.0,13.0,21.0,25.0,27.0,33.0,39.0,40.0,42.0,61.0,82.0
281.0,112.0,120.0,127.0,133.0,30.0,224.0,286.0,2.0,10.0,11.0,23.0,25.0,29.0,34.0,38.0,40.0,52.0,77.0,81.0
151.0,86.0,120.0,83.0,99.0,20.0,130.0,130.0,2.0,9.0,13.0,22.0,25.0,28.0,33.0,36.0,40.0,43.0,79.0,81.0
101.0,42.0,60.0,36.0,56.0,30.0,117.0,112.0,0.0,9.0,11.0,21.0,25.0,29.0,34.0,36.0,40.0,42.0,61.0,81.0
103.0,2340.0,60.0,34.0,3120.0,20.0,75.0,52.0,1.0,9.0,16.0,21.0,25.0,28.0,33.0,37.0,41.0,42.0,61.0,81.0
92.0,60.0,60.0,37.0,84.0,30.0,90.0,60.0,3.0,10.0,11.0,21.0,24.0,28.0,34.0,38.0,40.0,42.0,61.0,81.0
96.0,3120.0,60.0,31.0,4160.0,30.0,91.0,44.0,2.0,9.0,16.0,22.0,25.0,29.0,33.0,38.0,41.0,57.0,61.0,81.0
97.0,35.0,120.0,46.0,42.0,30.0,48.0,65.0,4.0,9.0,11.0,23.0,25.0,29.0,34.0,37.0,40.0,43.0,60.0,81.0
233.0,90.0,120.0,147.0,109.0,10.0,221.0,130.0,2.0,10.0,11.0,22.0,25.0,28.0,34.0,37.0,40.0,52.0,61.0,81.0
135.0,38.0,30.0,80.0,43.0,10.0,88.0,55.0,2.0,9.0,11.0,22.0,25.0,28.0,34.0,37.0,40.0,43.0,60.0,81.0
150.0,62.0,60.0,56.0,70.0,10.0,170.0,84.0,2.0,9.0,11.0,20.0,24.0,29.0,34.0,35.0,40.0,57.0,60.0,81.0
190.0,49.0,120.0,101.0,57.0,30.0,208.0,80.0,2.0,9.0,11.0,21.0,25.0,29.0,34.0,36.0,40.0,57.0,60.0,81.0
328.0,105.0,30.0,179.0,112.0,10.0,190.0,96.0,3.0,10.0,11.0,21.0,25.0,28.0,33.0,36.0,40.0,42.0,77.0,81.0
114.0,2600.0,60.0,41.0,3380.0,10.0,0.0,0.0,0.0,9.0,16.0,21.0,25.0,29.0,34.0,36.0,41.0,54.0,72.0,81.0
89.0,22.0,60.0,38.0,28.0,10.0,117.0,71.0,2.0,9.0,11.0,22.0,24.0,29.0,34.0,38.0,40.0,57.0,61.0,81.0
92.0,54.0,30.0,37.0,65.0,10.0,72.0,60.0,2.0,10.0,11.0,22.0,24.0,29.0,34.0,38.0,40.0,42.0,61.0,81.0
224.0,89.0,60.0,109.0,108.0,20.0,130.0,91.0,2.0,9.0,13.0,21.0,25.0,29.0,33.0,37.0,40.0,51.0,61.0,81.0
200.0,210.0,120.0,81.0,237.0,30.0,152.0,149.0,3.0,10.0,13.0,23.0,24.0,31.0,34.0,36.0,40.0,59.0,60.0,81.0
217.0,2600.0,30.0,103.0,3380.0,30.0,234.0,40.0,2.0,9.0,16.0,21.0,26.0,28.0,34.0,38.0,41.0,42.0,78.0,82.0
137.0,31.0,60.0,99.0,34.0,10.0,110.0,24.0,0.0,9.0,12.0,22.0,25.0,28.0,33.0,36.0,40.0,42.0,61.0,82.0
108.0,68.0,30.0,68.0,83.0,30.0,100.0,55.0,3.0,9.0,13.0,21.0,25.0,30.0,34.0,37.0,40.0,43.0,60.0,81.0
341.0,2340.0,60.0,157.0,3120.0,20.0,270.0,123.0,2.0,9.0,16.0,21.0,26.0,31.0,33.0,39.0,41.0,59.0,60.0,81.0
243.0,221.0,120.0,167.0,237.0,20.0,260.0,125.0,2.0,10.0,13.0,21.0,25.0,29.0,34.0,38.0,40.0,47.0,79.0,81.0
137.0,31.0,120.0,97.0,34.0,30.0,70.0,45.0,3.0,9.0,11.0,21.0,25.0,28.0,33.0,36.0,40.0,59.0,77.0,81.0
222.0,50.0,120.0,152.0,64.0,10.0,182.0,117.0,3.0,9.0,11.0,21.0,25.0,31.0,33.0,39.0,40.0,57.0,74.0,81.0
149.0,36.0,30.0,66.0,49.0,20.0,117.0,60.0,1.0,9.0,11.0,21.0,25.0,30.0,34.0,37.0,40.0,43.0,60.0,81.0
131.0,184.0,60.0,69.0,198.0,10.0,130.0,68.0,3.0,10.0,13.0,21.0,24.0,30.0,34.0,37.0,40.0,59.0,61.0,81.0
125.0,80.0,120.0,57.0,95.0,20.0,120.0,91.0,2.0,9.0,13.0,21.0,25.0,31.0,34.0,36.0,40.0,59.0,61.0,81.0
203.0,131.0,60.0,95.0,150.0,10.0,220.0,92.0,3.0,10.0,11.0,21.0,25.0,30.0,34.0,37.0,40.0,42.0,79.0,81.0
222.0,50.0,30.0,85.0,60.0,10.0,160.0,76.0,2.0,9.0,15.0,21.0,25.0,29.0,33.0,38.0,40.0,42.0,77.0,81.0
344.0,64.0,60.0,236.0,82.0,30.0,190.0,125.0,3.0,9.0,11.0,21.0,25.0,30.0,34.0,38.0,40.0,42.0,78.0,81.0
166.0,162.0,30.0,77.0,210.0,30.0,182.0,104.0,2.0,10.0,13.0,22.0,24.0,28.0,34.0,37.0,40.0,52.0,61.0,81.0
93.0,18.0,30.0,67.0,20.0,30.0,117.0,16.0,8.0,9.0,12.0,21.0,25.0,28.0,33.0,36.0,40.0,58.0,79.0,82.0
266.0,98.0,120.0,105.0,118.0,20.0,176.0,92.0,3.0,10.0,11.0,21.0,25.0,30.0,34.0,37.0,40.0,42.0,79.0,81.0
143.0,91.0,120.0,132.0,91.0,20.0,117.0,65.0,3.0,9.0,13.0,21.0,25.0,28.0,34.0,36.0,40.0,59.0,65.0,81.0
63.0,40.0,120.0,33.0,57.0,20.0,36.0,24.0,2.0,9.0,19.0,21.0,25.0,30.0,34.0,36.0,40.0,59.0,77.0,82.0
159.0,118.0,60.0,61.0,132.0,10.0,180.0,88.0,2.0,9.0,13.0,21.0,24.0,29.0,34.0,37.0,40.0,52.0,61.0,81.0
92.0,119.0,60.0,37.0,167.0,30.0,80.0,55.0,2.0,10.0,13.0,22.0,24.0,28.0,34.0,38.0,40.0,42.0,61.0,81.0
193.0,113.0,120.0,114.0,150.0,10.0,136.0,100.0,3.0,10.0,11.0,21.0,24.0,28.0,34.0,38.0,40.0,42.0,77.0,81.0
105.0,68.0,30.0,62.0,88.0,20.0,80.0,52.0,2.0,10.0,11.0,21.0,25.0,30.0,33.0,38.0,40.0,42.0,61.0,81.0
176.0,166.0,30.0,95.0,198.0,30.0,150.0,80.0,2.0,10.0,13.0,22.0,24.0,28.0,34.0,37.0,40.0,42.0,77.0,81.0
106.0,63.0,120.0,41.0,80.0,20.0,72.0,40.0,2.0,9.0,13.0,21.0,25.0,28.0,34.0,37.0,40.0,43.0,60.0,81.0
189.0,90.0,60.0,81.0,122.0,30.0,170.0,105.0,0.0,10.0,11.0,22.0,24.0,29.0,34.0,38.0,40.0,57.0,60.0,81.0
143.0,78.0,60.0,104.0,84.0,20.0,182.0,75.0,2.0,10.0,11.0,22.0,24.0,28.0,34.0,38.0,40.0,57.0,60.0,81.0
85.0,19.0,60.0,41.0,23.0,20.0,117.0,65.0,3.0,10.0,16.0,21.0,24.0,28.0,34.0,38.0,40.0,43.0,60.0,81.0
85.0,1665.0,60.0,56.0,2220.0,20.0,50.0,32.0,2.0,9.0,17.0,21.0,25.0,27.0,34.0,36.0,41.0,42.0,72.0,81.0
128.0,16.0,30.0,53.0,17.0,30.0,80.0,104.0,2.0,10.0,17.0,23.0,25.0,31.0,34.0,37.0,40.0,42.0,61.0,81.0
82.0,30.0,120.0,38.0,43.0,10.0,0.0,0.0,1.0,9.0,11.0,23.0,25.0,29.0,33.0,37.0,40.0,43.0,77.0,81.0
219.0,158.0,30.0,72.0,225.0,20.0,195.0,85.0,1.0,10.0,13.0,21.0,25.0,28.0,34.0,36.0,40.0,57.0,60.0,81.0
160.0,52.0,120.0,136.0,55.0,20.0,195.0,30.0,2.0,9.0,14.0,21.0,24.0,27.0,33.0,39.0,40.0,58.0,79.0,81.0
189.0,130.0,60.0,75.0,139.0,20.0,136.0,84.0,2.0,9.0,13.0,22.0,24.0,28.0,34.0,37.0,40.0,57.0,60.0,81.0
117.0,3120.0,30.0,66.0,4160.0,20.0,0.0,0.0,2.0,9.0,16.0,21.0,25.0,27.0,33.0,36.0,41.0,47.0,61.0,82.0
127.0,184.0,120.0,72.0,194.0,20.0,169.0,70.0,0.0,10.0,13.0,21.0,24.0,29.0,34.0,37.0,40.0,43.0,60.0,81.0
277.0,90.0,30.0,141.0,105.0,10.0,170.0,100.0,0.0,10.0,11.0,22.0,24.0,29.0,34.0,38.0,40.0,57.0,60.0,81.0
104.0,3480.0,120.0,90.0,4640.0,10.0,112.0,400.0,2.0,10.0,17.0,21.0,25.0,31.0,34.0,36.0,41.0,58.0,79.0,81.0
283.0,122.0,60.0,95.0,178.0,30.0,270.0,180.0,2.0,10.0,11.0,22.0,24.0,28.0,34.0,38.0,40.0,52.0,79.0,81.0
177.0,79.0,60.0,77.0,97.0,10.0,221.0,143.0,2.0,10.0,11.0,23.0,25.0,29.0,34.0,38.0,40.0,57.0,60.0,81.0
94.0,117.0,60.0,45.0,162.0,30.0,72.0,71.0,7.0,10.0,13.0,21.0,25.0,29.0,34.0,38.0,40.0,43.0,60.0,82.0
117.0,3120.0,60.0,74.0,3380.0,10.0,90.0,32.0,6.0,9.0,16.0,21.0,25.0,28.0,34.0,36.0,41.0,42.0,72.0,82.0
350.0,109.0,30.0,205.0,118.0,10.0,220.0,100.0,2.0,10.0,11.0,22.0,24.0,29.0,34.0,37.0,40.0,57.0,72.0,81.0
227.0,181.0,60.0,77.0,218.0,10.0,136.0,115.0,3.0,10.0,13.0,22.0,25.0,31.0,34.0,38.0,40.0,42.0,77.0,81.0
211.0,41.0,30.0,121.0,53.0,20.0,169.0,65.0,2.0,9.0,11.0,22.0,25.0,29.0,34.0,37.0,40.0,42.0,61.0,81.0
240.0,110.0,120.0,93.0,118.0,30.0,180.0,140.0,2.0,10.0,11.0,21.0,24.0,29.0,34.0,38.0,40.0,57.0,60.0,81.0
114.0,1850.0,120.0,63.0,2220.0,30.0,0.0,0.0,1.0,9.0,17.0,22.0,25.0,27.0,33.0,36.0,41.0,42.0,61.0,81.0
157.0,88.0,120.0,119.0,98.0,30.0,221.0,76.0,3.0,9.0,13.0,21.0,25.0,28.0,34.0,38.0,40.0,57.0,67.0,81.0
145.0,64.0,60.0,78.0,74.0,20.0,100.0,187.0,0.0,10.0,11.0,22.0,25.0,29.0,34.0,37.0,40.0,42.0,61.0,81.0
146.0,68.0,120.0,49.0,92.0,10.0,156.0,97.0,3.0,10.0,11.0,23.0,24.0,30.0,34.0,38.0,40.0,59.0,61.0,81.0
214.0,194.0,30.0,100.0,225.0,30.0,234.0,100.0,2.0,10.0,13.0,22.0,24.0,30.0,34.0,38.0,40.0,57.0,60.0,81.0
193.0,176.0,60.0,50.0,210.0,10.0,136.0,140.0,2.0,10.0,13.0,22.0,25.0,29.0,34.0,38.0,40.0,42.0,77.0,81.0
143.0,80.0,30.0,70.0,90.0,10.0,100.0,48.0,2.0,9.0,13.0,21.0,25.0,29.0,34.0,37.0,40.0,43.0,60.0,81.0
336.0,110.0,30.0,84.0,165.0,20.0,351.0,170.0,2.0,10.0,11.0,22.0,25.0,29.0,34.0,37.0,40.0,59.0,72.0,81.0
85.0,36.0,60.0,42.0,42.0,20.0,104.0,45.0,6.0,9.0,11.0,21.0,24.0,30.0,33.0,37.0,40.0,43.0,60.0,82.0
200.0,74.0,120.0,71.0,82.0,20.0,247.0,105.0,3.0,9.0,11.0,21.0,25.0,29.0,34.0,38.0,40.0,59.0,60.0,81.0
230.0,83.0,30.0,116.0,108.0,30.0,0.0,0.0,2.0,10.0,15.0,21.0,25.0,31.0,33.0,39.0,40.0,57.0,60.0,82.0
95.0,35.0,60.0,49.0,40.0,10.0,70.0,28.0,0.0,9.0,11.0,21.0,25.0,29.0,33.0,38.0,40.0,47.0,72.0,82.0
626.0,175.0,120.0,388.0,187.0,30.0,330.0,220.0,3.0,10.0,11.0,21.0,24.0,30.0,34.0,38.0,40.0,59.0,73.0,81.0
237.0,169.0,120.0,147.0,198.0,10.0,208.0,143.0,2.0,10.0,13.0,22.0,24.0,29.0,34.0,38.0,40.0,57.0,67.0,81.0
190.0,59.0,30.0,112.0,72.0,20.0,234.0,85.0,6.0,9.0,11.0,21.0,25.0,27.0,33.0,36.0,40.0,55.0,74.0,81.0
111.0,47.0,60.0,74.0,70.0,30.0,0.0,0.0,2.0,9.0,13.0,21.0,25.0,27.0,33.0,36.0,40.0,52.0,60.0,82.0
283.0,126.0,120.0,93.0,146.0,30.0,210.0,135.0,2.0,10.0,11.0,22.0,24.0,30.0,33.0,38.0,40.0,52.0,77.0,81.0
223.0,111.0,120.0,162.0,128.0,20.0,190.0,162.0,3.0,9.0,13.0,21.0,24.0,28.0,33.0,37.0,40.0,59.0,74.0,81.0
226.0,97.0,120.0,126.0,109.0,30.0,144.0,149.0,3.0,10.0,11.0,21.0,25.0,30.0,33.0,39.0,40.0,57.0,60.0,81.0
320.0,67.0,60.0,216.0,91.0,30.0,192.0,195.0,3.0,9.0,11.0,23.0,25.0,30.0,34.0,38.0,40.0,59.0,73.0,81.0
136.0,4200.0,30.0,67.0,5040.0,10.0,70.0,36.0,0.0,10.0,16.0,23.0,25.0,29.0,34.0,38.0,41.0,42.0,72.0,81.0
224.0,154.0,30.0,71.0,165.0,10.0,260.0,182.0,2.0,9.0,13.0,22.0,25.0,28.0,34.0,37.0,40.0,57.0,72.0,81.0
167.0,162.0,30.0,109.0,210.0,20.0,128.0,76.0,2.0,10.0,13.0,20.0,24.0,30.0,34.0,35.0,40.0,43.0,79.0,81.0
97.0,1429.0,30.0,41.0,1858.0,30.0,91.0,32.0,2.0,10.0,18.0,21.0,25.0,29.0,34.0,37.0,41.0,42.0,72.0,82.0
209.0,170.0,30.0,96.0,194.0,10.0,128.0,105.0,2.0,10.0,13.0,22.0,24.0,30.0,34.0,38.0,40.0,43.0,72.0,81.0
172.0,50.0,60.0,93.0,62.0,30.0,143.0,56.0,3.0,9.0,11.0,21.0,25.0,31.0,34.0,37.0,40.0,42.0,61.0,81.0
265.0,218.0,30.0,156.0,245.0,30.0,286.0,92.0,0.0,10.0,13.0,22.0,25.0,29.0,34.0,37.0,40.0,57.0,72.0,81.0
109.0,26.0,120.0,56.0,34.0,20.0,130.0,30.0,0.0,9.0,11.0,21.0,25.0,30.0,34.0,38.0,40.0,42.0,72.0,81.0
142.0,62.0,120.0,101.0,76.0,10.0,104.0,58.0,3.0,9.0,13.0,21.0,24.0,30.0,34.0,38.0,40.0,59.0,65.0,81.0
299.0,128.0,60.0,105.0,161.0,10.0,176.0,130.0,2.0,9.0,13.0,22.0,25.0,29.0,34.0,37.0,40.0,55.0,77.0,81.0
205.0,64.0,30.0,105.0,86.0,20.0,200.0,162.0,2.0,9.0,11.0,22.0,25.0,29.0,33.0,38.0,40.0,57.0,60.0,81.0
131.0,82.0,60.0,89.0,108.0,30.0,96.0,104.0,2.0,9.0,13.0,21.0,24.0,28.0,34.0,37.0,40.0,42.0,61.0,81.0
194.0,74.0,30.0,77.0,80.0,10.0,0.0,0.0,2.0,9.0,11.0,21.0,25.0,28.0,34.0,39.0,40.0,42.0,79.0,81.0
201.0,101.0,30.0,131.0,122.0,20.0,170.0,156.0,2.0,10.0,11.0,22.0,24.0,30.0,34.0,38.0,40.0,59.0,66.0,81.0
119.0,96.0,60.0,77.0,106.0,10.0,100.0,48.0,2.0,9.0,13.0,20.0,24.0,28.0,34.0,35.0,40.0,43.0,60.0,81.0
188.0,100.0,60.0,88.0,123.0,10.0,221.0,136.0,2.0,9.0,13.0,22.0,25.0,30.0,34.0,37.0,40.0,57.0,60.0,81.0
115.0,67.0,120.0,73.0,76.0,30.0,143.0,52.0,2.0,10.0,11.0,22.0,25.0,30.0,34.0,37.0,40.0,43.0,60.0,81.0
199.0,50.0,30.0,148.0,56.0,20.0,120.0,104.0,3.0,9.0,11.0,21.0,25.0,28.0,34.0,37.0,40.0,43.0,77.0,81.0
203.0,15.0,60.0,98.0,22.0,10.0,208.0,149.0,0.0,9.0,19.0,21.0,25.0,29.0,33.0,36.0,40.0,48.0,72.0,81.0
119.0,36.0,120.0,90.0,68.0,10.0,78.0,39.0,0.0,10.0,11.0,22.0,24.0,28.0,34.0,38.0,40.0,52.0,60.0,81.0
255.0,94.0,60.0,165.0,127.0,30.0,152.0,156.0,3.0,10.0,11.0,21.0,25.0,28.0,33.0,36.0,40.0,42.0,77.0,81.0
102.0,3120.0,60.0,57.0,3380.0,10.0,0.0,0.0,1.0,9.0,16.0,21.0,25.0,27.0,33.0,39.0,41.0,43.0,60.0,82.0
164.0,47.0,60.0,64.0,57.0,10.0,221.0,169.0,3.0,9.0,11.0,21.0,25.0,28.0,34.0,38.0,40.0,42.0,77.0,81.0
135.0,42.0,120.0,73.0,54.0,10.0,182.0,84.0,3.0,9.0,11.0,21.0,25.0,30.0,34.0,36.0,40.0,42.0,65.0,81.0
164.0,79.0,60.0,64.0,97.0,10.0,221.0,136.0,1.0,10.0,11.0,21.0,25.0,28.0,33.0,35.0,40.0,57.0,60.0,81.0
108.0,36.0,120.0,64.0,42.0,30.0,169.0,64.0,3.0,9.0,11.0,23.0,25.0,29.0,34.0,38.0,40.0,42.0,61.0,81.0
110.0,2340.0,30.0,69.0,3380.0,30.0,100.0,150.0,1.0,9.0,16.0,23.0,25.0,28.0,34.0,37.0,41.0,42.0,61.0,81.0
124.0,90.0,30.0,83.0,114.0,20.0,88.0,48.0,3.0,9.0,13.0,21.0,25.0,29.0,34.0,38.0,40.0,42.0,61.0,81.0
221.0,88.0,60.0,145.0,99.0,10.0,160.0,110.0,2.0,10.0,11.0,22.0,24.0,28.0,34.0,38.0,40.0,48.0,75.0,81.0
264.0,213.0,120.0,123.0,245.0,30.0,312.0,148.0,3.0,10.0,13.0,21.0,25.0,29.0,34.0,37.0,40.0,57.0,72.0,81.0
125.0,96.0,60.0,62.0,106.0,10.0,120.0,56.0,2.0,9.0,13.0,21.0,25.0,31.0,34.0,36.0,40.0,59.0,61.0,81.0
130.0,68.0,120.0,55.0,88.0,10.0,143.0,110.0,2.0,10.0,11.0,22.0,24.0,30.0,34.0,38.0,40.0,42.0,61.0,81.0
177.0,70.0,30.0,105.0,92.0,20.0,182.0,100.0,2.0,10.0,11.0,22.0,24.0,31.0,34.0,38.0,40.0,57.0,60.0,81.0
328.0,51.0,30.0,273.0,57.0,10.0,128.0,80.0,3.0,9.0,11.0,21.0,24.0,29.0,34.0,37.0,40.0,47.0,78.0,81.0
174.0,118.0,60.0,55.0,128.0,20.0,112.0,76.0,2.0,9.0,13.0,22.0,25.0,29.0,34.0,37.0,40.0,43.0,72.0,81.0
203.0,198.0,60.0,95.0,274.0,30.0,190.0,125.0,3.0,10.0,13.0,21.0,25.0,29.0,33.0,38.0,40.0,57.0,60.0,81.0
174.0,5040.0,30.0,70.0,5040.0,10.0,0.0,0.0,2.0,10.0,16.0,23.0,25.0,31.0,34.0,38.0,41.0,43.0,72.0,81.0
104.0,91.0,60.0,46.0,95.0,20.0,72.0,48.0,2.0,9.0,13.0,22.0,24.0,28.0,34.0,38.0,40.0,43.0,60.0,81.0
164.0,52.0,30.0,50.0,62.0,30.0,221.0,84.0,2.0,9.0,11.0,23.0,25.0,28.0,34.0,37.0,40.0,42.0,77.0,81.0
156.0,75.0,60.0,59.0,100.0,20.0,120.0,130.0,1.0,10.0,15.0,22.0,25.0,29.0,33.0,38.0,40.0,59.0,61.0,81.0
105.0,49.0,60.0,100.0,65.0,30.0,0.0,0.0,1.0,10.0,11.0,21.0,25.0,28.0,34.0,39.0,40.0,48.0,79.0,82.0
281.0,59.0,120.0,183.0,66.0,20.0,216.0,144.0,2.0,9.0,11.0,22.0,25.0,29.0,34.0,37.0,40.0,57.0,73.0,81.0
200.0,189.0,60.0,81.0,225.0,10.0,273.0,214.0,2.0,10.0,13.0,22.0,24.0,29.0,34.0,38.0,40.0,59.0,60.0,81.0
208.0,217.0,60.0,183.0,225.0,10.0,170.0,68.0,3.0,10.0,13.0,21.0,25.0,31.0,34.0,38.0,40.0,42.0,77.0,81.0
204.0,233.0,120.0,100.0,266.0,20.0,221.0,110.0,2.0,10.0,13.0,22.0,25.0,30.0,34.0,38.0,40.0,42.0,77.0,81.0
226.0,11.0,120.0,93.0,19.0,10.0,210.0,92.0,1.0,9.0,16.0,21.0,25.0,28.0,33.0,37.0,40.0,42.0,79.0,81.0
125.0,96.0,120.0,49.0,106.0,20.0,143.0,70.0,3.0,9.0,13.0,21.0,25.0,31.0,34.0,37.0,40.0,59.0,61.0,81.0
220.0,184.0,30.0,162.0,210.0,30.0,234.0,84.0,2.0,10.0,13.0,22.0,25.0,30.0,34.0,38.0,40.0,42.0,77.0,81.0
111.0,40.0,60.0,56.0,53.0,30.0,110.0,60.0,3.0,9.0,11.0,20.0,24.0,29.0,34.0,35.0,40.0,42.0,61.0,81.0
155.0,68.0,60.0,71.0,78.0,10.0,80.0,70.0,0.0,10.0,11.0,21.0,25.0,28.0,34.0,37.0,40.0,43.0,60.0,81.0
112.0,100.0,60.0,69.0,111.0,20.0,104.0,68.0,2.0,9.0,13.0,22.0,24.0,29.0,34.0,38.0,40.0,43.0,79.0,81.0
122.0,3120.0,60.0,79.0,3380.0,10.0,0.0,0.0,1.0,9.0,16.0,21.0,25.0,28.0,33.0,39.0,41.0,58.0,61.0,82.0
92.0,70.0,30.0,34.0,86.0,30.0,117.0,56.0,2.0,9.0,13.0,22.0,24.0,29.0,34.0,37.0,40.0,43.0,60.0,81.0
133.0,54.0,30.0,66.0,56.0,10.0,0.0,0.0,2.0,9.0,11.0,21.0,26.0,29.0,33.0,36.0,40.0,59.0,61.0,81.0
85.0,143.0,30.0,34.0,155.0,10.0,117.0,84.0,2.0,10.0,13.0,22.0,24.0,28.0,34.0,38.0,40.0,43.0,60.0,81.0
151.0,78.0,30.0,105.0,88.0,30.0,182.0,80.0,2.0,10.0,11.0,22.0,24.0,31.0,34.0,38.0,40.0,57.0,60.0,81.0
125.0,80.0,120.0,55.0,90.0,30.0,96.0,97.0,3.0,9.0,13.0,21.0,25.0,28.0,33.0,37.0,40.0,59.0,61.0,81.0
126.0,47.0,120.0,68.0,70.0,10.0,70.0,32.0,0.0,9.0,13.0,21.0,24.0,29.0,33.0,36.0,40.0,43.0,77.0,81.0
257.0,146.0,60.0,95.0,174.0,10.0,270.0,136.0,2.0,10.0,11.0,20.0,24.0,29.0,34.0,35.0,40.0,59.0,72.0,81.0
82.0,45.0,30.0,38.0,57.0,30.0,70.0,45.0,0.0,9.0,13.0,21.0,24.0,28.0,34.0,38.0,40.0,57.0,61.0,81.0
157.0,221.0,120.0,73.0,293.0,10.0,136.0,125.0,2.0,10.0,13.0,22.0,24.0,29.0,34.0,38.0,40.0,57.0,60.0,81.0
194.0,108.0,60.0,114.0,123.0,20.0,260.0,120.0,2.0,9.0,13.0,22.0,24.0,30.0,34.0,38.0,40.0,57.0,60.0,81.0
179.0,123.0,30.0,68.0,172.0,20.0,152.0,80.0,2.0,9.0,13.0,21.0,26.0,30.0,33.0,39.0,40.0,59.0,60.0,81.0
82.0,2600.0,60.0,38.0,3120.0,20.0,104.0,40.0,2.0,9.0,16.0,21.0,24.0,30.0,33.0,37.0,41.0,43.0,77.0,82.0
92.0,31.0,60.0,41.0,40.0,10.0,117.0,78.0,3.0,9.0,11.0,23.0,24.0,28.0,34.0,37.0,40.0,42.0,61.0,81.0
116.0,85.0,60.0,79.0,92.0,10.0,120.0,60.0,2.0,10.0,11.0,22.0,24.0,30.0,34.0,38.0,40.0,43.0,60.0,81.0
250.0,60.0,60.0,95.0,80.0,30.0,273.0,92.0,2.0,9.0,15.0,21.0,25.0,28.0,33.0,39.0,40.0,42.0,79.0,81.0
200.0,74.0,120.0,82.0,90.0,20.0,0.0,0.0,2.0,9.0,14.0,21.0,24.0,28.0,34.0,36.0,40.0,59.0,60.0,81.0
138.0,70.0,60.0,105.0,92.0,30.0,112.0,130.0,2.0,10.0,11.0,22.0,24.0,31.0,34.0,38.0,40.0,57.0,60.0,81.0
175.0,181.0,60.0,123.0,194.0,20.0,221.0,110.0,0.0,10.0,13.0,22.0,24.0,29.0,34.0,38.0,40.0,59.0,67.0,81.0
193.0,79.0,60.0,56.0,90.0,20.0,170.0,136.0,2.0,10.0,11.0,23.0,24.0,29.0,33.0,36.0,40.0,57.0,60.0,81.0
224.0,115.0,60.0,108.0,165.0,30.0,168.0,169.0,3.0,9.0,13.0,21.0,25.0,29.0,34.0,37.0,40.0,59.0,60.0,81.0
173.0,83.0,120.0,68.0,100.0,30.0,112.0,104.0,2.0,10.0,15.0,21.0,25.0,30.0,33.0,38.0,40.0,52.0,61.0,81.0
244.0,111.0,120.0,89.0,132.0,20.0,0.0,0.0,2.0,9.0,13.0,21.0,26.0,27.0,34.0,39.0,40.0,59.0,60.0,82.0
95.0,121.0,120.0,78.0,136.0,20.0,80.0,104.0,0.0,10.0,13.0,22.0,25.0,29.0,34.0,38.0,40.0,58.0,79.0,81.0
164.0,62.0,30.0,64.0,82.0,20.0,170.0,136.0,2.0,9.0,11.0,20.0,24.0,29.0,34.0,35.0,40.0,57.0,60.0,81.0
97.0,196.0,30.0,34.0,349.0,20.0,65.0,35.0,0.0,9.0,18.0,21.0,25.0,28.0,33.0,39.0,40.0,52.0,60.0,81.0
141.0,2600.0,60.0,62.0,3380.0,10.0,80.0,150.0,1.0,9.0,16.0,23.0,25.0,28.0,34.0,37.0,41.0,42.0,61.0,81.0
185.0,50.0,60.0,158.0,54.0,20.0,208.0,85.0,3.0,9.0,11.0,21.0,24.0,31.0,34.0,36.0,40.0,43.0,75.0,81.0
96.0,22.0,30.0,67.0,48.0,10.0,70.0,32.0,0.0,9.0,11.0,22.0,24.0,30.0,34.0,38.0,40.0,43.0,60.0,81.0
247.0,131.0,120.0,80.0,150.0,20.0,338.0,120.0,2.0,10.0,11.0,22.0,25.0,29.0,34.0,38.0,40.0,57.0,72.0,81.0
101.0,22.0,60.0,38.0,26.0,10.0,0.0,0.0,2.0,9.0,11.0,21.0,25.0,28.0,33.0,36.0,40.0,52.0,60.0,81.0
125.0,72.0,120.0,44.0,99.0,10.0,120.0,64.0,2.0,9.0,13.0,20.0,24.0,30.0,34.0,35.0,40.0,59.0,61.0,81.0
58.0,18.0,30.0,38.0,20.0,10.0,91.0,78.0,2.0,9.0,12.0,21.0,25.0,30.0,34.0,39.0,40.0,59.0,77.0,81.0
255.0,115.0,30.0,118.0,139.0,10.0,176.0,140.0,3.0,9.0,13.0,21.0,25.0,27.0,34.0,36.0,40.0,52.0,77.0,81.0
149.0,38.0,120.0,69.0,48.0,10.0,117.0,71.0,3.0,9.0,11.0,21.0,24.0,28.0,34.0,37.0,40.0,57.0,61.0,81.0
215.0,163.0,30.0,123.0,210.0,20.0,195.0,100.0,2.0,10.0,13.0,21.0,25.0,29.0,34.0,38.0,40.0,53.0,61.0,81.0
152.0,3120.0,120.0,76.0,3120.0,30.0,0.0,0.0,0.0,9.0,16.0,22.0,25.0,29.0,34.0,38.0,41.0,55.0,60.0,82.0
193.0,95.0,60.0,123.0,108.0,10.0,234.0,149.0,3.0,9.0,13.0,21.0,25.0,28.0,33.0,36.0,40.0,59.0,67.0,81.0
231.0,74.0,30.0,149.0,78.0,10.0,140.0,68.0,2.0,10.0,11.0,22.0,24.0,29.0,34.0,38.0,40.0,52.0,61.0,81.0
103.0,3120.0,120.0,31.0,3120.0,30.0,60.0,40.0,1.0,9.0,16.0,21.0,25.0,28.0,34.0,39.0,41.0,57.0,61.0,82.0
231.0,203.0,120.0,108.0,237.0,30.0,140.0,90.0,2.0,10.0,13.0,22.0,24.0,28.0,34.0,37.0,40.0,52.0,61.0,81.0
98.0,31.0,30.0,40.0,36.0,30.0,91.0,40.0,1.0,9.0,11.0,21.0,24.0,30.0,34.0,38.0,40.0,57.0,61.0,81.0
120.0,31.0,60.0,81.0,35.0,20.0,70.0,26.0,1.0,9.0,14.0,22.0,24.0,31.0,34.0,36.0,40.0,59.0,77.0,81.0
177.0,92.0,30.0,88.0,127.0,20.0,128.0,108.0,2.0,10.0,11.0,22.0,25.0,29.0,34.0,38.0,40.0,42.0,77.0,81.0
110.0,4200.0,60.0,70.0,5040.0,20.0,0.0,0.0,2.0,10.0,16.0,21.0,25.0,31.0,33.0,36.0,41.0,42.0,70.0,82.0
204.0,89.0,60.0,104.0,109.0,10.0,221.0,162.0,3.0,10.0,11.0,21.0,24.0,28.0,34.0,37.0,40.0,57.0,60.0,81.0
189.0,73.0,60.0,83.0,84.0,20.0,150.0,136.0,2.0,10.0,11.0,22.0,24.0,29.0,34.0,38.0,40.0,43.0,79.0,81.0
111.0,2600.0,30.0,66.0,4160.0,20.0,80.0,48.0,2.0,9.0,16.0,21.0,25.0,29.0,34.0,37.0,41.0,48.0,60.0,81.0
197.0,137.0,120.0,89.0,156.0,20.0,273.0,110.0,3.0,9.0,13.0,21.0,24.0,30.0,34.0,37.0,40.0,54.0,77.0,81.0
82.0,42.0,120.0,31.0,54.0,20.0,70.0,52.0,1.0,10.0,11.0,20.0,24.0,29.0,34.0,35.0,40.0,43.0,77.0,81.0
250.0,55.0,120.0,157.0,57.0,30.0,120.0,70.0,3.0,9.0,11.0,21.0,25.0,28.0,34.0,39.0,40.0,43.0,75.0,81.0
175.0,108.0,120.0,123.0,133.0,10.0,152.0,125.0,2.0,10.0,11.0,23.0,25.0,29.0,34.0,38.0,40.0,59.0,67.0,81.0
182.0,123.0,120.0,63.0,144.0,20.0,190.0,149.0,2.0,9.0,13.0,22.0,24.0,28.0,34.0,37.0,40.0,42.0,79.0,81.0
146.0,136.0,30.0,55.0,153.0,10.0,120.0,64.0,3.0,10.0,13.0,21.0,25.0,28.0,33.0,38.0,40.0,59.0,61.0,81.0
95.0,57.0,120.0,92.0,63.0,30.0,117.0,44.0,3.0,9.0,13.0,21.0,24.0,28.0,34.0,36.0,40.0,59.0,65.0,81.0
102.0,53.0,30.0,44.0,68.0,30.0,91.0,32.0,0.0,9.0,13.0,23.0,24.0,31.0,33.0,36.0,40.0,57.0,61.0,81.0
158.0,2340.0,120.0,83.0,3380.0,20.0,0.0,0.0,1.0,9.0,16.0,21.0,25.0,28.0,33.0,39.0,41.0,58.0,61.0,82.0
193.0,106.0,60.0,64.0,140.0,30.0,221.0,84.0,2.0,10.0,11.0,23.0,24.0,29.0,33.0,36.0,40.0,57.0,60.0,81.0
183.0,110.0,60.0,97.0,122.0,10.0,160.0,76.0,2.0,10.0,11.0,22.0,25.0,28.0,34.0,37.0,40.0,52.0,65.0,81.0
90.0,20.0,120.0,44.0,24.0,30.0,0.0,0.0,0.0,9.0,11.0,22.0,25.0,29.0,34.0,37.0,40.0,52.0,60.0,81.0
328.0,83.0,120.0,87.0,133.0,10.0,0.0,0.0,1.0,10.0,15.0,22.0,25.0,27.0,34.0,39.0,40.0,52.0,79.0,82.0
224.0,98.0,120.0,80.0,112.0,30.0,260.0,108.0,2.0,10.0,11.0,22.0,24.0,30.0,34.0,38.0,40.0,57.0,72.0,81.0
107.0,4200.0,120.0,56.0,5460.0,20.0,0.0,0.0,2.0,10.0,16.0,21.0,25.0,30.0,34.0,38.0,41.0,43.0,60.0,81.0
145.0,147.0,60.0,123.0,212.0,10.0,117.0,65.0,2.0,10.0,18.0,21.0,24.0,30.0,33.0,37.0,40.0,59.0,77.0,81.0
191.0,217.0,120.0,83.0,245.0,20.0,221.0,115.0,3.0,10.0,13.0,22.0,25.0,31.0,34.0,38.0,40.0,42.0,77.0,81.0
156.0,82.0,120.0,126.0,95.0,30.0,143.0,56.0,3.0,9.0,13.0,21.0,24.0,29.0,33.0,37.0,40.0,47.0,65.0,81.0
159.0,97.0,120.0,83.0,105.0,20.0,195.0,105.0,2.0,10.0,11.0,22.0,24.0,29.0,34.0,38.0,40.0,43.0,79.0,81.0
174.0,98.0,120.0,123.0,103.0,30.0,136.0,123.0,3.0,9.0,13.0,21.0,25.0,28.0,34.0,38.0,40.0,57.0,67.0,81.0
157.0,92.0,60.0,73.0,105.0,20.0,195.0,100.0,2.0,10.0,11.0,22.0,24.0,28.0,34.0,37.0,40.0,57.0,60.0,81.0
189.0,97.0,60.0,89.0,118.0,30.0,195.0,84.0,2.0,10.0,11.0,22.0,24.0,29.0,34.0,38.0,40.0,43.0,79.0,81.0
149.0,89.0,30.0,94.0,106.0,30.0,160.0,110.0,3.0,9.0,13.0,21.0,24.0,28.0,33.0,39.0,40.0,59.0,66.0,81.0
54.0,1850.0,30.0,25.0,2220.0,10.0,60.0,24.0,1.0,9.0,17.0,21.0,25.0,27.0,34.0,37.0,41.0,57.0,79.0,81.0
122.0,52.0,60.0,77.0,76.0,30.0,0.0,0.0,2.0,9.0,13.0,21.0,25.0,27.0,33.0,36.0,40.0,52.0,60.0,81.0
97.0,34.0,30.0,55.0,42.0,30.0,90.0,45.0,4.0,9.0,11.0,22.0,25.0,30.0,33.0,37.0,40.0,43.0,60.0,81.0
196.0,76.0,120.0,129.0,109.0,10.0,182.0,110.0,2.0,10.0,11.0,22.0,24.0,29.0,34.0,37.0,40.0,43.0,75.0,81.0
140.0,1850.0,120.0,89.0,2220.0,30.0,0.0,0.0,2.0,9.0,17.0,21.0,25.0,28.0,34.0,36.0,41.0,43.0,64.0,81.0
130.0,36.0,60.0,63.0,42.0,20.0,90.0,84.0,0.0,9.0,11.0,21.0,24.0,29.0,33.0,37.0,40.0,43.0,60.0,81.0
125.0,80.0,120.0,55.0,90.0,30.0,88.0,97.0,3.0,9.0,13.0,23.0,24.0,28.0,34.0,37.0,40.0,59.0,61.0,81.0
368.0,74.0,120.0,150.0,108.0,10.0,351.0,195.0,3.0,9.0,11.0,21.0,25.0,28.0,34.0,38.0,40.0,59.0,71.0,81.0
99.0,36.0,60.0,68.0,48.0,30.0,0.0,0.0,6.0,10.0,19.0,21.0,26.0,28.0,33.0,39.0,40.0,42.0,75.0,81.0
121.0,50.0,30.0,85.0,52.0,10.0,143.0,91.0,2.0,9.0,11.0,21.0,25.0,30.0,34.0,37.0,40.0,42.0,65.0,81.0
66.0,3120.0,30.0,35.0,3380.0,30.0,40.0,52.0,0.0,9.0,16.0,21.0,25.0,28.0,33.0,39.0,41.0,57.0,79.0,81.0
130.0,72.0,60.0,74.0,76.0,20.0,80.0,52.0,2.0,10.0,11.0,22.0,24.0,29.0,34.0,38.0,40.0,52.0,66.0,81.0
118.0,32.0,30.0,63.0,36.0,10.0,80.0,70.0,3.0,9.0,11.0,21.0,24.0,29.0,34.0,37.0,40.0,57.0,61.0,81.0
247.0,66.0,120.0,128.0,74.0,30.0,192.0,188.0,3.0,9.0,11.0,21.0,25.0,30.0,33.0,37.0,40.0,59.0,69.0,81.0
104.0,50.0,120.0,53.0,60.0,30.0,56.0,35.0,0.0,9.0,15.0,22.0,25.0,28.0,34.0,37.0,40.0,57.0,61.0,81.0
125.0,68.0,30.0,44.0,81.0,30.0,156.0,60.0,3.0,10.0,11.0,23.0,24.0,30.0,34.0,38.0,40.0,59.0,61.0,81.0
124.0,2340.0,30.0,69.0,3120.0,10.0,72.0,60.0,4.0,9.0,16.0,23.0,25.0,28.0,34.0,36.0,41.0,43.0,60.0,82.0
233.0,41.0,60.0,145.0,48.0,20.0,110.0,97.0,3.0,9.0,11.0,21.0,24.0,31.0,34.0,36.0,40.0,43.0,69.0,81.0
233.0,110.0,60.0,96.0,146.0,30.0,208.0,108.0,2.0,10.0,11.0,22.0,25.0,29.0,34.0,38.0,40.0,42.0,77.0,81.0
205.0,84.0,30.0,69.0,94.0,10.0,140.0,76.0,2.0,10.0,11.0,20.0,24.0,28.0,34.0,35.0,40.0,52.0,61.0,81.0
92.0,215.0,30.0,31.0,233.0,30.0,48.0,39.0,0.0,9.0,18.0,22.0,25.0,27.0,34.0,39.0,40.0,52.0,75.0,81.0
125.0,72.0,120.0,44.0,99.0,10.0,110.0,56.0,3.0,9.0,13.0,21.0,24.0,30.0,34.0,37.0,40.0,59.0,61.0,81.0
220.0,176.0,60.0,70.0,210.0,10.0,112.0,85.0,2.0,10.0,13.0,21.0,25.0,29.0,34.0,38.0,40.0,43.0,72.0,81.0
85.0,196.0,30.0,36.0,262.0,10.0,40.0,35.0,0.0,9.0,18.0,21.0,25.0,28.0,33.0,39.0,40.0,52.0,60.0,82.0
295.0,63.0,60.0,141.0,74.0,10.0,286.0,162.0,3.0,9.0,11.0,21.0,25.0,28.0,33.0,37.0,40.0,52.0,77.0,81.0
332.0,131.0,120.0,163.0,140.0,30.0,170.0,100.0,3.0,10.0,11.0,21.0,25.0,30.0,33.0,39.0,40.0,42.0,78.0,81.0
92.0,60.0,60.0,37.0,84.0,30.0,90.0,60.0,2.0,10.0,11.0,22.0,24.0,29.0,34.0,38.0,40.0,42.0,61.0,81.0
130.0,54.0,30.0,104.0,60.0,10.0,0.0,0.0,1.0,10.0,11.0,21.0,25.0,28.0,34.0,39.0,40.0,48.0,79.0,81.0
177.0,137.0,30.0,83.0,149.0,10.0,273.0,143.0,3.0,9.0,13.0,21.0,24.0,30.0,34.0,37.0,40.0,54.0,77.0,81.0
123.0,22.0,120.0,60.0,26.0,20.0,0.0,0.0,4.0,9.0,12.0,21.0,26.0,28.0,34.0,36.0,40.0,42.0,61.0,82.0
116.0,58.0,30.0,61.0,68.0,10.0,72.0,55.0,2.0,10.0,11.0,21.0,25.0,31.0,34.0,39.0,40.0,42.0,61.0,82.0
116.0,23.0,120.0,46.0,31.0,20.0,64.0,36.0,3.0,9.0,11.0,21.0,24.0,31.0,34.0,39.0,40.0,43.0,77.0,81.0
146.0,72.0,120.0,55.0,86.0,20.0,88.0,60.0,3.0,9.0,13.0,23.0,24.0,28.0,34.0,37.0,40.0,59.0,61.0,81.0
879.0,319.0,30.0,760.0,414.0,20.0,270.0,214.0,3.0,10.0,13.0,21.0,25.0,29.0,34.0,38.0,40.0,59.0,73.0,81.0
51.0,2340.0,30.0,18.0,4160.0,20.0,65.0,25.0,1.0,9.0,16.0,23.0,25.0,28.0,33.0,36.0,41.0,59.0,77.0,81.0
147.0,130.0,60.0,68.0,153.0,10.0,72.0,65.0,0.0,10.0,13.0,22.0,24.0,30.0,33.0,37.0,40.0,42.0,61.0,81.0
243.0,108.0,30.0,106.0,123.0,10.0,0.0,0.0,2.0,9.0,13.0,21.0,25.0,28.0,33.0,36.0,40.0,42.0,77.0,81.0
277.0,99.0,120.0,133.0,133.0,10.0,260.0,143.0,2.0,10.0,11.0,22.0,25.0,28.0,34.0,37.0,40.0,57.0,72.0,81.0
173.0,2220.0,60.0,119.0,2220.0,20.0,0.0,0.0,2.0,9.0,17.0,21.0,25.0,27.0,34.0,36.0,41.0,52.0,61.0,81.0
71.0,9.0,60.0,48.0,14.0,30.0,48.0,13.0,2.0,9.0,12.0,21.0,25.0,31.0,34.0,37.0,40.0,59.0,77.0,82.0
59.0,2340.0,30.0,35.0,3120.0,10.0,40.0,40.0,0.0,9.0,16.0,21.0,25.0,28.0,33.0,39.0,41.0,57.0,79.0,82.0
205.0,48.0,60.0,150.0,52.0,20.0,182.0,95.0,2.0,9.0,11.0,22.0,25.0,30.0,34.0,38.0,40.0,43.0,79.0,81.0
247.0,109.0,120.0,92.0,122.0,30.0,160.0,175.0,2.0,10.0,11.0,22.0,24.0,30.0,34.0,38.0,40.0,57.0,72.0,81.0
188.0,103.0,30.0,108.0,111.0,30.0,88.0,84.0,2.0,9.0,13.0,22.0,25.0,30.0,34.0,38.0,40.0,43.0,60.0,81.0
57.0,76.0,30.0,40.0,84.0,30.0,110.0,80.0,2.0,10.0,11.0,20.0,24.0,29.0,34.0,35.0,40.0,57.0,61.0,81.0
114.0,96.0,120.0,55.0,123.0,10.0,88.0,70.0,3.0,9.0,13.0,21.0,25.0,31.0,34.0,37.0,40.0,59.0,61.0,81.0
194.0,52.0,30.0,101.0,70.0,20.0,112.0,68.0,3.0,9.0,11.0,21.0,25.0,31.0,34.0,36.0,40.0,43.0,70.0,81.0
119.0,32.0,30.0,88.0,60.0,20.0,78.0,30.0,0.0,10.0,11.0,22.0,24.0,28.0,34.0,38.0,40.0,52.0,60.0,81.0
251.0,154.0,120.0,114.0,182.0,20.0,286.0,130.0,2.0,9.0,13.0,22.0,25.0,29.0,34.0,37.0,40.0,55.0,77.0,81.0
208.0,74.0,30.0,71.0,80.0,30.0,152.0,130.0,0.0,9.0,11.0,22.0,25.0,29.0,34.0,37.0,40.0,59.0,60.0,81.0
108.0,20.0,120.0,68.0,25.0,10.0,130.0,52.0,1.0,9.0,12.0,22.0,26.0,28.0,34.0,39.0,40.0,58.0,79.0,82.0
94.0,68.0,60.0,46.0,95.0,30.0,72.0,78.0,2.0,9.0,13.0,22.0,24.0,28.0,34.0,38.0,40.0,43.0,60.0,81.0
58.0,2900.0,30.0,37.0,4640.0,20.0,0.0,0.0,2.0,10.0,17.0,21.0,25.0,31.0,33.0,39.0,41.0,57.0,79.0,81.0
76.0,27.0,30.0,68.0,39.0,30.0,0.0,0.0,6.0,10.0,19.0,21.0,26.0,28.0,33.0,39.0,40.0,42.0,75.0,81.0
167.0,67.0,120.0,71.0,78.0,20.0,104.0,80.0,2.0,10.0,11.0,20.0,24.0,30.0,34.0,35.0,40.0,43.0,79.0,81.0
281.0,50.0,120.0,109.0,80.0,10.0,0.0,0.0,0.0,9.0,15.0,23.0,25.0,28.0,34.0,39.0,40.0,47.0,79.0,82.0
115.0,82.0,120.0,76.0,105.0,10.0,72.0,50.0,3.0,10.0,11.0,21.0,25.0,29.0,33.0,37.0,40.0,42.0,61.0,81.0
247.0,45.0,120.0,158.0,53.0,20.0,128.0,68.0,3.0,9.0,11.0,21.0,24.0,31.0,34.0,36.0,40.0,43.0,75.0,81.0
103.0,76.0,30.0,94.0,91.0,20.0,90.0,71.0,3.0,9.0,13.0,21.0,24.0,28.0,34.0,36.0,40.0,59.0,65.0,81.0
141.0,38.0,60.0,67.0,46.0,20.0,60.0,45.0,0.0,10.0,11.0,21.0,25.0,29.0,33.0,37.0,40.0,42.0,72.0,81.0
249.0,158.0,30.0,161.0,165.0,10.0,260.0,149.0,3.0,9.0,13.0,21.0,25.0,27.0,34.0,37.0,40.0,42.0,78.0,81.0
150.0,78.0,120.0,73.0,78.0,30.0,110.0,70.0,2.0,10.0,11.0,21.0,24.0,30.0,34.0,37.0,40.0,59.0,61.0,81.0
80.0,2340.0,30.0,38.0,3380.0,30.0,0.0,0.0,0.0,9.0,16.0,21.0,25.0,28.0,33.0,37.0,41.0,52.0,60.0,81.0
276.0,254.0,30.0,173.0,337.0,20.0,200.0,124.0,3.0,10.0,13.0,21.0,25.0,31.0,34.0,37.0,40.0,59.0,73.0,81.0
353.0,89.0,60.0,216.0,97.0,20.0,192.0,120.0,3.0,9.0,11.0,23.0,25.0,30.0,34.0,38.0,40.0,59.0,73.0,81.0
158.0,106.0,30.0,60.0,112.0,10.0,195.0,130.0,3.0,10.0,11.0,21.0,25.0,29.0,34.0,38.0,40.0,57.0,60.0,81.0
200.0,74.0,120.0,82.0,90.0,20.0,0.0,0.0,2.0,9.0,14.0,21.0,24.0,28.0,34.0,36.0,40.0,59.0,60.0,81.0
173.0,163.0,30.0,91.0,198.0,30.0,170.0,115.0,3.0,10.0,13.0,22.0,25.0,31.0,34.0,38.0,40.0,42.0,77.0,81.0
150.0,176.0,30.0,56.0,245.0,20.0,136.0,112.0,2.0,10.0,13.0,22.0,25.0,29.0,34.0,38.0,40.0,42.0,77.0,81.0
283.0,146.0,60.0,84.0,165.0,20.0,216.0,144.0,2.0,10.0,11.0,22.0,24.0,28.0,34.0,38.0,40.0,52.0,79.0,81.0
146.0,80.0,120.0,49.0,106.0,10.0,143.0,104.0,3.0,9.0,13.0,21.0,24.0,29.0,34.0,37.0,40.0,59.0,61.0,81.0
205.0,150.0,120.0,69.0,184.0,20.0,144.0,88.0,2.0,10.0,13.0,23.0,24.0,29.0,34.0,37.0,40.0,52.0,61.0,81.0
200.0,123.0,30.0,63.0,144.0,30.0,247.0,112.0,3.0,9.0,13.0,21.0,24.0,29.0,34.0,38.0,40.0,59.0,60.0,81.0
143.0,89.0,30.0,92.0,109.0,20.0,120.0,91.0,0.0,10.0,11.0,22.0,24.0,29.0,34.0,37.0,40.0,48.0,60.0,81.0
221.0,94.0,60.0,123.0,109.0,10.0,312.0,182.0,2.0,10.0,11.0,22.0,24.0,29.0,34.0,38.0,40.0,55.0,77.0,81.0
114.0,82.0,60.0,49.0,90.0,10.0,110.0,64.0,2.0,10.0,11.0,21.0,24.0,30.0,34.0,38.0,40.0,59.0,61.0,81.0
52.0,2340.0,30.0,33.0,3380.0,30.0,40.0,35.0,1.0,9.0,16.0,21.0,25.0,29.0,34.0,38.0,41.0,59.0,77.0,81.0
217.0,196.0,60.0,102.0,281.0,30.0,184.0,169.0,3.0,10.0,13.0,21.0,24.0,30.0,33.0,38.0,40.0,59.0,60.0,81.0
122.0,145.0,120.0,67.0,162.0,20.0,143.0,90.0,1.0,10.0,13.0,20.0,24.0,29.0,33.0,35.0,40.0,57.0,61.0,81.0
164.0,103.0,30.0,94.0,128.0,20.0,130.0,130.0,2.0,9.0,13.0,22.0,25.0,28.0,33.0,36.0,40.0,43.0,79.0,81.0
85.0,31.0,60.0,34.0,46.0,30.0,72.0,65.0,2.0,9.0,11.0,21.0,24.0,30.0,34.0,37.0,40.0,43.0,60.0,81.0
81.0,5040.0,30.0,32.0,5040.0,10.0,78.0,39.0,1.0,10.0,16.0,22.0,25.0,28.0,34.0,38.0,41.0,42.0,72.0,81.0
147.0,103.0,30.0,108.0,128.0,20.0,130.0,84.0,3.0,9.0,13.0,21.0,24.0,30.0,34.0,38.0,40.0,42.0,65.0,81.0
124.0,39.0,30.0,87.0,46.0,30.0,110.0,80.0,3.0,9.0,11.0,21.0,25.0,30.0,34.0,39.0,40.0,42.0,61.0,81.0
51.0,315.0,60.0,28.0,560.0,30.0,40.0,32.0,1.0,10.0,18.0,22.0,25.0,28.0,34.0,37.0,40.0,57.0,79.0,82.0
61.0,209.0,120.0,28.0,209.0,30.0,0.0,0.0,0.0,10.0,18.0,22.0,25.0,29.0,33.0,37.0,40.0,59.0,77.0,82.0
249.0,189.0,30.0,104.0,218.0,10.0,160.0,84.0,2.0,10.0,13.0,22.0,24.0,30.0,34.0,38.0,40.0,43.0,72.0,81.0
174.0,59.0,120.0,61.0,66.0,20.0,182.0,80.0,2.0,9.0,11.0,22.0,24.0,28.0,34.0,38.0,40.0,43.0,72.0,81.0
258.0,3120.0,30.0,149.0,3120.0,10.0,351.0,123.0,2.0,9.0,16.0,21.0,26.0,31.0,33.0,39.0,41.0,59.0,60.0,81.0
189.0,233.0,120.0,109.0,301.0,10.0,144.0,120.0,2.0,10.0,13.0,20.0,24.0,28.0,34.0,35.0,40.0,57.0,60.0,81.0
200.0,3120.0,30.0,81.0,4160.0,20.0,0.0,0.0,2.0,9.0,16.0,21.0,25.0,28.0,34.0,37.0,41.0,59.0,60.0,82.0
53.0,257.0,60.0,36.0,308.0,20.0,78.0,40.0,1.0,9.0,18.0,23.0,25.0,28.0,33.0,36.0,40.0,57.0,79.0,82.0
167.0,4200.0,120.0,99.0,6720.0,10.0,104.0,195.0,0.0,10.0,16.0,22.0,26.0,28.0,34.0,38.0,41.0,48.0,60.0,82.0
85.0,60.0,60.0,41.0,71.0,20.0,117.0,70.0,2.0,10.0,11.0,23.0,25.0,29.0,34.0,38.0,40.0,42.0,61.0,81.0
150.0,85.0,60.0,107.0,92.0,10.0,100.0,52.0,3.0,10.0,11.0,23.0,25.0,29.0,34.0,38.0,40.0,43.0,60.0,81.0
207.0,101.0,30.0,168.0,99.0,10.0,208.0,104.0,3.0,10.0,11.0,21.0,24.0,30.0,33.0,37.0,40.0,57.0,62.0,81.0
58.0,3480.0,30.0,36.0,4640.0,20.0,40.0,78.0,2.0,10.0,17.0,21.0,25.0,31.0,34.0,37.0,41.0,59.0,77.0,82.0
125.0,122.0,30.0,49.0,142.0,10.0,96.0,80.0,3.0,10.0,13.0,21.0,25.0,28.0,33.0,38.0,40.0,59.0,61.0,81.0
314.0,98.0,60.0,227.0,106.0,10.0,112.0,95.0,3.0,9.0,13.0,21.0,24.0,28.0,33.0,37.0,40.0,59.0,61.0,81.0
41.0,443.0,60.0,20.0,480.0,10.0,50.0,20.0,1.0,10.0,18.0,22.0,24.0,28.0,33.0,37.0,40.0,59.0,77.0,82.0
163.0,110.0,120.0,80.0,146.0,10.0,136.0,120.0,3.0,10.0,11.0,21.0,25.0,30.0,34.0,38.0,40.0,57.0,60.0,81.0
267.0,108.0,30.0,167.0,146.0,20.0,170.0,143.0,0.0,10.0,11.0,21.0,25.0,30.0,34.0,38.0,40.0,57.0,60.0,81.0
116.0,37.0,30.0,43.0,42.0,30.0,56.0,65.0,1.0,9.0,11.0,21.0,24.0,30.0,34.0,38.0,40.0,57.0,61.0,81.0
234.0,184.0,120.0,91.0,254.0,10.0,208.0,117.0,2.0,10.0,13.0,23.0,25.0,29.0,33.0,37.0,40.0,57.0,60.0,81.0
130.0,61.0,30.0,52.0,84.0,20.0,143.0,85.0,2.0,10.0,11.0,22.0,24.0,30.0,34.0,38.0,40.0,42.0,61.0,81.0
161.0,75.0,120.0,69.0,100.0,30.0,195.0,80.0,0.0,10.0,15.0,22.0,25.0,28.0,34.0,38.0,40.0,57.0,60.0,81.0
226.0,116.0,30.0,126.0,150.0,20.0,180.0,149.0,3.0,10.0,11.0,21.0,25.0,30.0,33.0,39.0,40.0,57.0,60.0,81.0
90.0,2340.0,30.0,79.0,3120.0,10.0,72.0,55.0,0.0,9.0,16.0,23.0,25.0,30.0,34.0,37.0,41.0,59.0,65.0,82.0
254.0,106.0,30.0,125.0,118.0,10.0,144.0,165.0,2.0,10.0,11.0,21.0,25.0,29.0,34.0,39.0,40.0,55.0,79.0,82.0
205.0,99.0,120.0,113.0,118.0,20.0,190.0,182.0,2.0,10.0,11.0,23.0,25.0,29.0,34.0,37.0,40.0,57.0,60.0,81.0
174.0,44.0,30.0,61.0,52.0,10.0,120.0,85.0,2.0,9.0,11.0,22.0,25.0,28.0,34.0,37.0,40.0,43.0,72.0,81.0
188.0,101.0,30.0,95.0,137.0,20.0,150.0,117.0,2.0,10.0,11.0,22.0,24.0,29.0,34.0,38.0,40.0,52.0,61.0,81.0
120.0,2340.0,120.0,62.0,4160.0,10.0,100.0,120.0,1.0,9.0,16.0,23.0,25.0,28.0,34.0,37.0,41.0,42.0,61.0,81.0
324.0,110.0,120.0,128.0,140.0,20.0,216.0,128.0,2.0,10.0,11.0,23.0,25.0,29.0,34.0,38.0,40.0,59.0,72.0,81.0
116.0,58.0,120.0,46.0,65.0,30.0,60.0,40.0,2.0,9.0,13.0,21.0,25.0,29.0,33.0,38.0,40.0,51.0,60.0,82.0
58.0,3480.0,120.0,39.0,4640.0,10.0,0.0,0.0,2.0,10.0,17.0,21.0,25.0,31.0,33.0,39.0,41.0,57.0,79.0,81.0
162.0,89.0,120.0,107.0,90.0,20.0,182.0,85.0,2.0,10.0,11.0,22.0,24.0,28.0,33.0,38.0,40.0,44.0,77.0,81.0
116.0,25.0,120.0,45.0,36.0,10.0,78.0,52.0,2.0,9.0,11.0,22.0,24.0,28.0,33.0,37.0,40.0,42.0,72.0,81.0
92.0,89.0,60.0,36.0,106.0,20.0,48.0,28.0,3.0,10.0,13.0,21.0,24.0,29.0,34.0,38.0,40.0,42.0,72.0,81.0
100.0,78.0,120.0,45.0,88.0,20.0,156.0,60.0,2.0,10.0,11.0,23.0,25.0,29.0,34.0,38.0,40.0,43.0,60.0,81.0
142.0,136.0,120.0,95.0,155.0,20.0,0.0,0.0,2.0,10.0,13.0,21.0,25.0,29.0,34.0,38.0,40.0,42.0,61.0,81.0
188.0,4200.0,120.0,95.0,5460.0,20.0,150.0,123.0,4.0,10.0,16.0,22.0,25.0,29.0,34.0,38.0,41.0,43.0,72.0,81.0
201.0,262.0,60.0,93.0,301.0,10.0,200.0,104.0,2.0,10.0,13.0,22.0,24.0,29.0,34.0,38.0,40.0,59.0,64.0,81.0
193.0,62.0,120.0,50.0,66.0,30.0,170.0,95.0,2.0,9.0,11.0,22.0,25.0,30.0,34.0,37.0,40.0,57.0,60.0,81.0
194.0,62.0,30.0,85.0,86.0,20.0,0.0,0.0,2.0,9.0,11.0,21.0,25.0,28.0,34.0,39.0,40.0,42.0,79.0,81.0
106.0,43.0,120.0,39.0,68.0,10.0,78.0,52.0,3.0,9.0,13.0,21.0,24.0,28.0,33.0,37.0,40.0,52.0,60.0,81.0
197.0,85.0,60.0,119.0,132.0,30.0,112.0,104.0,2.0,9.0,13.0,23.0,24.0,28.0,34.0,36.0,40.0,43.0,72.0,81.0
173.0,64.0,30.0,77.0,70.0,10.0,221.0,117.0,3.0,9.0,11.0,21.0,24.0,28.0,34.0,37.0,40.0,42.0,77.0,81.0
68.0,2610.0,60.0,37.0,3480.0,20.0,0.0,0.0,2.0,10.0,17.0,21.0,25.0,31.0,33.0,39.0,41.0,57.0,79.0,81.0
102.0,53.0,60.0,47.0,80.0,30.0,70.0,40.0,0.0,9.0,13.0,23.0,24.0,31.0,33.0,36.0,40.0,57.0,61.0,81.0
77.0,1850.0,60.0,33.0,2220.0,20.0,0.0,0.0,1.0,9.0,17.0,21.0,25.0,27.0,34.0,36.0,41.0,43.0,77.0,82.0
194.0,54.0,120.0,97.0,66.0,20.0,160.0,136.0,2.0,9.0,11.0,22.0,25.0,28.0,34.0,37.0,40.0,42.0,77.0,81.0
206.0,97.0,60.0,126.0,109.0,20.0,234.0,115.0,3.0,10.0,11.0,21.0,25.0,30.0,33.0,39.0,40.0,57.0,60.0,81.0
54.0,2600.0,30.0,33.0,4160.0,20.0,48.0,20.0,1.0,9.0,16.0,21.0,25.0,28.0,33.0,38.0,41.0,59.0,77.0,81.0
188.0,4200.0,60.0,109.0,5040.0,20.0,195.0,95.0,4.0,10.0,16.0,22.0,25.0,29.0,34.0,38.0,41.0,43.0,72.0,82.0
110.0,32.0,60.0,62.0,43.0,30.0,80.0,71.0,3.0,9.0,11.0,21.0,25.0,28.0,33.0,36.0,40.0,57.0,61.0,81.0
100.0,76.0,30.0,42.0,91.0,30.0,117.0,40.0,3.0,9.0,13.0,21.0,24.0,28.0,34.0,37.0,40.0,43.0,60.0,81.0
107.0,136.0,60.0,58.0,176.0,30.0,100.0,55.0,2.0,10.0,13.0,22.0,24.0,30.0,34.0,38.0,40.0,43.0,60.0,81.0
92.0,161.0,30.0,29.0,286.0,20.0,78.0,30.0,0.0,9.0,18.0,22.0,25.0,27.0,34.0,39.0,40.0,52.0,75.0,81.0
126.0,31.0,120.0,47.0,38.0,30.0,70.0,45.0,0.0,9.0,11.0,21.0,24.0,28.0,34.0,37.0,40.0,57.0,61.0,81.0
95.0,54.0,120.0,47.0,65.0,30.0,78.0,40.0,0.0,10.0,11.0,22.0,25.0,29.0,33.0,37.0,40.0,42.0,61.0,81.0
164.0,88.0,120.0,64.0,97.0,30.0,136.0,136.0,1.0,10.0,11.0,21.0,25.0,28.0,33.0,35.0,40.0,57.0,60.0,81.0
47.0,18.0,30.0,21.0,22.0,30.0,0.0,0.0,2.0,9.0,11.0,21.0,24.0,28.0,34.0,37.0,40.0,59.0,77.0,82.0
173.0,155.0,30.0,115.0,169.0,30.0,182.0,68.0,2.0,10.0,13.0,22.0,24.0,30.0,34.0,38.0,40.0,57.0,67.0,81.0
150.0,109.0,120.0,85.0,142.0,20.0,72.0,48.0,0.0,10.0,13.0,22.0,24.0,30.0,34.0,38.0,40.0,43.0,60.0,81.0
193.0,94.0,30.0,106.0,133.0,20.0,136.0,80.0,3.0,10.0,11.0,21.0,24.0,28.0,34.0,38.0,40.0,42.0,77.0,81.0
126.0,136.0,120.0,58.0,176.0,10.0,130.0,71.0,2.0,10.0,13.0,22.0,24.0,30.0,34.0,38.0,40.0,43.0,60.0,81.0
230.0,127.0,120.0,112.0,128.0,30.0,180.0,115.0,3.0,9.0,13.0,21.0,25.0,28.0,33.0,36.0,40.0,59.0,67.0,81.0
221.0,106.0,120.0,151.0,114.0,30.0,136.0,143.0,3.0,9.0,13.0,21.0,24.0,28.0,34.0,38.0,40.0,59.0,67.0,81.0
120.0,36.0,30.0,62.0,42.0,30.0,130.0,44.0,3.0,9.0,11.0,21.0,25.0,28.0,33.0,36.0,40.0,57.0,61.0,81.0
287.0,64.0,120.0,199.0,70.0,30.0,152.0,156.0,3.0,9.0,11.0,21.0,24.0,29.0,34.0,38.0,40.0,52.0,65.0,81.0
103.0,25.0,60.0,31.0,32.0,10.0,56.0,45.0,3.0,9.0,11.0,21.0,25.0,29.0,34.0,37.0,40.0,57.0,61.0,81.0
263.0,94.0,30.0,153.0,112.0,30.0,221.0,88.0,2.0,10.0,11.0,22.0,25.0,29.0,34.0,38.0,40.0,57.0,60.0,81.0
109.0,18.0,30.0,40.0,23.0,30.0,0.0,0.0,2.0,9.0,12.0,21.0,25.0,27.0,33.0,39.0,40.0,43.0,77.0,81.0
121.0,170.0,30.0,81.0,169.0,10.0,130.0,65.0,2.0,10.0,13.0,23.0,25.0,29.0,34.0,38.0,40.0,43.0,60.0,81.0
338.0,131.0,60.0,192.0,165.0,30.0,325.0,116.0,2.0,10.0,11.0,21.0,25.0,27.0,34.0,36.0,40.0,52.0,77.0,81.0
152.0,52.0,30.0,112.0,53.0,10.0,130.0,71.0,2.0,9.0,11.0,22.0,24.0,28.0,34.0,38.0,40.0,43.0,60.0,81.0
111.0,75.0,30.0,41.0,133.0,20.0,78.0,35.0,0.0,10.0,15.0,22.0,25.0,29.0,34.0,38.0,40.0,42.0,72.0,81.0
131.0,3120.0,30.0,57.0,3380.0,30.0,72.0,65.0,4.0,9.0,16.0,23.0,25.0,29.0,34.0,37.0,41.0,43.0,60.0,81.0
191.0,83.0,120.0,105.0,97.0,30.0,208.0,88.0,2.0,10.0,11.0,22.0,24.0,30.0,34.0,38.0,40.0,42.0,77.0,81.0
180.0,70.0,30.0,92.0,92.0,20.0,143.0,70.0,2.0,10.0,11.0,22.0,25.0,29.0,34.0,38.0,40.0,43.0,69.0,81.0
166.0,71.0,30.0,118.0,80.0,10.0,90.0,44.0,3.0,9.0,13.0,21.0,25.0,30.0,34.0,36.0,40.0,59.0,78.0,81.0
71.0,104.0,30.0,38.0,186.0,20.0,0.0,0.0,2.0,9.0,19.0,21.0,25.0,27.0,33.0,39.0,40.0,59.0,77.0,81.0
93.0,22.0,60.0,67.0,23.0,20.0,72.0,16.0,8.0,9.0,12.0,21.0,25.0,28.0,33.0,36.0,40.0,58.0,79.0,81.0
156.0,64.0,120.0,81.0,76.0,20.0,104.0,60.0,2.0,10.0,11.0,21.0,24.0,30.0,34.0,38.0,40.0,52.0,61.0,81.0
211.0,66.0,60.0,183.0,70.0,20.0,351.0,180.0,2.0,9.0,11.0,22.0,25.0,29.0,34.0,37.0,40.0,57.0,73.0,81.0
190.0,126.0,120.0,111.0,155.0,10.0,128.0,110.0,3.0,10.0,11.0,21.0,25.0,29.0,34.0,38.0,40.0,47.0,77.0,81.0
122.0,142.0,30.0,58.0,184.0,20.0,104.0,60.0,2.0,10.0,13.0,20.0,24.0,29.0,34.0,35.0,40.0,43.0,79.0,81.0
233.0,203.0,120.0,178.0,254.0,10.0,120.0,90.0,3.0,10.0,13.0,21.0,25.0,30.0,34.0,37.0,40.0,59.0,61.0,81.0
95.0,72.0,60.0,47.0,84.0,10.0,60.0,40.0,0.0,10.0,11.0,22.0,25.0,29.0,33.0,37.0,40.0,42.0,61.0,82.0
182.0,62.0,30.0,71.0,86.0,20.0,168.0,116.0,3.0,9.0,11.0,23.0,24.0,29.0,34.0,37.0,40.0,59.0,60.0,81.0
211.0,94.0,120.0,97.0,127.0,10.0,160.0,88.0,3.0,10.0,11.0,21.0,25.0,29.0,34.0,38.0,40.0,47.0,77.0,81.0
176.0,119.0,120.0,117.0,165.0,10.0,104.0,70.0,2.0,9.0,13.0,21.0,25.0,29.0,33.0,37.0,40.0,51.0,61.0,81.0
353.0,74.0,30.0,216.0,88.0,30.0,312.0,120.0,3.0,9.0,11.0,23.0,25.0,30.0,34.0,38.0,40.0,59.0,73.0,81.0
124.0,85.0,60.0,89.0,92.0,10.0,100.0,52.0,2.0,10.0,11.0,23.0,25.0,29.0,34.0,37.0,40.0,43.0,60.0,81.0
345.0,72.0,30.0,208.0,86.0,30.0,312.0,108.0,3.0,9.0,11.0,21.0,24.0,31.0,33.0,39.0,40.0,59.0,72.0,81.0
194.0,126.0,120.0,95.0,168.0,10.0,160.0,125.0,2.0,10.0,11.0,22.0,25.0,30.0,34.0,38.0,40.0,42.0,79.0,81.0
207.0,126.0,120.0,103.0,137.0,20.0,247.0,140.0,2.0,10.0,11.0,22.0,25.0,29.0,34.0,38.0,40.0,57.0,60.0,81.0
174.0,98.0,120.0,69.0,111.0,30.0,144.0,143.0,2.0,9.0,13.0,21.0,24.0,29.0,34.0,37.0,40.0,52.0,61.0,81.0
195.0,153.0,120.0,109.0,181.0,10.0,195.0,117.0,2.0,10.0,13.0,22.0,25.0,28.0,34.0,37.0,40.0,54.0,77.0,81.0
137.0,23.0,120.0,99.0,27.0,30.0,143.0,24.0,0.0,9.0,12.0,22.0,25.0,28.0,33.0,36.0,40.0,42.0,61.0,81.0
174.0,150.0,60.0,69.0,184.0,10.0,234.0,143.0,2.0,10.0,13.0,23.0,24.0,29.0,34.0,37.0,40.0,52.0,61.0,81.0
44.0,2600.0,120.0,21.0,3380.0,20.0,40.0,109.0,0.0,9.0,16.0,23.0,25.0,29.0,34.0,37.0,41.0,59.0,77.0,81.0
312.0,225.0,60.0,86.0,274.0,10.0,192.0,170.0,2.0,10.0,13.0,22.0,25.0,29.0,34.0,38.0,40.0,57.0,72.0,81.0
334.0,158.0,30.0,236.0,198.0,20.0,190.0,136.0,3.0,9.0,13.0,21.0,24.0,30.0,34.0,37.0,40.0,57.0,72.0,81.0
188.0,111.0,30.0,76.0,132.0,30.0,221.0,76.0,0.0,9.0,13.0,21.0,24.0,29.0,34.0,38.0,40.0,57.0,60.0,81.0
211.0,126.0,120.0,103.0,137.0,20.0,208.0,110.0,3.0,10.0,11.0,21.0,25.0,29.0,34.0,38.0,40.0,47.0,77.0,81.0
161.0,100.0,120.0,53.0,108.0,20.0,260.0,145.0,2.0,10.0,15.0,21.0,25.0,31.0,34.0,37.0,40.0,57.0,60.0,81.0
275.0,122.0,30.0,106.0,150.0,30.0,338.0,96.0,2.0,10.0,11.0,22.0,24.0,29.0,34.0,38.0,40.0,52.0,79.0,81.0
182.0,189.0,60.0,63.0,266.0,30.0,168.0,175.0,2.0,10.0,13.0,22.0,25.0,28.0,34.0,38.0,40.0,42.0,79.0,81.0
103.0,2220.0,30.0,34.0,2405.0,30.0,0.0,0.0,1.0,9.0,17.0,21.0,25.0,27.0,33.0,36.0,41.0,43.0,77.0,81.0
142.0,163.0,120.0,108.0,181.0,10.0,112.0,105.0,2.0,10.0,13.0,22.0,25.0,29.0,34.0,38.0,40.0,43.0,72.0,81.0
293.0,98.0,30.0,114.0,140.0,20.0,273.0,150.0,2.0,10.0,11.0,22.0,24.0,29.0,34.0,38.0,40.0,54.0,79.0,81.0
236.0,114.0,60.0,83.0,139.0,10.0,168.0,110.0,3.0,9.0,13.0,21.0,24.0,30.0,34.0,37.0,40.0,54.0,77.0,81.0
236.0,111.0,30.0,63.0,156.0,20.0,247.0,140.0,3.0,9.0,13.0,21.0,24.0,29.0,34.0,38.0,40.0,59.0,60.0,81.0
166.0,96.0,120.0,90.0,108.0,20.0,156.0,85.0,2.0,9.0,13.0,21.0,25.0,29.0,33.0,37.0,40.0,59.0,61.0,81.0
190.0,148.0,60.0,79.0,165.0,10.0,0.0,0.0,2.0,9.0,13.0,21.0,26.0,27.0,34.0,39.0,40.0,59.0,60.0,82.0
167.0,158.0,60.0,66.0,225.0,30.0,120.0,143.0,2.0,10.0,13.0,22.0,25.0,29.0,34.0,38.0,40.0,43.0,72.0,81.0
138.0,142.0,120.0,62.0,181.0,10.0,117.0,71.0,2.0,10.0,13.0,22.0,24.0,28.0,34.0,37.0,40.0,47.0,61.0,81.0
263.0,126.0,120.0,109.0,127.0,30.0,240.0,140.0,2.0,10.0,11.0,22.0,24.0,29.0,34.0,38.0,40.0,55.0,77.0,81.0
136.0,38.0,120.0,61.0,52.0,10.0,117.0,65.0,1.0,9.0,11.0,21.0,25.0,29.0,33.0,36.0,40.0,42.0,61.0,82.0
93.0,38.0,60.0,38.0,52.0,30.0,0.0,0.0,2.0,9.0,11.0,21.0,25.0,27.0,34.0,36.0,40.0,43.0,60.0,81.0
193.0,40.0,120.0,135.0,52.0,10.0,110.0,48.0,2.0,9.0,11.0,21.0,25.0,29.0,34.0,36.0,40.0,52.0,61.0,81.0
116.0,29.0,30.0,45.0,40.0,20.0,0.0,0.0,0.0,9.0,11.0,22.0,25.0,28.0,34.0,37.0,40.0,52.0,74.0,81.0
108.0,109.0,120.0,84.0,130.0,20.0,91.0,45.0,3.0,10.0,13.0,21.0,24.0,30.0,34.0,36.0,40.0,59.0,65.0,81.0
268.0,45.0,60.0,118.0,60.0,20.0,170.0,123.0,4.0,9.0,15.0,23.0,25.0,30.0,34.0,37.0,40.0,57.0,60.0,81.0
61.0,26.0,30.0,28.0,38.0,20.0,52.0,35.0,0.0,10.0,11.0,21.0,24.0,30.0,34.0,38.0,40.0,57.0,79.0,81.0
193.0,47.0,30.0,50.0,66.0,20.0,221.0,105.0,2.0,9.0,11.0,23.0,25.0,28.0,34.0,37.0,40.0,42.0,77.0,81.0
184.0,41.0,30.0,149.0,49.0,30.0,110.0,75.0,3.0,9.0,11.0,21.0,24.0,31.0,34.0,36.0,40.0,43.0,69.0,81.0
107.0,203.0,30.0,93.0,294.0,30.0,90.0,45.0,0.0,10.0,19.0,22.0,25.0,28.0,33.0,38.0,40.0,59.0,78.0,81.0
205.0,58.0,60.0,144.0,62.0,10.0,140.0,76.0,2.0,9.0,11.0,22.0,25.0,30.0,34.0,38.0,40.0,43.0,79.0,81.0
91.0,2600.0,120.0,40.0,3380.0,20.0,70.0,39.0,2.0,9.0,16.0,21.0,25.0,31.0,34.0,37.0,41.0,43.0,77.0,81.0
277.0,131.0,30.0,177.0,168.0,20.0,170.0,130.0,3.0,10.0,11.0,21.0,25.0,30.0,33.0,39.0,40.0,42.0,78.0,81.0
180.0,65.0,30.0,85.0,70.0,10.0,221.0,123.0,2.0,9.0,11.0,22.0,24.0,28.0,34.0,37.0,40.0,57.0,60.0,81.0
150.0,38.0,60.0,76.0,43.0,20.0,110.0,78.0,2.0,9.0,11.0,23.0,24.0,28.0,33.0,37.0,40.0,42.0,61.0,81.0
170.0,99.0,60.0,82.0,114.0,20.0,182.0,80.0,1.0,9.0,13.0,21.0,24.0,31.0,34.0,36.0,40.0,52.0,61.0,81.0
171.0,44.0,60.0,139.0,56.0,30.0,144.0,123.0,2.0,9.0,11.0,22.0,24.0,29.0,34.0,37.0,40.0,57.0,60.0,81.0
270.0,88.0,60.0,108.0,105.0,10.0,120.0,90.0,2.0,10.0,11.0,22.0,24.0,29.0,34.0,38.0,40.0,52.0,61.0,81.0
164.0,98.0,120.0,60.0,116.0,20.0,0.0,0.0,0.0,9.0,13.0,22.0,25.0,29.0,34.0,37.0,40.0,52.0,61.0,81.0
149.0,48.0,30.0,69.0,52.0,30.0,72.0,78.0,1.0,9.0,11.0,21.0,25.0,30.0,34.0,37.0,40.0,43.0,60.0,81.0
182.0,94.0,120.0,71.0,109.0,30.0,247.0,104.0,2.0,10.0,11.0,21.0,25.0,28.0,34.0,37.0,40.0,42.0,79.0,81.0
182.0,94.0,120.0,71.0,109.0,30.0,260.0,92.0,2.0,10.0,11.0,22.0,24.0,29.0,34.0,38.0,40.0,59.0,60.0,81.0
188.0,72.0,120.0,148.0,76.0,30.0,100.0,80.0,3.0,10.0,11.0,21.0,24.0,29.0,34.0,38.0,40.0,59.0,65.0,81.0
145.0,132.0,30.0,90.0,147.0,10.0,80.0,50.0,2.0,10.0,13.0,22.0,24.0,29.0,34.0,38.0,40.0,43.0,60.0,81.0
196.0,152.0,30.0,155.0,169.0,10.0,120.0,85.0,2.0,10.0,13.0,22.0,25.0,30.0,34.0,37.0,40.0,55.0,65.0,81.0
157.0,45.0,60.0,53.0,80.0,30.0,0.0,0.0,2.0,9.0,15.0,21.0,25.0,30.0,33.0,36.0,40.0,43.0,72.0,82.0
123.0,1665.0,120.0,79.0,2220.0,30.0,0.0,0.0,3.0,9.0,17.0,21.0,25.0,31.0,34.0,36.0,41.0,42.0,61.0,81.0
114.0,80.0,60.0,55.0,90.0,20.0,156.0,75.0,3.0,9.0,13.0,21.0,25.0,28.0,33.0,37.0,40.0,59.0,61.0,81.0
128.0,50.0,60.0,57.0,62.0,30.0,130.0,52.0,2.0,9.0,11.0,22.0,25.0,28.0,34.0,37.0,40.0,43.0,60.0,81.0
336.0,122.0,60.0,84.0,150.0,10.0,216.0,165.0,3.0,10.0,11.0,21.0,25.0,29.0,34.0,37.0,40.0,59.0,72.0,81.0
177.0,38.0,60.0,93.0,43.0,10.0,88.0,70.0,1.0,9.0,11.0,21.0,25.0,31.0,34.0,37.0,40.0,57.0,61.0,81.0
221.0,94.0,120.0,107.0,127.0,10.0,200.0,96.0,2.0,10.0,11.0,22.0,24.0,28.0,34.0,38.0,40.0,42.0,77.0,81.0
205.0,49.0,120.0,61.0,70.0,10.0,195.0,110.0,2.0,9.0,11.0,22.0,25.0,28.0,34.0,37.0,40.0,43.0,72.0,81.0
120.0,3120.0,120.0,65.0,3380.0,20.0,130.0,150.0,1.0,9.0,16.0,23.0,25.0,28.0,34.0,37.0,41.0,42.0,61.0,81.0
193.0,106.0,120.0,50.0,112.0,30.0,170.0,105.0,1.0,10.0,11.0,21.0,25.0,28.0,33.0,35.0,40.0,57.0,60.0,81.0
85.0,2600.0,30.0,39.0,4160.0,20.0,48.0,28.0,1.0,9.0,16.0,21.0,25.0,28.0,33.0,36.0,41.0,52.0,60.0,81.0
197.0,576.0,120.0,112.0,768.0,10.0,144.0,150.0,2.0,10.0,19.0,21.0,25.0,28.0,34.0,37.0,40.0,43.0,70.0,81.0
131.0,26.0,120.0,59.0,38.0,10.0,0.0,0.0,2.0,9.0,11.0,21.0,25.0,27.0,34.0,36.0,40.0,42.0,72.0,82.0
105.0,180.0,120.0,52.0,195.0,20.0,78.0,40.0,1.0,9.0,19.0,21.0,25.0,28.0,33.0,37.0,40.0,42.0,72.0,81.0
69.0,3120.0,120.0,45.0,3380.0,20.0,0.0,0.0,1.0,9.0,16.0,23.0,25.0,29.0,34.0,38.0,41.0,57.0,79.0,81.0
43.0,37.0,60.0,24.0,42.0,20.0,65.0,30.0,2.0,9.0,13.0,21.0,26.0,28.0,33.0,37.0,40.0,57.0,79.0,82.0
92.0,11.0,60.0,41.0,15.0,10.0,104.0,65.0,1.0,9.0,16.0,21.0,25.0,29.0,34.0,37.0,40.0,43.0,60.0,81.0
119.0,65.0,30.0,61.0,76.0,30.0,156.0,56.0,2.0,10.0,11.0,23.0,25.0,30.0,34.0,38.0,40.0,43.0,60.0,81.0
82.0,22.0,30.0,38.0,28.0,30.0,70.0,40.0,2.0,9.0,11.0,21.0,25.0,28.0,33.0,37.0,40.0,57.0,61.0,81.0
114.0,72.0,30.0,55.0,86.0,30.0,110.0,75.0,3.0,9.0,13.0,21.0,24.0,29.0,33.0,36.0,40.0,59.0,61.0,81.0
71.0,5040.0,120.0,36.0,5040.0,30.0,60.0,150.0,1.0,10.0,16.0,21.0,25.0,29.0,34.0,38.0,41.0,57.0,79.0,82.0
174.0,88.0,60.0,123.0,99.0,10.0,221.0,123.0,3.0,9.0,13.0,21.0,25.0,28.0,34.0,38.0,40.0,57.0,67.0,81.0
105.0,4.0,30.0,66.0,6.0,30.0,0.0,0.0,8.0,9.0,19.0,21.0,25.0,27.0,34.0,36.0,40.0,52.0,60.0,81.0
146.0,136.0,120.0,49.0,181.0,10.0,156.0,104.0,3.0,10.0,13.0,21.0,25.0,28.0,33.0,38.0,40.0,59.0,61.0,81.0
341.0,74.0,30.0,194.0,80.0,30.0,160.0,162.0,0.0,9.0,11.0,22.0,24.0,28.0,33.0,36.0,40.0,57.0,72.0,81.0
245.0,48.0,60.0,197.0,52.0,30.0,143.0,56.0,3.0,9.0,11.0,21.0,25.0,30.0,34.0,38.0,40.0,59.0,78.0,81.0
151.0,91.0,120.0,111.0,99.0,20.0,130.0,110.0,3.0,9.0,13.0,21.0,25.0,28.0,33.0,36.0,40.0,52.0,67.0,81.0
114.0,96.0,60.0,49.0,106.0,10.0,110.0,60.0,3.0,9.0,13.0,21.0,24.0,29.0,33.0,38.0,40.0,59.0,61.0,81.0
205.0,44.0,60.0,61.0,52.0,20.0,140.0,104.0,2.0,9.0,11.0,22.0,24.0,28.0,34.0,38.0,40.0,43.0,72.0,81.0
88.0,26.0,60.0,51.0,29.0,20.0,80.0,45.0,2.0,9.0,11.0,21.0,24.0,29.0,34.0,37.0,40.0,48.0,79.0,81.0
236.0,17.0,120.0,81.0,25.0,20.0,152.0,92.0,2.0,10.0,16.0,21.0,24.0,30.0,34.0,38.0,40.0,42.0,79.0,81.0
182.0,148.0,120.0,81.0,198.0,10.0,168.0,115.0,3.0,9.0,13.0,21.0,24.0,29.0,34.0,36.0,40.0,59.0,60.0,81.0
136.0,147.0,120.0,69.0,169.0,20.0,130.0,110.0,2.0,10.0,13.0,22.0,24.0,28.0,34.0,38.0,40.0,43.0,79.0,81.0
71.0,2220.0,60.0,50.0,2405.0,10.0,0.0,0.0,1.0,9.0,17.0,21.0,25.0,27.0,34.0,37.0,41.0,57.0,79.0,82.0
212.0,110.0,60.0,122.0,127.0,10.0,180.0,84.0,0.0,10.0,11.0,22.0,25.0,29.0,34.0,38.0,40.0,57.0,60.0,81.0
262.0,74.0,30.0,107.0,84.0,10.0,210.0,52.0,2.0,9.0,14.0,21.0,24.0,28.0,33.0,36.0,40.0,42.0,79.0,81.0
193.0,108.0,60.0,113.0,118.0,20.0,120.0,76.0,2.0,10.0,11.0,23.0,25.0,28.0,34.0,37.0,40.0,52.0,65.0,81.0
79.0,3120.0,30.0,61.0,3120.0,10.0,91.0,52.0,2.0,9.0,16.0,21.0,25.0,27.0,34.0,36.0,41.0,57.0,79.0,81.0
145.0,78.0,120.0,99.0,84.0,30.0,96.0,182.0,1.0,10.0,11.0,21.0,25.0,29.0,34.0,38.0,40.0,52.0,61.0,81.0
351.0,237.0,60.0,119.0,281.0,10.0,200.0,160.0,2.0,10.0,13.0,22.0,25.0,30.0,34.0,38.0,40.0,57.0,72.0,81.0
183.0,95.0,60.0,83.0,116.0,10.0,208.0,136.0,2.0,9.0,13.0,21.0,25.0,28.0,33.0,39.0,40.0,57.0,60.0,81.0
160.0,76.0,120.0,132.0,90.0,10.0,117.0,78.0,3.0,9.0,13.0,21.0,24.0,28.0,34.0,37.0,40.0,59.0,65.0,81.0
148.0,48.0,120.0,72.0,53.0,20.0,143.0,70.0,2.0,9.0,11.0,20.0,24.0,29.0,34.0,35.0,40.0,59.0,61.0,81.0
116.0,50.0,60.0,70.0,52.0,20.0,112.0,52.0,3.0,9.0,11.0,21.0,25.0,30.0,34.0,36.0,40.0,42.0,65.0,81.0
318.0,218.0,30.0,170.0,237.0,10.0,220.0,92.0,0.0,10.0,13.0,22.0,25.0,29.0,34.0,37.0,40.0,57.0,72.0,81.0
83.0,307.0,120.0,41.0,410.0,10.0,0.0,0.0,1.0,9.0,18.0,21.0,25.0,28.0,33.0,36.0,40.0,52.0,60.0,81.0
54.0,199.0,30.0,28.0,259.0,30.0,0.0,0.0,1.0,9.0,18.0,21.0,25.0,28.0,34.0,38.0,40.0,57.0,79.0,82.0
85.0,31.0,120.0,37.0,38.0,30.0,117.0,48.0,3.0,9.0,11.0,23.0,24.0,28.0,34.0,37.0,40.0,42.0,61.0,81.0
239.0,262.0,60.0,102.0,281.0,20.0,184.0,104.0,3.0,10.0,13.0,21.0,24.0,30.0,33.0,38.0,40.0,59.0,60.0,81.0
264.0,237.0,120.0,114.0,281.0,20.0,240.0,240.0,3.0,10.0,13.0,21.0,25.0,29.0,34.0,37.0,40.0,57.0,72.0,81.0
169.0,5040.0,30.0,128.0,5040.0,10.0,0.0,0.0,2.0,10.0,16.0,21.0,24.0,31.0,34.0,36.0,41.0,43.0,73.0,81.0
120.0,32.0,30.0,65.0,38.0,10.0,80.0,55.0,3.0,9.0,11.0,21.0,25.0,28.0,33.0,36.0,40.0,57.0,61.0,81.0
61.0,33.0,60.0,28.0,42.0,10.0,32.0,30.0,3.0,9.0,13.0,21.0,24.0,28.0,34.0,37.0,40.0,59.0,77.0,81.0
283.0,101.0,60.0,162.0,133.0,10.0,312.0,182.0,2.0,10.0,11.0,22.0,24.0,29.0,34.0,38.0,40.0,52.0,77.0,81.0
406.0,247.0,120.0,240.0,281.0,20.0,200.0,112.0,2.0,10.0,13.0,23.0,25.0,29.0,34.0,37.0,40.0,56.0,77.0,81.0
175.0,122.0,120.0,102.0,147.0,20.0,0.0,0.0,2.0,10.0,13.0,21.0,25.0,29.0,34.0,38.0,40.0,42.0,61.0,82.0
130.0,42.0,60.0,75.0,53.0,30.0,90.0,55.0,3.0,9.0,11.0,21.0,25.0,29.0,34.0,38.0,40.0,43.0,60.0,81.0
51.0,2600.0,120.0,29.0,3380.0,20.0,0.0,0.0,1.0,9.0,16.0,23.0,25.0,28.0,34.0,37.0,41.0,57.0,79.0,81.0
788.0,114.0,60.0,796.0,128.0,20.0,260.0,130.0,0.0,9.0,13.0,23.0,24.0,30.0,34.0,37.0,40.0,59.0,74.0,81.0
67.0,103.0,120.0,37.0,111.0,20.0,168.0,40.0,1.0,9.0,13.0,22.0,24.0,27.0,33.0,36.0,40.0,42.0,79.0,82.0
126.0,36.0,60.0,80.0,49.0,30.0,96.0,78.0,1.0,9.0,11.0,21.0,25.0,28.0,33.0,36.0,40.0,42.0,61.0,82.0
290.0,169.0,60.0,198.0,189.0,10.0,120.0,85.0,3.0,10.0,13.0,21.0,25.0,29.0,33.0,36.0,40.0,42.0,78.0,81.0
134.0,81.0,30.0,98.0,95.0,30.0,110.0,65.0,2.0,9.0,13.0,21.0,24.0,28.0,34.0,37.0,40.0,50.0,61.0,81.0
162.0,20.0,30.0,78.0,26.0,20.0,78.0,35.0,1.0,9.0,12.0,21.0,25.0,27.0,34.0,39.0,40.0,58.0,61.0,81.0
144.0,91.0,30.0,89.0,103.0,30.0,156.0,64.0,2.0,9.0,13.0,21.0,24.0,28.0,34.0,37.0,40.0,42.0,61.0,81.0
117.0,70.0,120.0,64.0,82.0,20.0,0.0,0.0,0.0,10.0,14.0,21.0,25.0,30.0,34.0,38.0,40.0,54.0,72.0,81.0
163.0,3120.0,120.0,85.0,3120.0,30.0,0.0,0.0,2.0,9.0,16.0,21.0,24.0,28.0,33.0,36.0,41.0,43.0,60.0,82.0
170.0,158.0,60.0,72.0,225.0,30.0,120.0,110.0,1.0,10.0,13.0,21.0,25.0,28.0,34.0,36.0,40.0,57.0,60.0,82.0
139.0,82.0,30.0,88.0,105.0,20.0,100.0,130.0,2.0,10.0,11.0,21.0,25.0,28.0,34.0,38.0,40.0,42.0,61.0,82.0
231.0,105.0,60.0,123.0,137.0,30.0,200.0,135.0,0.0,10.0,11.0,22.0,24.0,30.0,34.0,37.0,40.0,57.0,64.0,81.0
205.0,60.0,30.0,112.0,60.0,10.0,221.0,123.0,4.0,9.0,15.0,23.0,25.0,30.0,34.0,37.0,40.0,57.0,60.0,81.0
249.0,98.0,120.0,169.0,112.0,30.0,221.0,80.0,3.0,10.0,11.0,21.0,25.0,30.0,33.0,39.0,40.0,42.0,78.0,81.0
254.0,111.0,30.0,117.0,123.0,10.0,180.0,104.0,2.0,9.0,13.0,21.0,24.0,29.0,34.0,36.0,40.0,57.0,60.0,81.0
236.0,111.0,60.0,71.0,128.0,20.0,210.0,156.0,0.0,9.0,13.0,21.0,25.0,27.0,34.0,36.0,40.0,59.0,60.0,81.0
113.0,38.0,120.0,83.0,42.0,30.0,0.0,0.0,1.0,9.0,11.0,21.0,25.0,29.0,34.0,36.0,40.0,59.0,65.0,82.0
98.0,36.0,120.0,85.0,42.0,10.0,120.0,40.0,0.0,10.0,12.0,22.0,26.0,28.0,34.0,37.0,40.0,48.0,79.0,81.0
123.0,68.0,30.0,106.0,76.0,10.0,104.0,71.0,3.0,9.0,13.0,21.0,25.0,28.0,33.0,37.0,40.0,59.0,77.0,81.0
245.0,49.0,120.0,111.0,62.0,20.0,128.0,84.0,2.0,9.0,11.0,22.0,25.0,28.0,34.0,37.0,40.0,42.0,77.0,81.0
92.0,19.0,120.0,41.0,23.0,30.0,72.0,84.0,3.0,10.0,16.0,21.0,24.0,28.0,34.0,38.0,40.0,43.0,60.0,81.0
180.0,95.0,60.0,84.0,116.0,10.0,273.0,169.0,2.0,9.0,13.0,22.0,25.0,28.0,34.0,37.0,40.0,57.0,60.0,81.0
104.0,60.0,30.0,53.0,80.0,20.0,70.0,35.0,0.0,9.0,15.0,22.0,25.0,28.0,34.0,37.0,40.0,57.0,61.0,82.0
181.0,42.0,120.0,141.0,46.0,20.0,120.0,104.0,3.0,9.0,11.0,21.0,25.0,28.0,34.0,37.0,40.0,43.0,77.0,81.0
228.0,60.0,60.0,120.0,82.0,30.0,182.0,60.0,3.0,9.0,11.0,21.0,24.0,28.0,34.0,37.0,40.0,52.0,61.0,81.0
172.0,42.0,60.0,86.0,48.0,10.0,88.0,70.0,3.0,9.0,11.0,21.0,25.0,31.0,34.0,37.0,40.0,42.0,61.0,81.0
74.0,282.0,30.0,43.0,305.0,30.0,48.0,39.0,1.0,9.0,18.0,22.0,25.0,28.0,33.0,37.0,40.0,59.0,77.0,81.0
147.0,4200.0,120.0,96.0,5040.0,30.0,0.0,0.0,2.0,10.0,16.0,21.0,25.0,30.0,33.0,39.0,41.0,58.0,61.0,81.0
133.0,2220.0,30.0,85.0,2220.0,10.0,0.0,0.0,6.0,9.0,17.0,21.0,25.0,28.0,33.0,36.0,41.0,43.0,60.0,81.0
92.0,70.0,30.0,34.0,86.0,30.0,117.0,44.0,2.0,9.0,13.0,21.0,24.0,29.0,34.0,37.0,40.0,42.0,61.0,81.0
186.0,97.0,30.0,119.0,99.0,30.0,168.0,143.0,0.0,10.0,11.0,21.0,25.0,28.0,33.0,37.0,40.0,43.0,72.0,81.0
135.0,3780.0,120.0,92.0,5040.0,30.0,0.0,0.0,2.0,10.0,16.0,21.0,25.0,30.0,33.0,39.0,41.0,58.0,61.0,81.0
201.0,106.0,120.0,138.0,123.0,20.0,170.0,149.0,1.0,9.0,13.0,21.0,24.0,29.0,34.0,38.0,40.0,59.0,67.0,81.0
202.0,106.0,120.0,147.0,112.0,20.0,195.0,105.0,2.0,10.0,11.0,22.0,25.0,28.0,34.0,38.0,40.0,52.0,61.0,81.0
262.0,270.0,120.0,95.0,322.0,20.0,312.0,170.0,2.0,10.0,13.0,22.0,25.0,29.0,34.0,38.0,40.0,57.0,72.0,81.0
161.0,88.0,30.0,70.0,122.0,20.0,128.0,84.0,2.0,10.0,11.0,22.0,24.0,31.0,34.0,38.0,40.0,42.0,77.0,81.0
336.0,220.0,30.0,84.0,330.0,20.0,312.0,200.0,2.0,10.0,13.0,22.0,24.0,29.0,34.0,38.0,40.0,52.0,79.0,81.0
106.0,91.0,120.0,51.0,99.0,20.0,143.0,75.0,2.0,9.0,13.0,22.0,25.0,30.0,34.0,38.0,40.0,43.0,60.0,81.0
103.0,45.0,30.0,31.0,68.0,20.0,91.0,35.0,3.0,9.0,13.0,21.0,24.0,30.0,34.0,37.0,40.0,57.0,61.0,81.0
66.0,2340.0,30.0,33.0,4160.0,20.0,65.0,40.0,0.0,9.0,16.0,21.0,25.0,28.0,33.0,39.0,41.0,57.0,79.0,81.0
222.0,60.0,30.0,77.0,65.0,30.0,128.0,123.0,2.0,9.0,15.0,21.0,25.0,29.0,33.0,38.0,40.0,42.0,77.0,81.0
114.0,48.0,120.0,55.0,62.0,10.0,88.0,35.0,2.0,9.0,11.0,21.0,25.0,28.0,33.0,38.0,40.0,59.0,61.0,81.0
186.0,105.0,30.0,103.0,137.0,20.0,152.0,112.0,2.0,10.0,11.0,22.0,25.0,29.0,34.0,38.0,40.0,57.0,60.0,81.0
164.0,61.0,120.0,88.0,74.0,20.0,80.0,80.0,2.0,10.0,11.0,21.0,25.0,28.0,34.0,38.0,40.0,42.0,61.0,82.0
109.0,38.0,30.0,71.0,48.0,30.0,60.0,35.0,0.0,10.0,11.0,21.0,25.0,29.0,33.0,37.0,40.0,42.0,72.0,81.0
58.0,32.0,120.0,27.0,40.0,10.0,136.0,65.0,0.0,9.0,11.0,21.0,25.0,28.0,34.0,37.0,40.0,48.0,79.0,82.0
217.0,202.0,60.0,127.0,274.0,30.0,176.0,195.0,3.0,10.0,13.0,21.0,25.0,30.0,34.0,38.0,40.0,57.0,73.0,81.0
118.0,75.0,120.0,74.0,86.0,30.0,117.0,48.0,6.0,9.0,13.0,21.0,25.0,28.0,33.0,37.0,40.0,43.0,64.0,81.0
284.0,116.0,60.0,171.0,156.0,30.0,190.0,110.0,3.0,9.0,13.0,21.0,25.0,28.0,33.0,37.0,40.0,52.0,61.0,81.0
114.0,36.0,30.0,55.0,43.0,30.0,110.0,75.0,3.0,9.0,11.0,21.0,25.0,28.0,33.0,36.0,40.0,59.0,61.0,81.0
175.0,95.0,30.0,123.0,108.0,30.0,180.0,90.0,3.0,9.0,13.0,21.0,25.0,29.0,34.0,37.0,40.0,59.0,67.0,81.0
160.0,106.0,60.0,69.0,122.0,10.0,170.0,88.0,2.0,10.0,11.0,23.0,25.0,29.0,34.0,38.0,40.0,57.0,60.0,81.0
128.0,103.0,60.0,83.0,108.0,10.0,110.0,52.0,3.0,9.0,13.0,21.0,24.0,28.0,34.0,37.0,40.0,57.0,60.0,81.0
210.0,89.0,60.0,66.0,106.0,20.0,140.0,117.0,0.0,9.0,13.0,22.0,25.0,29.0,34.0,38.0,40.0,43.0,72.0,81.0
95.0,31.0,120.0,55.0,43.0,10.0,56.0,40.0,3.0,9.0,11.0,21.0,24.0,29.0,34.0,38.0,40.0,42.0,72.0,81.0
191.0,59.0,120.0,158.0,64.0,10.0,112.0,95.0,1.0,9.0,11.0,21.0,25.0,27.0,33.0,37.0,40.0,57.0,67.0,81.0
236.0,148.0,120.0,63.0,156.0,30.0,190.0,115.0,2.0,9.0,13.0,22.0,24.0,28.0,34.0,37.0,40.0,42.0,79.0,81.0
189.0,175.0,30.0,109.0,210.0,30.0,180.0,120.0,2.0,10.0,13.0,20.0,24.0,28.0,34.0,35.0,40.0,57.0,60.0,81.0
138.0,108.0,30.0,99.0,128.0,20.0,150.0,123.0,2.0,9.0,13.0,21.0,25.0,29.0,34.0,37.0,40.0,57.0,60.0,81.0
123.0,22.0,30.0,51.0,34.0,20.0,0.0,0.0,1.0,9.0,11.0,21.0,25.0,29.0,34.0,39.0,40.0,57.0,61.0,81.0
59.0,223.0,30.0,33.0,290.0,30.0,52.0,24.0,1.0,9.0,18.0,22.0,25.0,28.0,34.0,38.0,40.0,59.0,77.0,82.0
216.0,2340.0,30.0,131.0,4160.0,20.0,0.0,0.0,1.0,9.0,16.0,21.0,25.0,28.0,33.0,36.0,41.0,43.0,72.0,81.0
61.0,35.0,30.0,30.0,42.0,30.0,32.0,45.0,0.0,10.0,11.0,21.0,24.0,30.0,34.0,38.0,40.0,57.0,79.0,81.0
148.0,12.0,30.0,96.0,16.0,10.0,96.0,70.0,3.0,10.0,17.0,21.0,24.0,31.0,34.0,38.0,40.0,43.0,75.0,81.0
254.0,112.0,120.0,154.0,122.0,30.0,168.0,175.0,2.0,10.0,11.0,22.0,25.0,29.0,34.0,37.0,40.0,50.0,77.0,81.0
126.0,29.0,30.0,47.0,42.0,20.0,117.0,55.0,2.0,9.0,11.0,21.0,24.0,29.0,34.0,38.0,40.0,57.0,61.0,81.0
124.0,50.0,60.0,52.0,65.0,10.0,56.0,80.0,0.0,9.0,15.0,21.0,25.0,29.0,33.0,37.0,40.0,43.0,77.0,81.0
231.0,106.0,60.0,117.0,146.0,30.0,144.0,214.0,2.0,10.0,11.0,21.0,25.0,29.0,34.0,39.0,40.0,55.0,79.0,82.0
111.0,40.0,30.0,53.0,48.0,30.0,143.0,48.0,3.0,9.0,11.0,20.0,24.0,29.0,34.0,35.0,40.0,42.0,61.0,81.0
89.0,22.0,120.0,31.0,34.0,10.0,70.0,36.0,3.0,9.0,11.0,21.0,25.0,29.0,34.0,37.0,40.0,57.0,61.0,81.0
182.0,130.0,60.0,88.0,144.0,10.0,170.0,80.0,2.0,9.0,13.0,22.0,25.0,29.0,34.0,37.0,40.0,43.0,72.0,81.0
148.0,203.0,30.0,119.0,210.0,10.0,182.0,136.0,3.0,10.0,13.0,21.0,24.0,30.0,34.0,37.0,40.0,52.0,65.0,81.0
106.0,84.0,30.0,37.0,98.0,30.0,72.0,71.0,2.0,9.0,13.0,21.0,24.0,29.0,34.0,37.0,40.0,42.0,61.0,81.0
240.0,225.0,60.0,143.0,254.0,20.0,273.0,170.0,3.0,10.0,13.0,21.0,25.0,29.0,33.0,39.0,40.0,59.0,60.0,81.0
184.0,2600.0,30.0,131.0,3380.0,30.0,0.0,0.0,1.0,9.0,16.0,21.0,25.0,28.0,33.0,36.0,41.0,43.0,72.0,82.0
125.0,48.0,120.0,49.0,53.0,20.0,143.0,35.0,2.0,9.0,11.0,21.0,25.0,28.0,33.0,38.0,40.0,59.0,61.0,81.0
148.0,52.0,60.0,51.0,70.0,20.0,120.0,104.0,2.0,10.0,19.0,21.0,25.0,29.0,34.0,37.0,40.0,43.0,79.0,81.0
172.0,70.0,120.0,99.0,81.0,20.0,96.0,112.0,1.0,10.0,11.0,21.0,25.0,29.0,34.0,38.0,40.0,52.0,61.0,82.0
276.0,83.0,30.0,118.0,118.0,20.0,221.0,155.0,2.0,10.0,11.0,21.0,25.0,29.0,34.0,38.0,40.0,42.0,77.0,81.0
186.0,86.0,30.0,106.0,91.0,10.0,120.0,60.0,3.0,9.0,13.0,21.0,25.0,28.0,33.0,36.0,40.0,57.0,67.0,81.0
794.0,266.0,60.0,760.0,293.0,20.0,351.0,165.0,3.0,10.0,13.0,21.0,25.0,29.0,34.0,38.0,40.0,59.0,73.0,81.0
229.0,91.0,30.0,120.0,99.0,30.0,120.0,130.0,2.0,10.0,11.0,22.0,25.0,29.0,34.0,38.0,40.0,43.0,79.0,81.0
97.0,65.0,30.0,39.0,76.0,30.0,117.0,44.0,2.0,10.0,11.0,22.0,25.0,29.0,34.0,38.0,40.0,43.0,60.0,81.0
275.0,105.0,120.0,123.0,137.0,10.0,260.0,175.0,0.0,10.0,11.0,22.0,24.0,30.0,34.0,37.0,40.0,57.0,64.0,81.0
141.0,65.0,30.0,68.0,74.0,10.0,120.0,56.0,2.0,10.0,11.0,23.0,25.0,30.0,34.0,38.0,40.0,43.0,60.0,81.0
114.0,3120.0,60.0,73.0,3380.0,10.0,110.0,64.0,2.0,9.0,16.0,21.0,25.0,28.0,34.0,36.0,41.0,42.0,61.0,82.0
44.0,1665.0,60.0,21.0,2960.0,30.0,48.0,39.0,1.0,9.0,17.0,21.0,25.0,27.0,34.0,37.0,41.0,57.0,79.0,82.0
148.0,36.0,30.0,67.0,49.0,20.0,97.0,60.0,1.0,9.0,11.0,23.0,25.0,28.0,33.0,39.0,40.0,42.0,61.0,81.0
205.0,126.0,60.0,98.0,146.0,10.0,220.0,104.0,3.0,10.0,11.0,21.0,24.0,31.0,34.0,38.0,40.0,42.0,79.0,81.0
164.0,106.0,30.0,64.0,140.0,20.0,170.0,136.0,1.0,10.0,11.0,21.0,25.0,28.0,33.0,35.0,40.0,57.0,60.0,81.0
283.0,262.0,30.0,110.0,301.0,30.0,184.0,169.0,3.0,10.0,13.0,21.0,24.0,30.0,33.0,38.0,40.0,59.0,60.0,81.0
214.0,95.0,60.0,125.0,144.0,30.0,140.0,80.0,2.0,9.0,13.0,23.0,24.0,28.0,34.0,36.0,40.0,43.0,72.0,81.0
146.0,175.0,60.0,55.0,196.0,30.0,286.0,104.0,2.0,10.0,11.0,22.0,24.0,29.0,34.0,38.0,40.0,43.0,79.0,81.0
204.0,81.0,60.0,64.0,92.0,20.0,160.0,149.0,2.0,10.0,11.0,22.0,25.0,29.0,34.0,39.0,40.0,42.0,77.0,81.0
122.0,109.0,120.0,82.0,130.0,20.0,64.0,64.0,0.0,10.0,13.0,22.0,25.0,29.0,34.0,38.0,40.0,58.0,79.0,82.0
249.0,189.0,120.0,96.0,254.0,10.0,208.0,136.0,2.0,10.0,13.0,22.0,24.0,30.0,34.0,38.0,40.0,43.0,72.0,81.0
110.0,49.0,60.0,66.0,53.0,10.0,90.0,20.0,5.0,10.0,12.0,22.0,25.0,27.0,34.0,39.0,40.0,42.0,61.0,82.0
222.0,262.0,30.0,103.0,357.0,20.0,200.0,169.0,2.0,10.0,13.0,22.0,24.0,29.0,34.0,38.0,40.0,59.0,64.0,81.0
186.0,94.0,30.0,111.0,112.0,30.0,190.0,140.0,2.0,10.0,11.0,22.0,25.0,29.0,34.0,38.0,40.0,57.0,60.0,81.0
97.0,20.0,60.0,48.0,26.0,10.0,0.0,0.0,0.0,9.0,11.0,22.0,25.0,29.0,34.0,37.0,40.0,52.0,60.0,81.0
163.0,2600.0,60.0,80.0,3380.0,10.0,64.0,160.0,0.0,9.0,16.0,23.0,26.0,28.0,34.0,38.0,41.0,42.0,61.0,81.0
240.0,20.0,120.0,84.0,20.0,30.0,160.0,115.0,0.0,9.0,19.0,21.0,25.0,29.0,33.0,36.0,40.0,48.0,72.0,82.0
140.0,1665.0,60.0,89.0,2405.0,10.0,0.0,0.0,2.0,9.0,17.0,21.0,25.0,28.0,34.0,36.0,41.0,43.0,64.0,81.0
203.0,50.0,30.0,67.0,60.0,10.0,0.0,0.0,2.0,9.0,15.0,21.0,25.0,30.0,33.0,36.0,40.0,43.0,72.0,81.0
138.0,90.0,120.0,99.0,98.0,30.0,120.0,123.0,2.0,9.0,13.0,21.0,25.0,29.0,34.0,37.0,40.0,57.0,60.0,81.0
129.0,121.0,60.0,85.0,142.0,20.0,117.0,60.0,0.0,10.0,13.0,22.0,24.0,30.0,34.0,38.0,40.0,43.0,60.0,81.0
106.0,63.0,30.0,34.0,91.0,20.0,117.0,70.0,2.0,9.0,13.0,22.0,24.0,29.0,34.0,37.0,40.0,43.0,60.0,81.0
198.0,130.0,60.0,116.0,156.0,30.0,221.0,88.0,0.0,9.0,13.0,22.0,25.0,29.0,34.0,39.0,40.0,43.0,73.0,81.0
236.0,252.0,120.0,63.0,266.0,30.0,210.0,135.0,3.0,10.0,13.0,21.0,25.0,30.0,34.0,38.0,40.0,59.0,60.0,81.0
205.0,99.0,60.0,127.0,112.0,20.0,247.0,140.0,2.0,10.0,11.0,23.0,25.0,29.0,34.0,37.0,40.0,57.0,60.0,81.0
78.0,30.0,30.0,43.0,35.0,30.0,48.0,52.0,2.0,9.0,11.0,21.0,25.0,30.0,33.0,37.0,40.0,59.0,77.0,81.0
159.0,19.0,120.0,55.0,25.0,20.0,180.0,117.0,2.0,10.0,16.0,22.0,24.0,28.0,34.0,38.0,40.0,52.0,61.0,81.0
294.0,38.0,30.0,198.0,42.0,10.0,0.0,0.0,2.0,9.0,11.0,21.0,24.0,28.0,33.0,37.0,40.0,43.0,60.0,81.0
214.0,108.0,120.0,114.0,123.0,30.0,160.0,156.0,2.0,9.0,13.0,22.0,24.0,30.0,34.0,38.0,40.0,57.0,60.0,81.0
191.0,110.0,60.0,105.0,127.0,10.0,160.0,88.0,2.0,10.0,11.0,22.0,24.0,30.0,34.0,38.0,40.0,42.0,77.0,81.0
131.0,153.0,120.0,64.0,176.0,20.0,120.0,110.0,2.0,10.0,13.0,22.0,24.0,29.0,34.0,38.0,40.0,43.0,79.0,81.0
323.0,59.0,60.0,104.0,72.0,20.0,230.0,188.0,0.0,9.0,11.0,21.0,24.0,28.0,34.0,36.0,40.0,57.0,72.0,81.0
119.0,91.0,120.0,64.0,103.0,20.0,130.0,70.0,0.0,9.0,13.0,21.0,25.0,29.0,33.0,37.0,40.0,42.0,61.0,81.0
167.0,76.0,60.0,112.0,90.0,30.0,150.0,105.0,2.0,10.0,11.0,23.0,25.0,30.0,34.0,38.0,40.0,57.0,74.0,81.0
103.0,22.0,30.0,31.0,34.0,20.0,91.0,40.0,3.0,9.0,11.0,21.0,25.0,30.0,34.0,37.0,40.0,43.0,77.0,81.0
268.0,100.0,30.0,122.0,108.0,30.0,0.0,0.0,2.0,10.0,15.0,21.0,25.0,31.0,33.0,39.0,40.0,57.0,60.0,81.0
143.0,67.0,60.0,92.0,78.0,10.0,156.0,91.0,0.0,10.0,11.0,22.0,24.0,29.0,34.0,37.0,40.0,48.0,60.0,81.0
205.0,106.0,120.0,122.0,140.0,10.0,120.0,90.0,2.0,10.0,11.0,22.0,24.0,29.0,34.0,38.0,40.0,52.0,61.0,81.0
255.0,93.0,60.0,185.0,108.0,10.0,221.0,130.0,3.0,9.0,13.0,21.0,24.0,30.0,34.0,38.0,40.0,59.0,62.0,81.0
144.0,2220.0,120.0,89.0,2405.0,20.0,117.0,50.0,2.0,9.0,17.0,21.0,25.0,27.0,34.0,36.0,41.0,42.0,61.0,81.0
218.0,95.0,120.0,83.0,116.0,20.0,128.0,84.0,2.0,9.0,13.0,21.0,25.0,28.0,33.0,39.0,40.0,57.0,60.0,81.0
179.0,176.0,30.0,65.0,210.0,30.0,156.0,76.0,2.0,10.0,13.0,21.0,25.0,29.0,33.0,37.0,40.0,57.0,60.0,82.0
166.0,90.0,60.0,80.0,103.0,10.0,88.0,60.0,3.0,9.0,13.0,21.0,25.0,29.0,34.0,38.0,40.0,42.0,61.0,81.0
114.0,96.0,60.0,49.0,106.0,10.0,110.0,60.0,3.0,9.0,13.0,23.0,24.0,28.0,34.0,37.0,40.0,59.0,61.0,81.0
191.0,106.0,60.0,83.0,144.0,30.0,170.0,110.0,0.0,9.0,13.0,22.0,25.0,28.0,34.0,38.0,40.0,57.0,60.0,81.0
236.0,123.0,60.0,63.0,144.0,10.0,216.0,160.0,3.0,9.0,13.0,21.0,25.0,31.0,34.0,37.0,40.0,59.0,60.0,81.0
184.0,119.0,60.0,96.0,137.0,10.0,170.0,100.0,3.0,10.0,11.0,21.0,24.0,28.0,34.0,37.0,40.0,57.0,60.0,81.0
118.0,83.0,60.0,78.0,91.0,20.0,117.0,60.0,6.0,9.0,13.0,21.0,25.0,28.0,33.0,37.0,40.0,43.0,64.0,82.0
211.0,46.0,30.0,128.0,49.0,10.0,130.0,52.0,2.0,9.0,11.0,22.0,25.0,29.0,34.0,37.0,40.0,42.0,61.0,81.0
126.0,23.0,120.0,54.0,31.0,20.0,56.0,36.0,0.0,9.0,11.0,21.0,24.0,28.0,34.0,37.0,40.0,57.0,61.0,81.0
189.0,106.0,120.0,148.0,112.0,20.0,260.0,110.0,2.0,10.0,11.0,22.0,24.0,28.0,34.0,38.0,40.0,48.0,75.0,81.0
103.0,5040.0,120.0,31.0,5040.0,30.0,0.0,0.0,0.0,10.0,16.0,23.0,25.0,30.0,33.0,38.0,41.0,57.0,61.0,82.0
96.0,22.0,120.0,56.0,25.0,30.0,0.0,0.0,4.0,9.0,12.0,21.0,26.0,28.0,34.0,36.0,40.0,42.0,61.0,81.0
179.0,19.0,60.0,170.0,23.0,20.0,130.0,55.0,3.0,10.0,16.0,21.0,24.0,29.0,33.0,37.0,40.0,59.0,78.0,81.0
200.0,252.0,30.0,81.0,337.0,20.0,190.0,195.0,2.0,10.0,13.0,21.0,24.0,29.0,34.0,37.0,40.0,59.0,60.0,81.0
234.0,66.0,120.0,183.0,70.0,30.0,216.0,234.0,2.0,9.0,11.0,22.0,25.0,29.0,34.0,37.0,40.0,57.0,73.0,81.0
130.0,68.0,30.0,59.0,76.0,10.0,110.0,68.0,2.0,10.0,11.0,22.0,24.0,30.0,34.0,38.0,40.0,42.0,61.0,81.0
350.0,101.0,30.0,181.0,137.0,20.0,260.0,125.0,3.0,10.0,11.0,21.0,25.0,30.0,34.0,37.0,40.0,42.0,78.0,81.0
112.0,5040.0,60.0,54.0,5040.0,20.0,96.0,60.0,0.0,10.0,16.0,21.0,25.0,29.0,34.0,38.0,41.0,43.0,60.0,81.0
56.0,46.0,120.0,38.0,65.0,10.0,32.0,20.0,2.0,9.0,13.0,21.0,25.0,31.0,33.0,36.0,40.0,57.0,79.0,81.0
161.0,103.0,30.0,110.0,116.0,20.0,140.0,123.0,0.0,9.0,13.0,21.0,25.0,29.0,34.0,37.0,40.0,57.0,62.0,81.0
228.0,221.0,30.0,85.0,254.0,30.0,168.0,143.0,0.0,10.0,13.0,22.0,25.0,29.0,34.0,37.0,40.0,57.0,60.0,81.0
107.0,45.0,60.0,37.0,52.0,20.0,0.0,0.0,1.0,9.0,14.0,23.0,25.0,27.0,34.0,36.0,40.0,42.0,65.0,81.0
150.0,158.0,60.0,50.0,225.0,30.0,136.0,136.0,2.0,10.0,13.0,23.0,24.0,29.0,34.0,38.0,40.0,57.0,60.0,81.0
212.0,79.0,30.0,122.0,82.0,10.0,312.0,201.0,3.0,9.0,11.0,21.0,24.0,29.0,34.0,38.0,40.0,57.0,75.0,81.0
116.0,40.0,60.0,49.0,50.0,20.0,60.0,65.0,0.0,9.0,13.0,22.0,25.0,28.0,34.0,37.0,40.0,51.0,60.0,81.0
125.0,46.0,120.0,48.0,49.0,30.0,100.0,60.0,2.0,9.0,11.0,21.0,25.0,29.0,34.0,38.0,40.0,43.0,60.0,81.0
251.0,115.0,120.0,105.0,172.0,10.0,220.0,104.0,2.0,9.0,13.0,22.0,25.0,29.0,34.0,37.0,40.0,55.0,77.0,81.0
117.0,4200.0,120.0,45.0,6720.0,10.0,117.0,65.0,1.0,10.0,16.0,21.0,25.0,28.0,34.0,37.0,41.0,43.0,60.0,82.0
145.0,74.0,120.0,104.0,81.0,20.0,130.0,110.0,3.0,10.0,11.0,21.0,25.0,29.0,33.0,38.0,40.0,52.0,66.0,81.0
259.0,132.0,120.0,159.0,144.0,30.0,168.0,156.0,3.0,9.0,13.0,21.0,25.0,30.0,33.0,36.0,40.0,57.0,72.0,81.0
283.0,89.0,30.0,124.0,122.0,20.0,0.0,0.0,2.0,10.0,11.0,21.0,25.0,30.0,33.0,37.0,40.0,47.0,77.0,81.0
135.0,38.0,30.0,70.0,50.0,20.0,182.0,65.0,3.0,9.0,11.0,21.0,25.0,30.0,34.0,36.0,40.0,42.0,65.0,81.0
68.0,13.0,120.0,44.0,16.0,20.0,65.0,24.0,1.0,9.0,12.0,22.0,25.0,27.0,34.0,36.0,40.0,59.0,77.0,81.0
172.0,75.0,120.0,98.0,90.0,20.0,80.0,52.0,2.0,9.0,13.0,22.0,25.0,29.0,34.0,37.0,40.0,43.0,60.0,81.0
106.0,119.0,120.0,37.0,167.0,10.0,117.0,65.0,2.0,10.0,13.0,23.0,25.0,28.0,34.0,37.0,40.0,42.0,61.0,81.0
150.0,38.0,120.0,74.0,50.0,10.0,104.0,65.0,2.0,9.0,11.0,21.0,25.0,29.0,33.0,38.0,40.0,42.0,61.0,82.0
144.0,36.0,120.0,77.0,43.0,20.0,88.0,56.0,2.0,9.0,11.0,21.0,25.0,31.0,33.0,37.0,40.0,43.0,60.0,82.0
100.0,20.0,30.0,60.0,26.0,30.0,100.0,30.0,0.0,9.0,11.0,21.0,25.0,30.0,34.0,38.0,40.0,42.0,72.0,81.0
104.0,136.0,120.0,34.0,155.0,20.0,0.0,0.0,2.0,10.0,13.0,21.0,26.0,28.0,33.0,39.0,40.0,43.0,79.0,81.0
247.0,168.0,30.0,92.0,224.0,20.0,190.0,143.0,0.0,9.0,18.0,22.0,25.0,29.0,33.0,38.0,40.0,52.0,77.0,82.0
111.0,73.0,60.0,44.0,81.0,20.0,180.0,130.0,2.0,10.0,11.0,21.0,25.0,31.0,33.0,39.0,40.0,52.0,61.0,81.0
120.0,40.0,120.0,70.0,48.0,20.0,110.0,91.0,2.0,9.0,11.0,21.0,25.0,31.0,33.0,37.0,40.0,43.0,60.0,81.0
54.0,209.0,30.0,32.0,278.0,20.0,0.0,0.0,0.0,10.0,18.0,22.0,25.0,29.0,33.0,37.0,40.0,59.0,77.0,82.0
126.0,122.0,30.0,55.0,167.0,20.0,130.0,55.0,2.0,10.0,13.0,22.0,24.0,30.0,34.0,38.0,40.0,43.0,60.0,81.0
283.0,146.0,30.0,109.0,207.0,20.0,270.0,221.0,2.0,10.0,11.0,20.0,24.0,29.0,34.0,35.0,40.0,59.0,72.0,81.0
167.0,89.0,120.0,60.0,92.0,30.0,130.0,100.0,2.0,10.0,11.0,20.0,24.0,30.0,34.0,35.0,40.0,43.0,79.0,81.0
173.0,130.0,120.0,65.0,149.0,20.0,221.0,95.0,2.0,9.0,13.0,22.0,25.0,28.0,34.0,37.0,40.0,57.0,60.0,81.0
69.0,268.0,120.0,45.0,290.0,20.0,0.0,0.0,1.0,9.0,18.0,21.0,25.0,28.0,34.0,37.0,40.0,57.0,79.0,81.0
83.0,38.0,30.0,38.0,60.0,20.0,0.0,0.0,0.0,10.0,11.0,22.0,25.0,29.0,34.0,38.0,40.0,52.0,60.0,81.0
85.0,1850.0,30.0,27.0,2405.0,30.0,0.0,0.0,1.0,9.0,17.0,21.0,26.0,27.0,34.0,39.0,41.0,43.0,77.0,82.0
201.0,95.0,120.0,143.0,108.0,30.0,221.0,92.0,1.0,9.0,13.0,21.0,24.0,29.0,34.0,38.0,40.0,59.0,67.0,81.0
82.0,4200.0,30.0,24.0,5460.0,30.0,91.0,112.0,5.0,10.0,16.0,22.0,25.0,29.0,34.0,38.0,41.0,43.0,77.0,82.0
135.0,46.0,120.0,56.0,49.0,30.0,90.0,45.0,3.0,9.0,11.0,21.0,24.0,28.0,34.0,37.0,40.0,42.0,61.0,81.0
255.0,47.0,60.0,101.0,53.0,20.0,140.0,110.0,3.0,9.0,11.0,21.0,25.0,31.0,34.0,36.0,40.0,43.0,70.0,81.0
193.0,158.0,60.0,56.0,181.0,20.0,170.0,175.0,0.0,10.0,13.0,22.0,24.0,29.0,34.0,38.0,40.0,57.0,60.0,81.0
336.0,110.0,120.0,109.0,137.0,20.0,216.0,120.0,2.0,10.0,11.0,22.0,25.0,29.0,33.0,37.0,40.0,52.0,79.0,81.0
179.0,211.0,60.0,65.0,225.0,20.0,96.0,76.0,2.0,10.0,13.0,21.0,25.0,29.0,33.0,37.0,40.0,57.0,60.0,81.0
330.0,213.0,120.0,165.0,254.0,20.0,192.0,124.0,3.0,10.0,13.0,21.0,25.0,29.0,34.0,38.0,40.0,59.0,72.0,81.0
255.0,124.0,30.0,185.0,149.0,20.0,170.0,130.0,3.0,9.0,13.0,21.0,24.0,30.0,34.0,38.0,40.0,59.0,62.0,81.0
346.0,211.0,60.0,236.0,254.0,30.0,221.0,92.0,3.0,10.0,13.0,21.0,25.0,29.0,34.0,38.0,40.0,59.0,62.0,81.0
78.0,1665.0,60.0,27.0,2960.0,30.0,0.0,0.0,1.0,9.0,17.0,21.0,26.0,27.0,34.0,39.0,41.0,43.0,77.0,82.0
140.0,3120.0,60.0,70.0,4160.0,30.0,0.0,0.0,2.0,9.0,16.0,21.0,25.0,31.0,34.0,39.0,41.0,43.0,77.0,81.0
130.0,36.0,120.0,59.0,43.0,20.0,80.0,48.0,2.0,9.0,11.0,22.0,24.0,28.0,34.0,38.0,40.0,43.0,60.0,81.0
156.0,50.0,120.0,74.0,52.0,30.0,110.0,65.0,2.0,9.0,11.0,22.0,24.0,28.0,34.0,37.0,40.0,52.0,61.0,81.0
80.0,215.0,60.0,29.0,215.0,20.0,48.0,24.0,0.0,9.0,18.0,22.0,25.0,27.0,34.0,39.0,40.0,52.0,75.0,81.0
228.0,87.0,30.0,173.0,97.0,10.0,136.0,105.0,2.0,10.0,11.0,21.0,25.0,30.0,34.0,37.0,40.0,53.0,61.0,81.0
236.0,123.0,30.0,81.0,139.0,10.0,190.0,112.0,3.0,9.0,13.0,21.0,24.0,29.0,34.0,38.0,40.0,59.0,60.0,81.0
216.0,115.0,30.0,87.0,132.0,10.0,184.0,155.0,3.0,9.0,13.0,21.0,25.0,29.0,34.0,38.0,40.0,59.0,60.0,81.0
222.0,109.0,60.0,93.0,150.0,30.0,200.0,150.0,2.0,10.0,11.0,23.0,24.0,29.0,34.0,38.0,40.0,47.0,79.0,81.0
283.0,221.0,60.0,173.0,266.0,30.0,260.0,100.0,2.0,10.0,13.0,21.0,25.0,29.0,34.0,38.0,40.0,47.0,79.0,81.0
163.0,52.0,60.0,55.0,72.0,30.0,0.0,0.0,2.0,9.0,11.0,21.0,25.0,29.0,33.0,37.0,40.0,57.0,60.0,81.0
151.0,124.0,30.0,53.0,132.0,10.0,221.0,136.0,2.0,9.0,13.0,22.0,25.0,30.0,33.0,37.0,40.0,57.0,60.0,81.0
137.0,5040.0,60.0,79.0,5040.0,20.0,72.0,48.0,2.0,10.0,16.0,21.0,25.0,30.0,34.0,38.0,41.0,43.0,74.0,81.0
246.0,98.0,60.0,99.0,112.0,20.0,170.0,123.0,2.0,10.0,11.0,21.0,25.0,29.0,33.0,39.0,40.0,58.0,60.0,81.0
257.0,576.0,60.0,112.0,768.0,30.0,234.0,120.0,2.0,10.0,19.0,21.0,25.0,28.0,34.0,37.0,40.0,43.0,70.0,81.0
200.0,113.0,120.0,92.0,127.0,20.0,208.0,120.0,2.0,10.0,11.0,22.0,24.0,29.0,34.0,38.0,40.0,57.0,60.0,81.0
151.0,89.0,60.0,93.0,90.0,20.0,88.0,60.0,2.0,10.0,11.0,21.0,25.0,30.0,34.0,38.0,40.0,42.0,61.0,81.0
125.0,36.0,120.0,44.0,50.0,10.0,110.0,28.0,2.0,9.0,11.0,21.0,25.0,28.0,33.0,38.0,40.0,59.0,61.0,81.0
253.0,94.0,30.0,80.0,137.0,20.0,286.0,160.0,2.0,10.0,11.0,23.0,24.0,29.0,34.0,38.0,40.0,42.0,79.0,81.0
200.0,123.0,30.0,63.0,144.0,30.0,273.0,100.0,2.0,9.0,13.0,23.0,25.0,28.0,34.0,38.0,40.0,59.0,60.0,81.0
54.0,2340.0,30.0,35.0,3380.0,30.0,60.0,25.0,1.0,9.0,16.0,21.0,25.0,28.0,33.0,38.0,41.0,59.0,77.0,81.0
182.0,189.0,120.0,71.0,218.0,30.0,273.0,132.0,2.0,10.0,13.0,22.0,24.0,29.0,34.0,38.0,40.0,59.0,60.0,81.0
293.0,131.0,60.0,191.0,137.0,20.0,176.0,100.0,2.0,10.0,11.0,22.0,24.0,29.0,34.0,37.0,40.0,57.0,72.0,81.0
83.0,3780.0,120.0,36.0,5040.0,30.0,104.0,44.0,2.0,10.0,16.0,21.0,25.0,30.0,33.0,39.0,41.0,43.0,77.0,81.0
177.0,34.0,60.0,96.0,38.0,20.0,110.0,91.0,1.0,9.0,11.0,21.0,25.0,31.0,34.0,37.0,40.0,57.0,61.0,81.0
159.0,158.0,120.0,68.0,184.0,30.0,221.0,88.0,0.0,10.0,13.0,22.0,24.0,28.0,34.0,38.0,40.0,57.0,60.0,81.0
97.0,23.0,30.0,53.0,29.0,30.0,80.0,40.0,0.0,9.0,11.0,21.0,24.0,30.0,34.0,38.0,40.0,43.0,77.0,81.0
101.0,32.0,60.0,48.0,43.0,30.0,0.0,0.0,0.0,9.0,11.0,22.0,25.0,28.0,34.0,37.0,40.0,52.0,74.0,81.0
268.0,50.0,60.0,112.0,65.0,10.0,136.0,95.0,4.0,9.0,15.0,23.0,25.0,30.0,34.0,37.0,40.0,57.0,60.0,81.0
137.0,54.0,60.0,112.0,57.0,10.0,130.0,64.0,3.0,9.0,11.0,21.0,24.0,28.0,34.0,38.0,40.0,42.0,65.0,81.0
346.0,130.0,60.0,161.0,144.0,20.0,240.0,195.0,3.0,9.0,13.0,21.0,25.0,30.0,34.0,37.0,40.0,55.0,79.0,81.0
169.0,91.0,120.0,130.0,99.0,30.0,88.0,91.0,3.0,9.0,13.0,21.0,24.0,29.0,33.0,37.0,40.0,47.0,65.0,81.0
283.0,110.0,30.0,95.0,133.0,10.0,216.0,170.0,2.0,10.0,11.0,22.0,25.0,29.0,34.0,37.0,40.0,59.0,72.0,81.0
46.0,2408.0,60.0,20.0,2408.0,20.0,32.0,20.0,1.0,9.0,18.0,21.0,25.0,30.0,33.0,36.0,41.0,57.0,79.0,81.0
205.0,101.0,30.0,61.0,112.0,30.0,112.0,123.0,2.0,10.0,11.0,20.0,24.0,28.0,34.0,35.0,40.0,52.0,61.0,81.0
185.0,76.0,120.0,108.0,88.0,20.0,144.0,84.0,2.0,10.0,11.0,22.0,25.0,28.0,34.0,38.0,40.0,55.0,61.0,81.0
92.0,70.0,60.0,37.0,98.0,30.0,90.0,70.0,2.0,9.0,13.0,22.0,24.0,29.0,34.0,37.0,40.0,43.0,60.0,81.0
95.0,2600.0,30.0,47.0,4160.0,20.0,0.0,0.0,2.0,9.0,16.0,21.0,25.0,28.0,33.0,36.0,41.0,43.0,60.0,81.0
178.0,13.0,120.0,96.0,21.0,10.0,156.0,91.0,3.0,10.0,17.0,21.0,24.0,31.0,34.0,38.0,40.0,43.0,75.0,81.0
189.0,3480.0,120.0,76.0,3770.0,20.0,0.0,0.0,2.0,10.0,17.0,21.0,25.0,31.0,33.0,36.0,41.0,51.0,61.0,81.0
58.0,246.0,30.0,32.0,320.0,30.0,78.0,32.0,1.0,9.0,18.0,23.0,25.0,28.0,33.0,37.0,40.0,57.0,79.0,82.0
147.0,85.0,30.0,69.0,90.0,30.0,72.0,71.0,2.0,10.0,11.0,22.0,25.0,29.0,34.0,38.0,40.0,43.0,60.0,81.0
161.0,184.0,120.0,78.0,184.0,30.0,120.0,75.0,2.0,10.0,13.0,22.0,24.0,28.0,34.0,38.0,40.0,50.0,61.0,81.0
179.0,54.0,120.0,109.0,54.0,30.0,130.0,80.0,3.0,9.0,11.0,21.0,24.0,28.0,34.0,38.0,40.0,42.0,65.0,81.0
46.0,2007.0,60.0,22.0,3211.0,30.0,40.0,25.0,1.0,9.0,18.0,21.0,25.0,30.0,33.0,36.0,41.0,57.0,79.0,81.0
148.0,1665.0,30.0,93.0,2220.0,10.0,0.0,0.0,6.0,9.0,17.0,21.0,26.0,27.0,34.0,36.0,41.0,43.0,60.0,82.0
82.0,3120.0,120.0,27.0,3380.0,20.0,91.0,55.0,2.0,9.0,16.0,22.0,25.0,29.0,33.0,38.0,41.0,57.0,61.0,81.0
290.0,119.0,30.0,201.0,128.0,30.0,104.0,104.0,3.0,9.0,13.0,21.0,25.0,31.0,34.0,37.0,40.0,42.0,78.0,81.0
177.0,83.0,30.0,96.0,105.0,30.0,160.0,135.0,2.0,10.0,11.0,22.0,25.0,29.0,34.0,38.0,40.0,42.0,77.0,81.0
236.0,74.0,60.0,81.0,99.0,30.0,273.0,116.0,3.0,9.0,11.0,21.0,25.0,30.0,34.0,37.0,40.0,59.0,60.0,81.0
114.0,47.0,30.0,75.0,58.0,30.0,70.0,40.0,0.0,9.0,13.0,21.0,24.0,29.0,33.0,36.0,40.0,43.0,77.0,81.0
153.0,2600.0,60.0,85.0,3380.0,10.0,0.0,0.0,2.0,9.0,16.0,21.0,24.0,28.0,33.0,39.0,41.0,48.0,60.0,81.0
108.0,170.0,120.0,53.0,184.0,20.0,130.0,65.0,2.0,10.0,13.0,22.0,24.0,29.0,34.0,38.0,40.0,43.0,60.0,81.0
200.0,100.0,60.0,64.0,133.0,30.0,195.0,112.0,0.0,10.0,15.0,21.0,25.0,29.0,34.0,38.0,40.0,52.0,61.0,81.0
193.0,106.0,120.0,50.0,112.0,30.0,170.0,105.0,2.0,10.0,11.0,23.0,24.0,28.0,33.0,38.0,40.0,57.0,60.0,81.0
141.0,3120.0,30.0,65.0,3380.0,30.0,0.0,0.0,2.0,9.0,16.0,21.0,25.0,30.0,34.0,38.0,41.0,42.0,61.0,81.0
125.0,3120.0,30.0,55.0,4160.0,20.0,0.0,0.0,2.0,9.0,16.0,21.0,25.0,28.0,34.0,36.0,41.0,43.0,79.0,82.0
85.0,54.0,60.0,34.0,78.0,30.0,72.0,84.0,2.0,10.0,11.0,20.0,24.0,31.0,34.0,35.0,40.0,43.0,60.0,81.0
80.0,3120.0,30.0,31.0,3120.0,10.0,0.0,0.0,0.0,9.0,16.0,21.0,25.0,28.0,33.0,37.0,41.0,52.0,60.0,81.0
90.0,43.0,30.0,44.0,68.0,20.0,0.0,0.0,1.0,9.0,13.0,21.0,25.0,28.0,34.0,36.0,40.0,42.0,72.0,81.0
150.0,130.0,120.0,122.0,153.0,10.0,117.0,71.0,1.0,10.0,13.0,21.0,25.0,30.0,34.0,38.0,40.0,59.0,65.0,81.0
214.0,94.0,120.0,77.0,137.0,10.0,200.0,100.0,2.0,10.0,11.0,22.0,25.0,30.0,34.0,38.0,40.0,42.0,79.0,81.0
87.0,23.0,120.0,42.0,29.0,30.0,104.0,36.0,3.0,9.0,11.0,21.0,24.0,31.0,34.0,39.0,40.0,43.0,77.0,81.0
156.0,84.0,120.0,108.0,90.0,30.0,144.0,136.0,2.0,10.0,11.0,22.0,25.0,28.0,34.0,38.0,40.0,55.0,61.0,81.0
54.0,30.0,120.0,28.0,45.0,10.0,50.0,24.0,0.0,9.0,13.0,22.0,24.0,28.0,34.0,38.0,40.0,59.0,77.0,81.0
241.0,270.0,60.0,127.0,281.0,20.0,176.0,120.0,3.0,10.0,13.0,21.0,25.0,30.0,34.0,38.0,40.0,57.0,73.0,81.0
401.0,77.0,30.0,236.0,86.0,30.0,152.0,162.0,3.0,9.0,11.0,21.0,25.0,30.0,34.0,38.0,40.0,42.0,78.0,81.0
66.0,223.0,30.0,37.0,268.0,10.0,40.0,24.0,1.0,9.0,18.0,22.0,25.0,28.0,34.0,38.0,40.0,59.0,77.0,81.0
86.0,23.0,60.0,40.0,25.0,10.0,110.0,60.0,0.0,10.0,16.0,21.0,24.0,29.0,34.0,38.0,40.0,43.0,60.0,81.0
208.0,56.0,60.0,89.0,70.0,10.0,260.0,175.0,3.0,9.0,11.0,21.0,25.0,29.0,33.0,39.0,40.0,42.0,79.0,81.0
133.0,156.0,60.0,120.0,155.0,20.0,72.0,44.0,1.0,10.0,13.0,21.0,25.0,30.0,34.0,38.0,40.0,59.0,65.0,81.0
211.0,66.0,120.0,176.0,72.0,20.0,270.0,234.0,2.0,9.0,11.0,22.0,25.0,29.0,34.0,37.0,40.0,57.0,73.0,81.0
175.0,127.0,60.0,117.0,132.0,10.0,180.0,84.0,3.0,9.0,13.0,21.0,24.0,29.0,33.0,38.0,40.0,59.0,67.0,81.0
200.0,252.0,120.0,71.0,281.0,20.0,273.0,135.0,2.0,10.0,13.0,22.0,24.0,30.0,34.0,38.0,40.0,59.0,60.0,81.0
152.0,75.0,120.0,115.0,83.0,30.0,169.0,52.0,2.0,9.0,13.0,23.0,25.0,29.0,34.0,37.0,40.0,43.0,72.0,81.0
169.0,163.0,120.0,84.0,189.0,30.0,221.0,88.0,2.0,10.0,13.0,22.0,24.0,30.0,34.0,38.0,40.0,57.0,60.0,81.0
257.0,245.0,120.0,84.0,301.0,20.0,320.0,240.0,2.0,10.0,13.0,22.0,24.0,28.0,34.0,38.0,40.0,52.0,79.0,81.0
81.0,2340.0,120.0,23.0,4160.0,10.0,60.0,36.0,1.0,9.0,16.0,21.0,24.0,28.0,34.0,39.0,41.0,43.0,77.0,81.0
267.0,237.0,30.0,128.0,330.0,20.0,200.0,128.0,2.0,10.0,13.0,22.0,25.0,30.0,34.0,38.0,40.0,57.0,72.0,81.0
164.0,62.0,60.0,138.0,66.0,10.0,150.0,52.0,1.0,9.0,11.0,21.0,24.0,29.0,33.0,37.0,40.0,46.0,65.0,82.0
107.0,5040.0,120.0,52.0,5460.0,20.0,156.0,80.0,0.0,10.0,16.0,22.0,25.0,29.0,34.0,38.0,41.0,43.0,60.0,81.0
193.0,211.0,60.0,64.0,281.0,30.0,221.0,84.0,2.0,10.0,13.0,22.0,24.0,28.0,34.0,38.0,40.0,42.0,77.0,81.0
182.0,111.0,30.0,81.0,132.0,30.0,210.0,135.0,2.0,9.0,13.0,22.0,24.0,28.0,34.0,38.0,40.0,59.0,60.0,81.0
237.0,59.0,30.0,108.0,70.0,10.0,168.0,150.0,3.0,9.0,11.0,21.0,25.0,29.0,34.0,37.0,40.0,52.0,79.0,81.0
255.0,153.0,30.0,176.0,162.0,10.0,140.0,64.0,0.0,10.0,13.0,21.0,25.0,29.0,34.0,38.0,40.0,52.0,68.0,81.0
159.0,4200.0,30.0,86.0,5040.0,10.0,90.0,48.0,2.0,10.0,16.0,21.0,25.0,30.0,34.0,38.0,41.0,43.0,74.0,81.0
146.0,80.0,60.0,44.0,91.0,10.0,96.0,70.0,2.0,9.0,13.0,20.0,24.0,28.0,34.0,35.0,40.0,43.0,79.0,81.0
150.0,194.0,30.0,110.0,198.0,10.0,182.0,110.0,2.0,10.0,13.0,21.0,25.0,28.0,34.0,37.0,40.0,42.0,77.0,81.0
120.0,3120.0,60.0,62.0,3120.0,20.0,0.0,0.0,2.0,9.0,16.0,21.0,25.0,30.0,34.0,38.0,41.0,42.0,61.0,81.0
54.0,35.0,30.0,32.0,53.0,20.0,40.0,32.0,1.0,10.0,11.0,22.0,25.0,28.0,34.0,36.0,40.0,59.0,77.0,82.0
227.0,163.0,60.0,83.0,189.0,20.0,170.0,149.0,3.0,10.0,13.0,22.0,25.0,31.0,34.0,38.0,40.0,42.0,77.0,81.0
187.0,99.0,120.0,82.0,114.0,30.0,112.0,104.0,1.0,9.0,13.0,21.0,24.0,31.0,34.0,36.0,40.0,52.0,61.0,81.0
113.0,54.0,30.0,41.0,78.0,20.0,104.0,50.0,0.0,10.0,11.0,21.0,25.0,29.0,34.0,38.0,40.0,43.0,60.0,81.0
103.0,57.0,60.0,94.0,65.0,10.0,117.0,71.0,3.0,9.0,13.0,21.0,24.0,28.0,34.0,36.0,40.0,59.0,65.0,81.0
93.0,3780.0,30.0,53.0,5460.0,30.0,60.0,100.0,0.0,10.0,16.0,22.0,25.0,29.0,34.0,38.0,41.0,42.0,72.0,81.0
182.0,111.0,60.0,63.0,156.0,30.0,152.0,169.0,3.0,9.0,13.0,23.0,25.0,27.0,34.0,36.0,40.0,59.0,60.0,81.0
95.0,2340.0,30.0,40.0,3120.0,10.0,72.0,50.0,0.0,9.0,16.0,22.0,25.0,28.0,34.0,38.0,41.0,42.0,61.0,82.0
254.0,50.0,120.0,174.0,72.0,10.0,170.0,80.0,2.0,9.0,11.0,21.0,25.0,28.0,34.0,37.0,40.0,55.0,65.0,81.0
103.0,2600.0,30.0,57.0,4160.0,20.0,0.0,0.0,2.0,9.0,16.0,21.0,25.0,29.0,34.0,36.0,41.0,52.0,60.0,81.0
210.0,88.0,120.0,74.0,108.0,20.0,0.0,0.0,0.0,9.0,13.0,22.0,25.0,29.0,34.0,37.0,40.0,52.0,61.0,82.0
406.0,134.0,30.0,217.0,182.0,20.0,325.0,130.0,3.0,9.0,13.0,21.0,25.0,31.0,34.0,39.0,40.0,59.0,73.0,81.0
178.0,158.0,30.0,127.0,184.0,30.0,180.0,110.0,0.0,10.0,13.0,21.0,25.0,29.0,33.0,38.0,40.0,59.0,62.0,81.0
124.0,43.0,60.0,54.0,57.0,30.0,104.0,52.0,2.0,9.0,11.0,22.0,25.0,29.0,34.0,37.0,40.0,42.0,61.0,81.0
344.0,59.0,60.0,232.0,66.0,20.0,180.0,136.0,3.0,9.0,11.0,21.0,25.0,31.0,33.0,37.0,40.0,43.0,76.0,81.0
92.0,70.0,120.0,41.0,83.0,30.0,64.0,65.0,3.0,9.0,13.0,20.0,24.0,28.0,34.0,35.0,40.0,43.0,60.0,81.0
184.0,175.0,30.0,108.0,210.0,30.0,170.0,110.0,2.0,10.0,13.0,22.0,25.0,30.0,34.0,38.0,40.0,42.0,77.0,81.0
233.0,55.0,60.0,149.0,66.0,30.0,143.0,60.0,3.0,9.0,11.0,21.0,24.0,31.0,34.0,36.0,40.0,43.0,69.0,81.0
108.0,71.0,60.0,53.0,92.0,30.0,100.0,60.0,2.0,10.0,11.0,23.0,24.0,29.0,34.0,37.0,40.0,43.0,60.0,81.0
99.0,54.0,30.0,44.0,65.0,10.0,64.0,50.0,0.0,10.0,11.0,21.0,25.0,29.0,34.0,38.0,40.0,43.0,60.0,82.0
85.0,3120.0,120.0,43.0,4160.0,10.0,48.0,30.0,0.0,9.0,16.0,23.0,25.0,28.0,34.0,37.0,41.0,52.0,60.0,81.0
54.0,3120.0,120.0,30.0,3380.0,20.0,65.0,12.0,1.0,9.0,16.0,21.0,25.0,27.0,33.0,39.0,41.0,59.0,77.0,81.0
163.0,76.0,120.0,105.0,99.0,10.0,140.0,80.0,2.0,10.0,11.0,22.0,24.0,28.0,34.0,39.0,40.0,53.0,61.0,81.0
120.0,85.0,60.0,77.0,92.0,10.0,130.0,60.0,2.0,10.0,11.0,21.0,24.0,30.0,34.0,38.0,40.0,52.0,61.0,81.0
73.0,3120.0,30.0,23.0,3120.0,10.0,0.0,0.0,2.0,9.0,16.0,21.0,25.0,28.0,34.0,36.0,41.0,43.0,60.0,81.0
196.0,100.0,120.0,82.0,139.0,10.0,160.0,80.0,3.0,9.0,13.0,21.0,25.0,28.0,34.0,37.0,40.0,57.0,60.0,81.0
135.0,65.0,120.0,61.0,88.0,10.0,117.0,71.0,2.0,10.0,11.0,21.0,25.0,31.0,34.0,39.0,40.0,42.0,61.0,82.0
140.0,71.0,30.0,114.0,80.0,30.0,117.0,44.0,3.0,9.0,13.0,21.0,25.0,30.0,34.0,36.0,40.0,59.0,78.0,81.0
165.0,122.0,30.0,110.0,136.0,10.0,96.0,75.0,2.0,10.0,13.0,22.0,24.0,28.0,34.0,38.0,40.0,57.0,66.0,81.0
89.0,60.0,60.0,31.0,68.0,20.0,56.0,28.0,3.0,9.0,13.0,21.0,24.0,30.0,34.0,37.0,40.0,57.0,61.0,81.0
263.0,95.0,120.0,116.0,116.0,20.0,120.0,104.0,2.0,9.0,13.0,22.0,25.0,30.0,34.0,38.0,40.0,43.0,72.0,81.0
267.0,237.0,30.0,164.0,330.0,20.0,216.0,144.0,2.0,10.0,13.0,22.0,24.0,29.0,34.0,39.0,40.0,55.0,79.0,81.0
63.0,13.0,120.0,46.0,19.0,10.0,40.0,24.0,1.0,9.0,12.0,22.0,25.0,27.0,34.0,36.0,40.0,59.0,77.0,81.0
230.0,110.0,30.0,130.0,146.0,20.0,180.0,136.0,0.0,10.0,11.0,22.0,25.0,29.0,34.0,38.0,40.0,57.0,60.0,81.0
82.0,149.0,120.0,33.0,194.0,20.0,60.0,52.0,0.0,10.0,18.0,21.0,25.0,29.0,33.0,38.0,40.0,42.0,72.0,81.0
261.0,163.0,120.0,151.0,189.0,20.0,152.0,124.0,2.0,10.0,13.0,22.0,25.0,29.0,34.0,38.0,40.0,54.0,79.0,81.0
82.0,30.0,120.0,38.0,43.0,10.0,56.0,40.0,2.0,9.0,11.0,21.0,25.0,28.0,33.0,37.0,40.0,57.0,61.0,81.0
190.0,103.0,30.0,76.0,123.0,30.0,195.0,100.0,3.0,9.0,13.0,21.0,24.0,30.0,34.0,39.0,40.0,57.0,60.0,81.0
60.0,34.0,120.0,34.0,52.0,10.0,40.0,16.0,2.0,9.0,13.0,21.0,25.0,31.0,33.0,36.0,40.0,57.0,79.0,81.0
132.0,72.0,60.0,81.0,86.0,10.0,130.0,78.0,2.0,9.0,13.0,20.0,24.0,28.0,34.0,35.0,40.0,43.0,60.0,81.0
214.0,65.0,60.0,95.0,70.0,20.0,128.0,88.0,2.0,9.0,11.0,22.0,25.0,29.0,34.0,38.0,40.0,43.0,72.0,81.0
159.0,118.0,30.0,55.0,128.0,10.0,195.0,130.0,3.0,9.0,13.0,21.0,25.0,28.0,33.0,37.0,40.0,52.0,61.0,81.0
216.0,154.0,60.0,79.0,165.0,20.0,184.0,124.0,3.0,9.0,13.0,21.0,25.0,29.0,34.0,38.0,40.0,59.0,60.0,81.0
166.0,222.0,60.0,96.0,289.0,10.0,0.0,0.0,2.0,10.0,19.0,21.0,25.0,30.0,33.0,38.0,40.0,42.0,75.0,81.0
238.0,60.0,60.0,101.0,60.0,20.0,0.0,0.0,0.0,9.0,15.0,23.0,25.0,28.0,34.0,39.0,40.0,47.0,79.0,81.0
125.0,2600.0,120.0,77.0,3120.0,30.0,88.0,104.0,2.0,9.0,16.0,21.0,25.0,28.0,34.0,36.0,41.0,42.0,61.0,81.0
220.0,45.0,30.0,96.0,66.0,20.0,195.0,75.0,3.0,9.0,11.0,21.0,24.0,28.0,33.0,37.0,40.0,43.0,72.0,81.0
391.0,57.0,120.0,273.0,70.0,10.0,208.0,104.0,3.0,9.0,11.0,21.0,24.0,29.0,34.0,37.0,40.0,47.0,78.0,81.0
142.0,138.0,60.0,99.0,167.0,30.0,136.0,123.0,3.0,10.0,13.0,21.0,25.0,31.0,33.0,38.0,40.0,57.0,67.0,81.0
121.0,50.0,120.0,92.0,62.0,10.0,88.0,70.0,2.0,9.0,11.0,21.0,25.0,30.0,34.0,37.0,40.0,42.0,65.0,81.0
191.0,48.0,120.0,77.0,66.0,10.0,170.0,72.0,3.0,9.0,11.0,21.0,24.0,28.0,34.0,37.0,40.0,42.0,77.0,81.0
114.0,80.0,120.0,44.0,91.0,20.0,120.0,110.0,2.0,9.0,13.0,22.0,25.0,28.0,34.0,37.0,40.0,43.0,79.0,81.0
113.0,54.0,60.0,44.0,65.0,20.0,80.0,65.0,1.0,10.0,11.0,21.0,25.0,28.0,33.0,37.0,40.0,42.0,61.0,81.0
85.0,60.0,120.0,34.0,74.0,20.0,90.0,78.0,2.0,10.0,11.0,22.0,25.0,30.0,34.0,38.0,40.0,43.0,60.0,81.0
78.0,72.0,60.0,31.0,84.0,10.0,110.0,40.0,0.0,10.0,11.0,22.0,25.0,28.0,33.0,39.0,40.0,43.0,60.0,82.0
277.0,99.0,30.0,141.0,109.0,10.0,200.0,88.0,2.0,10.0,11.0,22.0,25.0,28.0,34.0,37.0,40.0,57.0,72.0,81.0
108.0,62.0,30.0,39.0,76.0,30.0,56.0,58.0,0.0,9.0,13.0,22.0,24.0,31.0,34.0,38.0,40.0,57.0,61.0,81.0
160.0,19.0,120.0,60.0,31.0,10.0,156.0,110.0,3.0,10.0,16.0,21.0,25.0,30.0,34.0,37.0,40.0,43.0,79.0,81.0
238.0,132.0,60.0,159.0,144.0,20.0,273.0,120.0,3.0,9.0,13.0,21.0,25.0,30.0,33.0,36.0,40.0,57.0,72.0,81.0
97.0,1715.0,60.0,41.0,1715.0,20.0,56.0,32.0,2.0,10.0,18.0,21.0,25.0,29.0,34.0,37.0,41.0,42.0,72.0,81.0
231.0,89.0,30.0,145.0,90.0,30.0,112.0,110.0,2.0,10.0,11.0,22.0,24.0,29.0,34.0,38.0,40.0,52.0,61.0,81.0
180.0,68.0,60.0,115.0,92.0,30.0,120.0,130.0,2.0,10.0,11.0,22.0,25.0,29.0,34.0,38.0,40.0,43.0,79.0,81.0
230.0,127.0,60.0,94.0,165.0,30.0,0.0,0.0,2.0,9.0,13.0,21.0,25.0,28.0,34.0,37.0,40.0,52.0,61.0,81.0
210.0,47.0,30.0,135.0,62.0,20.0,195.0,85.0,2.0,9.0,11.0,23.0,24.0,31.0,34.0,37.0,40.0,42.0,77.0,81.0
220.0,211.0,30.0,72.0,237.0,30.0,120.0,143.0,2.0,10.0,13.0,22.0,25.0,29.0,34.0,38.0,40.0,43.0,72.0,81.0
108.0,13.0,60.0,53.0,21.0,30.0,100.0,80.0,2.0,10.0,17.0,23.0,25.0,31.0,34.0,37.0,40.0,42.0,61.0,81.0
66.0,201.0,30.0,47.0,290.0,30.0,0.0,0.0,1.0,9.0,18.0,21.0,25.0,28.0,34.0,37.0,40.0,57.0,79.0,81.0
164.0,158.0,30.0,56.0,181.0,10.0,136.0,110.0,0.0,10.0,13.0,23.0,24.0,29.0,34.0,38.0,40.0,57.0,60.0,81.0
212.0,119.0,60.0,154.0,123.0,20.0,136.0,76.0,3.0,9.0,13.0,21.0,25.0,28.0,33.0,37.0,40.0,57.0,67.0,81.0
104.0,163.0,60.0,39.0,181.0,10.0,0.0,0.0,2.0,10.0,13.0,21.0,26.0,28.0,33.0,39.0,40.0,43.0,79.0,82.0
101.0,2340.0,60.0,34.0,3120.0,20.0,0.0,0.0,0.0,9.0,16.0,21.0,25.0,28.0,33.0,37.0,41.0,52.0,60.0,81.0
193.0,90.0,60.0,117.0,112.0,30.0,190.0,155.0,0.0,10.0,11.0,23.0,24.0,29.0,34.0,38.0,40.0,59.0,67.0,81.0
120.0,76.0,120.0,90.0,83.0,30.0,90.0,55.0,3.0,9.0,13.0,21.0,24.0,28.0,34.0,36.0,40.0,59.0,65.0,81.0
89.0,30.0,120.0,34.0,38.0,20.0,91.0,45.0,3.0,9.0,11.0,21.0,25.0,29.0,34.0,37.0,40.0,57.0,61.0,81.0
195.0,175.0,60.0,100.0,245.0,30.0,144.0,162.0,2.0,10.0,13.0,22.0,24.0,30.0,34.0,38.0,40.0,57.0,60.0,81.0
116.0,70.0,30.0,46.0,70.0,10.0,156.0,104.0,2.0,10.0,19.0,21.0,25.0,29.0,34.0,37.0,40.0,43.0,79.0,81.0
273.0,252.0,30.0,100.0,293.0,30.0,176.0,195.0,2.0,10.0,13.0,22.0,25.0,29.0,34.0,38.0,40.0,42.0,79.0,81.0
294.0,38.0,120.0,194.0,50.0,10.0,0.0,0.0,2.0,9.0,11.0,21.0,24.0,28.0,33.0,37.0,40.0,43.0,60.0,82.0
193.0,176.0,30.0,64.0,194.0,10.0,170.0,88.0,0.0,10.0,13.0,23.0,24.0,29.0,34.0,38.0,40.0,57.0,60.0,81.0
114.0,184.0,30.0,69.0,184.0,10.0,169.0,91.0,0.0,10.0,13.0,21.0,24.0,29.0,34.0,37.0,40.0,43.0,60.0,81.0
263.0,94.0,120.0,123.0,109.0,20.0,192.0,112.0,2.0,10.0,11.0,22.0,24.0,29.0,34.0,38.0,40.0,55.0,77.0,81.0
200.0,252.0,120.0,71.0,281.0,20.0,273.0,160.0,3.0,10.0,13.0,22.0,24.0,31.0,34.0,37.0,40.0,59.0,60.0,81.0
112.0,75.0,30.0,74.0,91.0,10.0,104.0,85.0,2.0,9.0,13.0,22.0,24.0,29.0,34.0,38.0,40.0,43.0,79.0,81.0
51.0,26.0,60.0,28.0,38.0,30.0,32.0,45.0,0.0,10.0,11.0,21.0,24.0,30.0,34.0,38.0,40.0,57.0,79.0,81.0
79.0,2340.0,30.0,55.0,3120.0,10.0,0.0,0.0,2.0,9.0,16.0,21.0,25.0,27.0,33.0,36.0,41.0,57.0,79.0,82.0
87.0,42.0,60.0,29.0,46.0,20.0,0.0,0.0,2.0,9.0,11.0,21.0,25.0,27.0,34.0,36.0,40.0,43.0,60.0,81.0
106.0,63.0,60.0,37.0,76.0,20.0,110.0,78.0,2.0,9.0,13.0,21.0,24.0,28.0,34.0,36.0,40.0,43.0,60.0,81.0
202.0,2220.0,30.0,122.0,2405.0,30.0,0.0,0.0,2.0,9.0,17.0,21.0,25.0,27.0,34.0,36.0,41.0,52.0,61.0,81.0
170.0,100.0,30.0,88.0,123.0,30.0,160.0,105.0,3.0,9.0,13.0,21.0,24.0,28.0,34.0,37.0,40.0,57.0,60.0,81.0
135.0,68.0,30.0,134.0,76.0,30.0,90.0,65.0,3.0,9.0,13.0,21.0,25.0,28.0,34.0,36.0,40.0,59.0,65.0,81.0
201.0,127.0,60.0,143.0,139.0,10.0,170.0,92.0,1.0,9.0,13.0,21.0,24.0,29.0,34.0,38.0,40.0,59.0,67.0,81.0
118.0,56.0,120.0,66.0,92.0,10.0,130.0,78.0,2.0,10.0,11.0,23.0,25.0,29.0,34.0,38.0,40.0,43.0,60.0,81.0
85.0,2220.0,60.0,27.0,2220.0,20.0,0.0,0.0,1.0,9.0,17.0,21.0,26.0,27.0,34.0,39.0,41.0,43.0,77.0,81.0
242.0,86.0,30.0,152.0,91.0,10.0,351.0,195.0,3.0,9.0,11.0,21.0,25.0,30.0,33.0,37.0,40.0,59.0,72.0,81.0
241.0,170.0,120.0,186.0,169.0,20.0,169.0,85.0,2.0,10.0,13.0,22.0,24.0,30.0,34.0,37.0,40.0,57.0,74.0,81.0
61.0,30.0,60.0,30.0,37.0,20.0,40.0,39.0,3.0,9.0,13.0,21.0,24.0,28.0,34.0,37.0,40.0,59.0,77.0,81.0
170.0,99.0,120.0,68.0,123.0,20.0,140.0,104.0,1.0,9.0,13.0,21.0,24.0,31.0,34.0,36.0,40.0,52.0,61.0,81.0
142.0,61.0,30.0,83.0,74.0,30.0,110.0,65.0,2.0,10.0,11.0,21.0,25.0,28.0,33.0,37.0,40.0,59.0,61.0,81.0
202.0,130.0,30.0,102.0,139.0,10.0,221.0,130.0,2.0,9.0,13.0,21.0,26.0,28.0,33.0,36.0,40.0,42.0,77.0,81.0
245.0,110.0,120.0,99.0,118.0,30.0,160.0,110.0,2.0,10.0,11.0,22.0,24.0,30.0,34.0,38.0,40.0,42.0,77.0,81.0
150.0,106.0,60.0,56.0,118.0,10.0,170.0,96.0,2.0,10.0,11.0,22.0,24.0,29.0,34.0,38.0,40.0,42.0,77.0,81.0
182.0,43.0,120.0,97.0,56.0,10.0,117.0,65.0,3.0,9.0,11.0,21.0,25.0,28.0,34.0,36.0,40.0,43.0,60.0,81.0
227.0,48.0,60.0,83.0,56.0,20.0,170.0,117.0,3.0,9.0,11.0,21.0,24.0,28.0,34.0,37.0,40.0,42.0,77.0,81.0
94.0,49.0,60.0,56.0,65.0,20.0,0.0,0.0,2.0,9.0,19.0,21.0,25.0,27.0,34.0,36.0,40.0,57.0,79.0,81.0
116.0,29.0,30.0,49.0,35.0,30.0,48.0,52.0,0.0,9.0,11.0,21.0,25.0,28.0,34.0,37.0,40.0,52.0,60.0,81.0
308.0,74.0,60.0,150.0,108.0,30.0,270.0,150.0,3.0,9.0,11.0,21.0,25.0,28.0,34.0,38.0,40.0,59.0,71.0,81.0
170.0,113.0,60.0,80.0,127.0,10.0,170.0,92.0,2.0,10.0,11.0,23.0,25.0,29.0,34.0,37.0,40.0,57.0,60.0,81.0
188.0,56.0,120.0,79.0,64.0,30.0,260.0,108.0,3.0,9.0,11.0,21.0,25.0,29.0,33.0,39.0,40.0,42.0,79.0,81.0
59.0,40.0,120.0,37.0,50.0,20.0,40.0,19.0,0.0,10.0,14.0,22.0,24.0,28.0,34.0,39.0,40.0,57.0,79.0,81.0
108.0,3120.0,120.0,36.0,3120.0,30.0,80.0,50.0,2.0,9.0,16.0,21.0,25.0,29.0,33.0,39.0,41.0,43.0,60.0,82.0
288.0,134.0,30.0,113.0,155.0,30.0,176.0,201.0,2.0,10.0,11.0,22.0,25.0,28.0,34.0,39.0,40.0,55.0,79.0,81.0
213.0,126.0,60.0,80.0,137.0,20.0,176.0,128.0,2.0,10.0,11.0,23.0,24.0,29.0,34.0,38.0,40.0,42.0,79.0,81.0
206.0,71.0,30.0,122.0,78.0,10.0,135.0,56.0,0.0,10.0,11.0,22.0,25.0,28.0,33.0,37.0,40.0,43.0,63.0,81.0
85.0,70.0,120.0,34.0,86.0,20.0,90.0,65.0,2.0,9.0,13.0,21.0,25.0,28.0,34.0,37.0,40.0,43.0,60.0,81.0
114.0,75.0,30.0,74.0,90.0,30.0,90.0,50.0,1.0,9.0,13.0,21.0,25.0,28.0,34.0,36.0,40.0,54.0,61.0,81.0
314.0,94.0,120.0,174.0,112.0,20.0,152.0,92.0,2.0,10.0,11.0,22.0,24.0,29.0,34.0,38.0,40.0,57.0,72.0,81.0
157.0,96.0,120.0,55.0,99.0,30.0,110.0,70.0,3.0,9.0,13.0,21.0,24.0,31.0,34.0,37.0,40.0,59.0,61.0,81.0
179.0,148.0,30.0,60.0,156.0,10.0,247.0,130.0,2.0,9.0,13.0,21.0,26.0,30.0,33.0,39.0,40.0,59.0,60.0,81.0
207.0,64.0,30.0,100.0,88.0,20.0,0.0,0.0,2.0,9.0,11.0,21.0,24.0,28.0,33.0,37.0,40.0,42.0,79.0,81.0
103.0,30.0,120.0,31.0,34.0,30.0,90.0,55.0,2.0,9.0,11.0,22.0,24.0,29.0,34.0,38.0,40.0,57.0,61.0,81.0
76.0,36.0,120.0,68.0,48.0,10.0,0.0,0.0,6.0,10.0,19.0,21.0,26.0,28.0,33.0,39.0,40.0,42.0,75.0,81.0
140.0,150.0,30.0,103.0,176.0,30.0,140.0,95.0,0.0,10.0,13.0,21.0,24.0,29.0,34.0,38.0,40.0,57.0,60.0,81.0
269.0,210.0,60.0,89.0,254.0,10.0,168.0,150.0,2.0,10.0,13.0,22.0,25.0,29.0,34.0,38.0,40.0,42.0,79.0,81.0
167.0,76.0,30.0,109.0,84.0,30.0,195.0,84.0,2.0,10.0,11.0,23.0,25.0,30.0,34.0,38.0,40.0,57.0,74.0,81.0
201.0,64.0,60.0,103.0,72.0,20.0,286.0,145.0,2.0,9.0,11.0,21.0,25.0,30.0,34.0,37.0,40.0,59.0,64.0,81.0
150.0,34.0,30.0,71.0,48.0,20.0,104.0,50.0,2.0,9.0,11.0,21.0,25.0,29.0,33.0,38.0,40.0,42.0,61.0,81.0
236.0,111.0,60.0,71.0,128.0,20.0,210.0,175.0,2.0,9.0,13.0,22.0,24.0,28.0,34.0,38.0,40.0,59.0,60.0,81.0
186.0,133.0,30.0,88.0,177.0,20.0,180.0,123.0,1.0,9.0,13.0,21.0,25.0,28.0,33.0,37.0,40.0,57.0,60.0,81.0
200.0,110.0,30.0,95.0,146.0,20.0,170.0,149.0,2.0,10.0,11.0,22.0,25.0,30.0,34.0,37.0,40.0,43.0,72.0,81.0
124.0,31.0,60.0,47.0,38.0,10.0,72.0,50.0,2.0,9.0,11.0,20.0,24.0,29.0,33.0,35.0,40.0,43.0,77.0,81.0
262.0,179.0,120.0,116.0,248.0,10.0,200.0,155.0,3.0,9.0,13.0,21.0,25.0,30.0,34.0,38.0,40.0,59.0,72.0,81.0
233.0,169.0,30.0,172.0,218.0,20.0,120.0,72.0,3.0,10.0,13.0,21.0,25.0,30.0,34.0,37.0,40.0,59.0,61.0,81.0
265.0,218.0,60.0,162.0,281.0,30.0,220.0,115.0,0.0,10.0,13.0,22.0,25.0,29.0,34.0,37.0,40.0,57.0,72.0,81.0
131.0,40.0,120.0,56.0,53.0,10.0,143.0,78.0,3.0,9.0,11.0,20.0,24.0,29.0,34.0,35.0,40.0,42.0,61.0,81.0
111.0,2340.0,30.0,70.0,3380.0,30.0,100.0,60.0,2.0,9.0,16.0,21.0,25.0,29.0,34.0,37.0,41.0,48.0,60.0,81.0
228.0,131.0,30.0,113.0,174.0,20.0,220.0,175.0,1.0,10.0,11.0,21.0,25.0,30.0,34.0,37.0,40.0,42.0,79.0,81.0
95.0,54.0,30.0,46.0,63.0,10.0,78.0,65.0,0.0,9.0,13.0,22.0,25.0,28.0,34.0,37.0,40.0,51.0,60.0,81.0
271.0,189.0,120.0,161.0,254.0,10.0,210.0,112.0,2.0,10.0,13.0,22.0,25.0,28.0,33.0,38.0,40.0,57.0,72.0,81.0
103.0,42.0,30.0,38.0,50.0,10.0,70.0,36.0,0.0,10.0,11.0,22.0,24.0,29.0,34.0,38.0,40.0,57.0,61.0,81.0
161.0,60.0,120.0,152.0,65.0,30.0,80.0,104.0,3.0,10.0,11.0,21.0,24.0,29.0,34.0,38.0,40.0,59.0,65.0,81.0
152.0,52.0,60.0,94.0,53.0,20.0,72.0,40.0,3.0,9.0,11.0,21.0,25.0,28.0,34.0,36.0,40.0,43.0,60.0,81.0
328.0,126.0,30.0,171.0,137.0,30.0,152.0,156.0,3.0,10.0,11.0,21.0,25.0,28.0,33.0,36.0,40.0,42.0,77.0,81.0
170.0,52.0,60.0,131.0,53.0,10.0,180.0,76.0,3.0,9.0,11.0,21.0,25.0,28.0,33.0,37.0,40.0,57.0,62.0,81.0
95.0,32.0,120.0,90.0,36.0,20.0,100.0,71.0,3.0,9.0,11.0,21.0,24.0,29.0,34.0,37.0,40.0,59.0,65.0,81.0
66.0,45.0,120.0,35.0,63.0,10.0,91.0,45.0,2.0,9.0,13.0,21.0,26.0,28.0,33.0,36.0,40.0,59.0,77.0,82.0
187.0,119.0,30.0,82.0,161.0,20.0,140.0,104.0,1.0,9.0,13.0,21.0,24.0,31.0,34.0,36.0,40.0,52.0,61.0,81.0
333.0,116.0,30.0,179.0,132.0,10.0,190.0,88.0,3.0,9.0,13.0,21.0,25.0,28.0,33.0,37.0,40.0,52.0,61.0,81.0
121.0,156.0,30.0,48.0,169.0,30.0,72.0,71.0,7.0,10.0,13.0,21.0,25.0,29.0,34.0,38.0,40.0,43.0,60.0,81.0
223.0,111.0,60.0,173.0,123.0,20.0,247.0,125.0,3.0,9.0,13.0,21.0,24.0,28.0,33.0,37.0,40.0,59.0,74.0,81.0
118.0,56.0,30.0,70.0,78.0,10.0,100.0,48.0,2.0,10.0,11.0,23.0,25.0,29.0,34.0,38.0,40.0,43.0,60.0,81.0
353.0,220.0,120.0,122.0,281.0,20.0,200.0,128.0,2.0,10.0,13.0,22.0,25.0,30.0,34.0,38.0,40.0,51.0,79.0,81.0
209.0,5040.0,30.0,127.0,5460.0,30.0,0.0,0.0,2.0,10.0,16.0,22.0,26.0,28.0,34.0,36.0,41.0,43.0,75.0,81.0
114.0,48.0,60.0,49.0,53.0,10.0,140.0,76.0,2.0,9.0,11.0,20.0,24.0,29.0,34.0,35.0,40.0,43.0,79.0,81.0
308.0,125.0,120.0,143.0,149.0,20.0,200.0,124.0,2.0,9.0,13.0,22.0,24.0,28.0,34.0,39.0,40.0,52.0,79.0,81.0
106.0,60.0,30.0,41.0,71.0,10.0,90.0,52.0,2.0,10.0,11.0,20.0,24.0,31.0,34.0,35.0,40.0,43.0,60.0,81.0
106.0,72.0,30.0,37.0,84.0,30.0,64.0,78.0,2.0,10.0,11.0,21.0,24.0,29.0,34.0,38.0,40.0,43.0,60.0,81.0
106.0,119.0,60.0,34.0,147.0,10.0,72.0,65.0,2.0,10.0,13.0,22.0,24.0,28.0,34.0,38.0,40.0,43.0,60.0,81.0
108.0,45.0,60.0,68.0,60.0,20.0,0.0,0.0,0.0,9.0,15.0,21.0,25.0,31.0,34.0,36.0,40.0,59.0,78.0,81.0
148.0,169.0,30.0,122.0,218.0,20.0,112.0,84.0,3.0,10.0,13.0,21.0,24.0,30.0,34.0,37.0,40.0,52.0,65.0,81.0
242.0,3120.0,120.0,75.0,3380.0,20.0,0.0,0.0,2.0,9.0,16.0,21.0,24.0,27.0,34.0,39.0,41.0,57.0,72.0,81.0
266.0,84.0,60.0,129.0,94.0,10.0,220.0,100.0,3.0,9.0,11.0,21.0,25.0,28.0,33.0,37.0,40.0,52.0,77.0,81.0
224.0,119.0,60.0,117.0,165.0,30.0,169.0,56.0,2.0,9.0,13.0,21.0,25.0,29.0,33.0,37.0,40.0,51.0,61.0,81.0
167.0,5040.0,120.0,80.0,6720.0,10.0,112.0,90.0,2.0,10.0,16.0,21.0,25.0,30.0,34.0,38.0,41.0,51.0,61.0,81.0
61.0,2340.0,120.0,32.0,3380.0,20.0,40.0,48.0,1.0,9.0,16.0,23.0,25.0,28.0,33.0,37.0,41.0,59.0,77.0,82.0
128.0,64.0,120.0,57.0,76.0,20.0,80.0,52.0,2.0,10.0,11.0,22.0,24.0,28.0,34.0,38.0,40.0,43.0,60.0,81.0
192.0,67.0,120.0,114.0,78.0,20.0,120.0,64.0,2.0,10.0,11.0,21.0,25.0,29.0,34.0,37.0,40.0,42.0,65.0,82.0
89.0,22.0,120.0,31.0,34.0,10.0,0.0,0.0,1.0,9.0,11.0,23.0,25.0,29.0,33.0,37.0,40.0,43.0,77.0,81.0
189.0,233.0,30.0,95.0,245.0,10.0,234.0,156.0,2.0,10.0,13.0,20.0,24.0,28.0,34.0,35.0,40.0,57.0,60.0,81.0
134.0,91.0,120.0,98.0,109.0,10.0,88.0,50.0,2.0,10.0,11.0,23.0,25.0,29.0,33.0,36.0,40.0,43.0,60.0,81.0
195.0,45.0,120.0,108.0,60.0,30.0,208.0,84.0,0.0,9.0,18.0,22.0,24.0,29.0,33.0,38.0,40.0,42.0,77.0,81.0
106.0,74.0,120.0,39.0,116.0,10.0,78.0,45.0,3.0,10.0,13.0,21.0,24.0,29.0,34.0,38.0,40.0,42.0,72.0,81.0
129.0,61.0,120.0,66.0,71.0,30.0,143.0,60.0,0.0,10.0,11.0,22.0,24.0,29.0,34.0,37.0,40.0,59.0,61.0,81.0
245.0,40.0,60.0,193.0,43.0,10.0,88.0,70.0,3.0,9.0,11.0,21.0,25.0,30.0,34.0,38.0,40.0,59.0,78.0,81.0
111.0,36.0,60.0,41.0,50.0,30.0,88.0,84.0,2.0,9.0,11.0,21.0,25.0,28.0,33.0,36.0,40.0,59.0,61.0,82.0
131.0,203.0,60.0,91.0,271.0,20.0,90.0,58.0,0.0,10.0,19.0,22.0,25.0,28.0,33.0,38.0,40.0,59.0,78.0,81.0
71.0,4200.0,120.0,40.0,6720.0,10.0,65.0,39.0,1.0,10.0,16.0,22.0,25.0,30.0,33.0,37.0,41.0,57.0,79.0,82.0
210.0,2600.0,30.0,177.0,4160.0,20.0,0.0,0.0,2.0,9.0,16.0,21.0,25.0,27.0,34.0,39.0,41.0,57.0,61.0,81.0
100.0,32.0,60.0,99.0,35.0,20.0,0.0,0.0,2.0,9.0,11.0,21.0,25.0,31.0,33.0,36.0,40.0,48.0,79.0,82.0
121.0,78.0,60.0,76.0,81.0,10.0,110.0,56.0,2.0,10.0,11.0,21.0,24.0,30.0,34.0,37.0,40.0,59.0,61.0,81.0
138.0,81.0,60.0,99.0,95.0,10.0,195.0,123.0,2.0,9.0,13.0,21.0,25.0,29.0,34.0,37.0,40.0,57.0,60.0,81.0
125.0,61.0,30.0,49.0,71.0,10.0,88.0,70.0,3.0,10.0,11.0,21.0,25.0,28.0,34.0,38.0,40.0,59.0,61.0,81.0
158.0,46.0,60.0,113.0,56.0,20.0,88.0,52.0,3.0,9.0,11.0,21.0,25.0,29.0,34.0,37.0,40.0,43.0,60.0,81.0
182.0,52.0,30.0,97.0,56.0,30.0,72.0,65.0,3.0,9.0,11.0,21.0,25.0,28.0,34.0,36.0,40.0,43.0,60.0,81.0
235.0,77.0,30.0,121.0,82.0,10.0,0.0,0.0,6.0,9.0,11.0,21.0,24.0,28.0,34.0,39.0,40.0,59.0,60.0,81.0
181.0,152.0,60.0,152.0,198.0,30.0,120.0,110.0,2.0,10.0,13.0,22.0,25.0,30.0,34.0,37.0,40.0,55.0,65.0,81.0
87.0,31.0,60.0,42.0,40.0,10.0,80.0,36.0,3.0,9.0,11.0,21.0,24.0,31.0,34.0,39.0,40.0,43.0,77.0,81.0
99.0,1665.0,30.0,27.0,2960.0,20.0,0.0,0.0,1.0,9.0,17.0,21.0,26.0,27.0,34.0,39.0,41.0,43.0,77.0,81.0
161.0,114.0,120.0,128.0,139.0,10.0,88.0,65.0,2.0,9.0,13.0,22.0,25.0,28.0,34.0,37.0,40.0,52.0,61.0,81.0
89.0,50.0,30.0,31.0,63.0,30.0,91.0,36.0,3.0,9.0,13.0,21.0,25.0,31.0,33.0,38.0,40.0,57.0,61.0,81.0
220.0,176.0,30.0,80.0,194.0,10.0,150.0,88.0,2.0,10.0,13.0,22.0,25.0,29.0,34.0,38.0,40.0,43.0,72.0,81.0
120.0,83.0,120.0,74.0,98.0,20.0,110.0,84.0,2.0,9.0,13.0,22.0,25.0,29.0,33.0,37.0,40.0,43.0,72.0,81.0
200.0,105.0,120.0,81.0,118.0,30.0,168.0,162.0,0.0,10.0,11.0,21.0,24.0,28.0,34.0,37.0,40.0,59.0,60.0,81.0
198.0,74.0,30.0,142.0,81.0,30.0,182.0,68.0,2.0,10.0,11.0,22.0,24.0,29.0,34.0,38.0,40.0,52.0,61.0,81.0
90.0,5040.0,30.0,41.0,5040.0,10.0,91.0,45.0,4.0,10.0,16.0,22.0,25.0,28.0,33.0,37.0,41.0,42.0,72.0,81.0
67.0,137.0,120.0,33.0,139.0,30.0,210.0,50.0,1.0,9.0,13.0,22.0,24.0,27.0,33.0,36.0,40.0,42.0,79.0,82.0
109.0,2340.0,120.0,65.0,3120.0,30.0,117.0,44.0,0.0,9.0,16.0,22.0,25.0,29.0,34.0,38.0,41.0,42.0,61.0,81.0
222.0,217.0,30.0,187.0,254.0,20.0,170.0,110.0,3.0,10.0,13.0,21.0,25.0,31.0,34.0,38.0,40.0,42.0,77.0,81.0
252.0,158.0,60.0,104.0,184.0,20.0,160.0,136.0,2.0,10.0,13.0,22.0,25.0,29.0,34.0,38.0,40.0,43.0,72.0,81.0
246.0,138.0,120.0,166.0,155.0,20.0,96.0,64.0,3.0,10.0,13.0,21.0,24.0,31.0,34.0,37.0,40.0,57.0,67.0,81.0
114.0,82.0,30.0,72.0,90.0,30.0,56.0,65.0,2.0,9.0,13.0,21.0,26.0,29.0,33.0,36.0,40.0,58.0,79.0,81.0
73.0,557.0,60.0,55.0,603.0,10.0,0.0,0.0,1.0,10.0,18.0,22.0,25.0,29.0,33.0,36.0,40.0,58.0,79.0,82.0
206.0,110.0,30.0,65.0,127.0,30.0,160.0,143.0,2.0,10.0,11.0,22.0,25.0,28.0,34.0,37.0,40.0,57.0,60.0,81.0
114.0,65.0,30.0,46.0,71.0,10.0,90.0,44.0,2.0,10.0,11.0,22.0,25.0,29.0,34.0,38.0,40.0,43.0,60.0,81.0
205.0,2340.0,60.0,61.0,3120.0,20.0,140.0,117.0,4.0,9.0,16.0,22.0,25.0,30.0,33.0,37.0,41.0,43.0,70.0,81.0
242.0,108.0,30.0,98.0,122.0,30.0,120.0,117.0,2.0,10.0,11.0,22.0,25.0,30.0,34.0,38.0,40.0,52.0,61.0,81.0
163.0,3120.0,60.0,87.0,4160.0,30.0,104.0,128.0,0.0,9.0,16.0,23.0,26.0,28.0,34.0,38.0,41.0,42.0,61.0,81.0
92.0,63.0,30.0,37.0,76.0,10.0,72.0,70.0,2.0,9.0,13.0,22.0,24.0,29.0,34.0,37.0,40.0,43.0,60.0,81.0
142.0,28.0,60.0,93.0,32.0,10.0,0.0,0.0,0.0,9.0,11.0,22.0,25.0,29.0,34.0,36.0,40.0,42.0,72.0,81.0
61.0,14.0,120.0,32.0,19.0,20.0,32.0,24.0,3.0,9.0,11.0,21.0,24.0,31.0,34.0,36.0,40.0,59.0,77.0,81.0
63.0,36.0,60.0,41.0,43.0,10.0,52.0,19.0,0.0,10.0,14.0,22.0,24.0,28.0,34.0,39.0,40.0,57.0,79.0,81.0
114.0,67.0,120.0,59.0,76.0,20.0,104.0,55.0,2.0,10.0,11.0,22.0,25.0,30.0,34.0,37.0,40.0,43.0,77.0,81.0
222.0,130.0,30.0,81.0,149.0,30.0,136.0,136.0,2.0,9.0,13.0,22.0,24.0,28.0,34.0,37.0,40.0,57.0,60.0,81.0
167.0,3780.0,30.0,80.0,5460.0,30.0,140.0,90.0,2.0,10.0,16.0,21.0,25.0,30.0,34.0,38.0,41.0,51.0,61.0,81.0
173.0,53.0,30.0,83.0,72.0,20.0,136.0,72.0,3.0,9.0,11.0,21.0,24.0,28.0,34.0,37.0,40.0,42.0,77.0,81.0
200.0,252.0,30.0,81.0,337.0,20.0,190.0,136.0,3.0,10.0,13.0,21.0,24.0,28.0,34.0,37.0,40.0,59.0,60.0,81.0
256.0,89.0,30.0,201.0,99.0,10.0,104.0,80.0,3.0,9.0,13.0,21.0,25.0,31.0,34.0,37.0,40.0,42.0,78.0,81.0
401.0,58.0,30.0,230.0,78.0,20.0,247.0,125.0,3.0,9.0,11.0,21.0,25.0,30.0,34.0,38.0,40.0,42.0,78.0,81.0
56.0,38.0,30.0,36.0,57.0,20.0,32.0,16.0,2.0,9.0,13.0,21.0,25.0,31.0,33.0,36.0,40.0,57.0,79.0,81.0
388.0,145.0,120.0,274.0,182.0,10.0,230.0,132.0,0.0,9.0,13.0,23.0,24.0,29.0,34.0,38.0,40.0,57.0,76.0,81.0
66.0,154.0,60.0,35.0,205.0,20.0,50.0,26.0,1.0,10.0,18.0,21.0,25.0,27.0,34.0,36.0,40.0,59.0,77.0,81.0
174.0,49.0,60.0,61.0,70.0,30.0,150.0,85.0,2.0,9.0,11.0,22.0,25.0,28.0,34.0,37.0,40.0,43.0,72.0,81.0
285.0,77.0,30.0,131.0,86.0,30.0,224.0,221.0,3.0,9.0,11.0,21.0,25.0,30.0,34.0,37.0,40.0,57.0,75.0,81.0
249.0,119.0,30.0,175.0,139.0,30.0,200.0,115.0,3.0,9.0,13.0,21.0,25.0,27.0,34.0,37.0,40.0,42.0,78.0,81.0
84.0,31.0,60.0,58.0,34.0,20.0,0.0,0.0,2.0,9.0,11.0,21.0,25.0,31.0,34.0,36.0,40.0,59.0,65.0,81.0
104.0,46.0,120.0,65.0,58.0,10.0,72.0,55.0,3.0,9.0,11.0,21.0,24.0,29.0,34.0,37.0,40.0,43.0,60.0,81.0
146.0,36.0,30.0,44.0,50.0,20.0,156.0,70.0,0.0,9.0,11.0,23.0,24.0,30.0,34.0,37.0,40.0,59.0,61.0,81.0
201.0,64.0,120.0,85.0,78.0,20.0,220.0,188.0,2.0,9.0,11.0,21.0,25.0,30.0,34.0,37.0,40.0,59.0,64.0,81.0
118.0,40.0,60.0,59.0,46.0,20.0,0.0,0.0,1.0,9.0,11.0,22.0,26.0,29.0,33.0,38.0,40.0,59.0,61.0,82.0
102.0,54.0,120.0,49.0,68.0,20.0,78.0,50.0,0.0,9.0,13.0,22.0,25.0,28.0,34.0,37.0,40.0,51.0,60.0,81.0
110.0,41.0,120.0,63.0,47.0,20.0,90.0,32.0,5.0,10.0,12.0,22.0,25.0,27.0,34.0,39.0,40.0,42.0,61.0,81.0
94.0,29.0,60.0,47.0,42.0,30.0,72.0,71.0,2.0,9.0,11.0,21.0,24.0,29.0,34.0,38.0,40.0,57.0,61.0,81.0
146.0,40.0,60.0,44.0,46.0,10.0,88.0,85.0,3.0,9.0,11.0,21.0,25.0,29.0,34.0,38.0,40.0,59.0,61.0,81.0
303.0,133.0,120.0,286.0,156.0,10.0,128.0,105.0,3.0,9.0,13.0,21.0,25.0,29.0,34.0,38.0,40.0,42.0,78.0,81.0
181.0,42.0,60.0,128.0,49.0,30.0,120.0,60.0,2.0,9.0,11.0,21.0,25.0,28.0,34.0,37.0,40.0,43.0,72.0,81.0
184.0,50.0,30.0,105.0,62.0,30.0,160.0,110.0,3.0,9.0,11.0,21.0,24.0,28.0,34.0,38.0,40.0,57.0,63.0,81.0
114.0,80.0,30.0,49.0,106.0,20.0,88.0,60.0,3.0,9.0,13.0,21.0,24.0,29.0,33.0,36.0,40.0,59.0,61.0,81.0
142.0,72.0,30.0,66.0,86.0,10.0,96.0,75.0,1.0,9.0,13.0,21.0,25.0,30.0,34.0,39.0,40.0,59.0,61.0,81.0
131.0,1665.0,60.0,86.0,2960.0,30.0,80.0,52.0,2.0,9.0,17.0,22.0,25.0,27.0,34.0,36.0,41.0,43.0,60.0,82.0
171.0,68.0,60.0,91.0,81.0,10.0,0.0,0.0,1.0,10.0,11.0,21.0,24.0,29.0,33.0,36.0,40.0,43.0,60.0,81.0
98.0,2340.0,60.0,47.0,3380.0,10.0,91.0,39.0,2.0,9.0,16.0,21.0,25.0,31.0,34.0,37.0,41.0,43.0,77.0,81.0
87.0,2340.0,120.0,61.0,4160.0,10.0,70.0,32.0,2.0,9.0,16.0,21.0,25.0,27.0,34.0,36.0,41.0,57.0,79.0,81.0
205.0,79.0,30.0,122.0,97.0,30.0,150.0,90.0,2.0,10.0,11.0,22.0,24.0,29.0,34.0,38.0,40.0,52.0,61.0,81.0
92.0,54.0,30.0,48.0,68.0,30.0,80.0,50.0,1.0,10.0,11.0,21.0,25.0,28.0,33.0,37.0,40.0,42.0,61.0,81.0
123.0,30.0,30.0,54.0,38.0,30.0,0.0,0.0,1.0,9.0,11.0,21.0,25.0,29.0,34.0,39.0,40.0,57.0,61.0,81.0
276.0,112.0,60.0,180.0,146.0,30.0,230.0,145.0,3.0,10.0,11.0,21.0,25.0,31.0,34.0,38.0,40.0,57.0,72.0,81.0
130.0,132.0,60.0,87.0,176.0,30.0,80.0,65.0,2.0,10.0,13.0,22.0,24.0,29.0,34.0,38.0,40.0,43.0,60.0,81.0
184.0,84.0,60.0,71.0,118.0,30.0,140.0,90.0,0.0,10.0,11.0,22.0,24.0,30.0,34.0,37.0,40.0,52.0,61.0,81.0
89.0,20.0,120.0,38.0,29.0,10.0,0.0,0.0,2.0,9.0,11.0,21.0,25.0,28.0,33.0,36.0,40.0,52.0,60.0,81.0
236.0,148.0,120.0,63.0,156.0,30.0,210.0,150.0,3.0,9.0,13.0,20.0,24.0,28.0,34.0,37.0,40.0,59.0,60.0,81.0
220.0,211.0,60.0,84.0,281.0,30.0,182.0,68.0,2.0,10.0,13.0,21.0,25.0,29.0,34.0,38.0,40.0,43.0,72.0,81.0
53.0,2007.0,30.0,24.0,2408.0,10.0,40.0,20.0,1.0,9.0,18.0,21.0,25.0,30.0,33.0,36.0,41.0,57.0,79.0,81.0
146.0,82.0,30.0,49.0,90.0,30.0,88.0,91.0,3.0,10.0,11.0,21.0,25.0,28.0,34.0,38.0,40.0,59.0,61.0,81.0
148.0,60.0,60.0,152.0,65.0,20.0,130.0,80.0,3.0,10.0,11.0,21.0,24.0,29.0,34.0,38.0,40.0,59.0,65.0,81.0
200.0,148.0,60.0,63.0,156.0,20.0,152.0,104.0,3.0,9.0,13.0,23.0,25.0,27.0,34.0,36.0,40.0,59.0,60.0,81.0
125.0,76.0,60.0,48.0,90.0,10.0,88.0,75.0,2.0,9.0,13.0,22.0,25.0,30.0,34.0,38.0,40.0,43.0,60.0,81.0
91.0,2340.0,120.0,43.0,3120.0,30.0,91.0,24.0,2.0,9.0,16.0,21.0,25.0,31.0,34.0,37.0,41.0,43.0,77.0,81.0
292.0,131.0,30.0,121.0,150.0,30.0,176.0,175.0,2.0,10.0,11.0,22.0,24.0,29.0,34.0,38.0,40.0,47.0,79.0,81.0
250.0,210.0,120.0,103.0,274.0,10.0,260.0,182.0,2.0,10.0,13.0,23.0,24.0,30.0,34.0,38.0,40.0,42.0,77.0,81.0
110.0,62.0,60.0,97.0,83.0,10.0,0.0,0.0,2.0,9.0,13.0,21.0,25.0,29.0,33.0,36.0,40.0,42.0,72.0,82.0
106.0,58.0,60.0,58.0,81.0,30.0,72.0,71.0,2.0,10.0,11.0,21.0,25.0,31.0,34.0,39.0,40.0,42.0,61.0,82.0
164.0,83.0,30.0,126.0,133.0,20.0,112.0,68.0,0.0,10.0,15.0,22.0,25.0,28.0,34.0,37.0,40.0,55.0,61.0,81.0
95.0,3120.0,60.0,49.0,3380.0,10.0,0.0,0.0,1.0,9.0,16.0,21.0,25.0,28.0,33.0,39.0,41.0,42.0,72.0,82.0
192.0,60.0,120.0,112.0,72.0,20.0,182.0,75.0,3.0,9.0,11.0,21.0,24.0,28.0,34.0,37.0,40.0,52.0,61.0,81.0
244.0,210.0,60.0,136.0,281.0,30.0,260.0,145.0,3.0,10.0,13.0,21.0,25.0,30.0,33.0,36.0,40.0,57.0,75.0,81.0
63.0,48.0,30.0,41.0,67.0,20.0,40.0,19.0,0.0,10.0,14.0,22.0,24.0,28.0,34.0,39.0,40.0,57.0,79.0,82.0
141.0,109.0,60.0,67.0,130.0,20.0,110.0,117.0,1.0,10.0,13.0,20.0,24.0,29.0,33.0,35.0,40.0,57.0,61.0,81.0
111.0,266.0,60.0,48.0,355.0,30.0,78.0,32.0,0.0,10.0,18.0,22.0,25.0,29.0,34.0,38.0,40.0,52.0,60.0,81.0
250.0,87.0,60.0,108.0,99.0,20.0,180.0,149.0,0.0,10.0,11.0,22.0,24.0,29.0,34.0,38.0,40.0,57.0,60.0,81.0
103.0,22.0,120.0,38.0,28.0,20.0,72.0,44.0,2.0,9.0,11.0,22.0,24.0,29.0,34.0,38.0,40.0,57.0,61.0,81.0
47.0,3120.0,30.0,25.0,4160.0,20.0,40.0,109.0,0.0,9.0,16.0,23.0,25.0,29.0,34.0,37.0,41.0,59.0,77.0,82.0
177.0,26.0,30.0,128.0,31.0,20.0,1200.0,13.0,0.0,9.0,12.0,21.0,25.0,27.0,33.0,36.0,40.0,42.0,72.0,82.0
185.0,158.0,30.0,72.0,184.0,10.0,120.0,110.0,2.0,10.0,13.0,22.0,25.0,29.0,34.0,38.0,40.0,43.0,72.0,81.0
185.0,50.0,60.0,102.0,72.0,30.0,150.0,75.0,3.0,9.0,11.0,21.0,24.0,28.0,33.0,37.0,40.0,43.0,72.0,81.0
92.0,72.0,60.0,34.0,78.0,20.0,64.0,48.0,2.0,10.0,11.0,21.0,24.0,29.0,34.0,38.0,40.0,43.0,60.0,81.0
88.0,54.0,120.0,42.0,65.0,30.0,117.0,48.0,2.0,10.0,11.0,20.0,24.0,29.0,34.0,35.0,40.0,43.0,60.0,81.0
182.0,123.0,60.0,81.0,139.0,20.0,247.0,115.0,2.0,9.0,13.0,22.0,24.0,28.0,34.0,37.0,40.0,42.0,79.0,81.0
89.0,42.0,120.0,38.0,50.0,30.0,56.0,52.0,1.0,10.0,11.0,20.0,24.0,29.0,34.0,35.0,40.0,43.0,77.0,81.0
108.0,82.0,60.0,70.0,88.0,10.0,100.0,48.0,2.0,10.0,11.0,22.0,24.0,29.0,34.0,38.0,40.0,43.0,60.0,81.0
171.0,83.0,60.0,120.0,94.0,10.0,195.0,312.0,0.0,10.0,11.0,22.0,25.0,28.0,34.0,38.0,40.0,53.0,61.0,81.0
263.0,3120.0,120.0,112.0,3120.0,30.0,150.0,75.0,0.0,9.0,16.0,23.0,25.0,30.0,34.0,37.0,41.0,52.0,61.0,82.0
236.0,148.0,60.0,81.0,198.0,30.0,273.0,108.0,2.0,9.0,13.0,22.0,24.0,28.0,34.0,38.0,40.0,59.0,60.0,81.0
92.0,42.0,30.0,41.0,56.0,20.0,90.0,78.0,3.0,9.0,11.0,23.0,24.0,28.0,34.0,37.0,40.0,42.0,61.0,81.0
117.0,50.0,30.0,73.0,52.0,10.0,143.0,78.0,2.0,9.0,11.0,23.0,24.0,28.0,33.0,37.0,40.0,42.0,61.0,81.0
241.0,3780.0,120.0,109.0,5460.0,20.0,120.0,76.0,4.0,10.0,16.0,22.0,25.0,29.0,34.0,38.0,41.0,43.0,72.0,82.0
164.0,153.0,30.0,106.0,167.0,30.0,195.0,72.0,2.0,10.0,13.0,22.0,25.0,28.0,34.0,37.0,40.0,54.0,77.0,81.0
169.0,176.0,60.0,137.0,184.0,20.0,208.0,105.0,2.0,10.0,13.0,22.0,24.0,29.0,34.0,38.0,40.0,57.0,67.0,81.0
182.0,252.0,60.0,71.0,281.0,10.0,210.0,108.0,3.0,10.0,13.0,21.0,25.0,30.0,34.0,38.0,40.0,59.0,60.0,81.0
188.0,53.0,60.0,105.0,62.0,20.0,260.0,125.0,2.0,9.0,11.0,22.0,25.0,29.0,33.0,38.0,40.0,57.0,60.0,81.0
145.0,70.0,30.0,93.0,78.0,10.0,80.0,60.0,2.0,10.0,11.0,22.0,24.0,29.0,34.0,38.0,40.0,43.0,60.0,81.0
224.0,109.0,120.0,105.0,122.0,30.0,176.0,149.0,3.0,10.0,11.0,21.0,25.0,30.0,34.0,37.0,40.0,42.0,79.0,81.0
159.0,108.0,30.0,108.0,123.0,20.0,140.0,110.0,3.0,9.0,13.0,21.0,25.0,30.0,34.0,37.0,40.0,57.0,67.0,81.0
92.0,143.0,120.0,37.0,167.0,20.0,117.0,65.0,2.0,10.0,13.0,22.0,24.0,28.0,34.0,38.0,40.0,43.0,60.0,81.0
314.0,118.0,60.0,234.0,132.0,30.0,182.0,76.0,3.0,9.0,13.0,21.0,24.0,28.0,33.0,37.0,40.0,59.0,61.0,81.0
197.0,480.0,30.0,104.0,768.0,20.0,144.0,120.0,2.0,10.0,19.0,21.0,25.0,28.0,34.0,37.0,40.0,43.0,70.0,81.0
324.0,284.0,60.0,187.0,301.0,20.0,208.0,132.0,2.0,10.0,13.0,21.0,24.0,28.0,34.0,38.0,40.0,55.0,79.0,81.0
196.0,68.0,30.0,126.0,99.0,20.0,182.0,85.0,2.0,10.0,11.0,22.0,24.0,29.0,34.0,37.0,40.0,43.0,75.0,81.0
283.0,245.0,120.0,109.0,281.0,30.0,256.0,240.0,2.0,10.0,13.0,22.0,24.0,28.0,34.0,38.0,40.0,52.0,79.0,81.0
169.0,36.0,60.0,72.0,42.0,20.0,110.0,91.0,2.0,9.0,11.0,20.0,24.0,29.0,34.0,35.0,40.0,59.0,61.0,81.0
234.0,176.0,60.0,116.0,198.0,10.0,144.0,110.0,0.0,10.0,13.0,21.0,25.0,29.0,33.0,38.0,40.0,59.0,62.0,81.0
139.0,3120.0,120.0,80.0,4160.0,10.0,96.0,50.0,1.0,9.0,16.0,22.0,25.0,28.0,34.0,38.0,41.0,59.0,61.0,81.0
230.0,106.0,60.0,112.0,116.0,10.0,136.0,110.0,3.0,9.0,13.0,21.0,25.0,30.0,33.0,37.0,40.0,59.0,67.0,81.0
99.0,54.0,30.0,27.0,78.0,20.0,117.0,60.0,4.0,10.0,11.0,22.0,25.0,29.0,34.0,38.0,40.0,43.0,60.0,81.0
388.0,122.0,120.0,162.0,168.0,10.0,377.0,195.0,3.0,10.0,11.0,21.0,25.0,29.0,34.0,38.0,40.0,55.0,78.0,81.0
308.0,139.0,30.0,143.0,156.0,10.0,250.0,144.0,2.0,9.0,13.0,20.0,25.0,29.0,34.0,38.0,40.0,52.0,79.0,81.0
118.0,67.0,30.0,66.0,92.0,30.0,80.0,78.0,2.0,10.0,11.0,23.0,25.0,29.0,34.0,38.0,40.0,43.0,60.0,81.0
141.0,82.0,120.0,67.0,84.0,30.0,100.0,60.0,2.0,10.0,11.0,22.0,24.0,29.0,34.0,38.0,40.0,43.0,60.0,81.0
206.0,83.0,30.0,59.0,118.0,20.0,260.0,110.0,2.0,10.0,11.0,22.0,25.0,28.0,34.0,37.0,40.0,57.0,60.0,81.0
147.0,89.0,30.0,104.0,88.0,10.0,182.0,110.0,2.0,10.0,11.0,22.0,24.0,28.0,33.0,38.0,40.0,44.0,77.0,81.0
211.0,110.0,120.0,156.0,118.0,20.0,195.0,100.0,3.0,10.0,11.0,21.0,25.0,31.0,34.0,36.0,40.0,43.0,73.0,81.0
61.0,209.0,30.0,32.0,251.0,10.0,0.0,0.0,2.0,9.0,18.0,22.0,25.0,27.0,33.0,36.0,40.0,59.0,77.0,81.0
236.0,56.0,60.0,71.0,64.0,20.0,190.0,136.0,3.0,9.0,11.0,21.0,25.0,29.0,34.0,38.0,40.0,59.0,60.0,81.0
419.0,337.0,60.0,232.0,422.0,30.0,403.0,136.0,3.0,10.0,13.0,22.0,24.0,29.0,34.0,38.0,40.0,59.0,73.0,81.0
95.0,32.0,60.0,94.0,35.0,20.0,130.0,65.0,2.0,9.0,11.0,21.0,24.0,29.0,34.0,37.0,40.0,59.0,65.0,81.0
119.0,58.0,60.0,61.0,57.0,20.0,0.0,0.0,2.0,9.0,11.0,21.0,25.0,30.0,33.0,39.0,40.0,42.0,61.0,81.0
236.0,56.0,120.0,81.0,66.0,20.0,168.0,88.0,3.0,9.0,11.0,21.0,25.0,29.0,34.0,37.0,40.0,42.0,79.0,81.0
131.0,2340.0,60.0,64.0,3120.0,20.0,0.0,0.0,1.0,9.0,16.0,21.0,25.0,28.0,33.0,36.0,41.0,54.0,60.0,81.0
273.0,210.0,30.0,110.0,237.0,10.0,220.0,120.0,2.0,10.0,13.0,22.0,25.0,29.0,34.0,38.0,40.0,42.0,79.0,81.0
205.0,45.0,30.0,126.0,65.0,30.0,170.0,95.0,4.0,9.0,15.0,23.0,25.0,30.0,34.0,37.0,40.0,57.0,60.0,81.0
66.0,58.0,60.0,47.0,68.0,20.0,78.0,30.0,1.0,10.0,13.0,22.0,25.0,28.0,33.0,37.0,40.0,57.0,79.0,82.0
182.0,19.0,120.0,63.0,25.0,20.0,190.0,149.0,2.0,10.0,16.0,21.0,24.0,30.0,34.0,38.0,40.0,42.0,79.0,81.0
193.0,79.0,120.0,64.0,97.0,20.0,144.0,76.0,2.0,10.0,11.0,21.0,25.0,30.0,33.0,39.0,40.0,57.0,60.0,82.0
105.0,31.0,30.0,54.0,45.0,20.0,70.0,58.0,0.0,9.0,11.0,21.0,24.0,28.0,34.0,37.0,40.0,57.0,61.0,81.0
58.0,295.0,60.0,32.0,295.0,20.0,48.0,32.0,1.0,9.0,18.0,23.0,25.0,28.0,33.0,37.0,40.0,57.0,79.0,81.0
218.0,76.0,30.0,64.0,109.0,20.0,234.0,100.0,2.0,10.0,11.0,22.0,25.0,30.0,34.0,37.0,40.0,43.0,72.0,81.0
155.0,23.0,60.0,129.0,25.0,10.0,130.0,64.0,1.0,10.0,16.0,21.0,25.0,29.0,34.0,38.0,40.0,47.0,65.0,81.0
224.0,218.0,30.0,117.0,301.0,20.0,176.0,128.0,2.0,10.0,13.0,22.0,25.0,29.0,34.0,38.0,40.0,42.0,79.0,81.0
280.0,144.0,30.0,111.0,182.0,30.0,338.0,112.0,3.0,9.0,13.0,21.0,24.0,29.0,34.0,38.0,40.0,59.0,75.0,81.0
141.0,84.0,120.0,101.0,94.0,20.0,180.0,136.0,2.0,10.0,11.0,22.0,25.0,28.0,34.0,38.0,40.0,55.0,61.0,81.0
124.0,28.0,60.0,50.0,32.0,20.0,90.0,65.0,2.0,9.0,11.0,20.0,24.0,29.0,33.0,35.0,40.0,43.0,77.0,81.0
260.0,167.0,30.0,143.0,215.0,20.0,250.0,201.0,2.0,9.0,13.0,22.0,24.0,28.0,34.0,39.0,40.0,52.0,79.0,81.0
101.0,35.0,120.0,32.0,49.0,10.0,0.0,0.0,2.0,9.0,11.0,21.0,25.0,27.0,34.0,36.0,40.0,43.0,60.0,82.0
202.0,169.0,60.0,147.0,198.0,30.0,160.0,110.0,2.0,10.0,13.0,22.0,24.0,29.0,34.0,38.0,40.0,57.0,67.0,81.0
125.0,2340.0,60.0,55.0,3380.0,10.0,0.0,0.0,2.0,9.0,16.0,21.0,25.0,28.0,34.0,36.0,41.0,43.0,79.0,81.0
160.0,14.0,60.0,123.0,15.0,10.0,130.0,76.0,3.0,9.0,16.0,21.0,24.0,30.0,34.0,37.0,40.0,57.0,62.0,81.0
249.0,109.0,120.0,163.0,127.0,20.0,170.0,130.0,3.0,10.0,11.0,21.0,25.0,30.0,33.0,39.0,40.0,42.0,78.0,81.0
108.0,2900.0,30.0,70.0,3480.0,10.0,80.0,36.0,2.0,10.0,17.0,21.0,25.0,31.0,33.0,36.0,41.0,59.0,78.0,81.0
103.0,5040.0,60.0,57.0,5460.0,10.0,0.0,0.0,1.0,10.0,16.0,23.0,25.0,28.0,34.0,39.0,41.0,42.0,61.0,82.0
147.0,54.0,120.0,71.0,58.0,20.0,0.0,0.0,2.0,9.0,11.0,21.0,26.0,29.0,33.0,36.0,40.0,59.0,61.0,81.0
120.0,83.0,60.0,81.0,91.0,20.0,143.0,65.0,2.0,9.0,13.0,22.0,25.0,29.0,33.0,37.0,40.0,43.0,72.0,81.0
288.0,59.0,60.0,113.0,70.0,20.0,250.0,188.0,3.0,9.0,11.0,21.0,25.0,28.0,34.0,37.0,40.0,59.0,75.0,81.0
148.0,2600.0,30.0,90.0,3380.0,30.0,117.0,48.0,0.0,9.0,16.0,22.0,25.0,29.0,34.0,38.0,41.0,54.0,61.0,82.0
202.0,108.0,30.0,97.0,140.0,20.0,160.0,136.0,2.0,10.0,11.0,22.0,25.0,29.0,34.0,37.0,40.0,43.0,72.0,81.0
230.0,217.0,120.0,112.0,218.0,30.0,170.0,110.0,0.0,10.0,13.0,22.0,24.0,29.0,34.0,38.0,40.0,59.0,67.0,81.0
288.0,66.0,60.0,105.0,80.0,10.0,200.0,145.0,3.0,9.0,11.0,21.0,25.0,28.0,34.0,37.0,40.0,59.0,75.0,81.0
103.0,5040.0,60.0,47.0,5040.0,20.0,64.0,24.0,0.0,10.0,16.0,22.0,25.0,28.0,34.0,37.0,41.0,42.0,72.0,81.0
111.0,200.0,60.0,44.0,266.0,20.0,60.0,52.0,0.0,10.0,18.0,22.0,25.0,29.0,34.0,38.0,40.0,52.0,60.0,81.0
205.0,3120.0,30.0,93.0,3380.0,30.0,0.0,0.0,2.0,9.0,16.0,21.0,25.0,27.0,34.0,36.0,41.0,52.0,61.0,81.0
188.0,50.0,120.0,100.0,57.0,30.0,234.0,84.0,3.0,9.0,11.0,21.0,24.0,30.0,33.0,36.0,40.0,42.0,77.0,81.0
88.0,5040.0,30.0,39.0,5040.0,10.0,78.0,91.0,1.0,10.0,16.0,23.0,25.0,28.0,34.0,37.0,41.0,42.0,72.0,81.0
111.0,5040.0,60.0,48.0,6720.0,30.0,91.0,28.0,4.0,10.0,16.0,22.0,25.0,28.0,33.0,37.0,41.0,42.0,72.0,81.0
270.0,284.0,120.0,146.0,322.0,20.0,325.0,180.0,3.0,10.0,13.0,21.0,24.0,28.0,34.0,38.0,40.0,59.0,72.0,81.0
125.0,36.0,30.0,49.0,42.0,10.0,96.0,70.0,0.0,9.0,11.0,23.0,24.0,30.0,34.0,37.0,40.0,59.0,61.0,81.0
98.0,61.0,30.0,99.0,70.0,30.0,100.0,60.0,3.0,9.0,13.0,21.0,24.0,29.0,33.0,36.0,40.0,59.0,65.0,81.0
111.0,2220.0,120.0,41.0,2220.0,30.0,0.0,0.0,2.0,9.0,17.0,21.0,25.0,27.0,34.0,36.0,41.0,42.0,72.0,82.0
186.0,184.0,30.0,102.0,184.0,30.0,136.0,123.0,3.0,10.0,13.0,21.0,25.0,31.0,33.0,38.0,40.0,57.0,67.0,81.0
152.0,85.0,120.0,76.0,88.0,30.0,120.0,75.0,2.0,10.0,11.0,22.0,24.0,30.0,34.0,38.0,40.0,43.0,60.0,81.0
82.0,3780.0,120.0,34.0,5040.0,30.0,0.0,0.0,0.0,10.0,16.0,23.0,25.0,30.0,33.0,38.0,41.0,57.0,61.0,81.0
61.0,29.0,120.0,30.0,44.0,10.0,52.0,39.0,0.0,10.0,11.0,21.0,24.0,29.0,34.0,37.0,40.0,59.0,77.0,81.0
168.0,166.0,60.0,72.0,237.0,30.0,184.0,156.0,2.0,10.0,13.0,22.0,25.0,30.0,34.0,37.0,40.0,42.0,77.0,81.0
155.0,95.0,120.0,111.0,106.0,20.0,0.0,0.0,2.0,9.0,13.0,21.0,25.0,27.0,33.0,39.0,40.0,42.0,61.0,81.0
54.0,1350.0,30.0,30.0,1800.0,10.0,40.0,30.0,1.0,9.0,19.0,22.0,25.0,27.0,33.0,36.0,41.0,57.0,79.0,82.0
182.0,127.0,30.0,82.0,165.0,20.0,170.0,130.0,2.0,9.0,13.0,22.0,24.0,29.0,34.0,38.0,40.0,57.0,60.0,81.0
182.0,123.0,30.0,71.0,172.0,20.0,168.0,92.0,3.0,9.0,13.0,21.0,24.0,29.0,34.0,36.0,40.0,59.0,60.0,81.0
135.0,138.0,60.0,98.0,162.0,10.0,143.0,260.0,2.0,10.0,13.0,21.0,26.0,30.0,34.0,38.0,40.0,48.0,60.0,81.0
106.0,46.0,30.0,55.0,58.0,20.0,100.0,78.0,2.0,9.0,11.0,21.0,25.0,29.0,34.0,38.0,40.0,43.0,60.0,81.0
217.0,3120.0,60.0,103.0,3120.0,20.0,144.0,40.0,2.0,9.0,16.0,21.0,26.0,28.0,34.0,38.0,41.0,42.0,78.0,81.0
111.0,48.0,60.0,53.0,50.0,20.0,88.0,48.0,3.0,9.0,11.0,20.0,24.0,29.0,34.0,35.0,40.0,42.0,61.0,81.0
112.0,2340.0,120.0,47.0,3380.0,20.0,56.0,24.0,2.0,9.0,16.0,21.0,25.0,31.0,34.0,37.0,41.0,43.0,77.0,82.0
220.0,45.0,120.0,81.0,65.0,20.0,120.0,68.0,4.0,9.0,15.0,22.0,25.0,28.0,34.0,37.0,40.0,52.0,61.0,82.0
159.0,53.0,60.0,87.0,68.0,10.0,56.0,40.0,0.0,9.0,13.0,21.0,24.0,29.0,34.0,38.0,40.0,57.0,61.0,81.0
238.0,83.0,120.0,95.0,99.0,20.0,136.0,84.0,2.0,10.0,11.0,22.0,24.0,28.0,34.0,38.0,40.0,43.0,72.0,81.0
163.0,39.0,30.0,120.0,57.0,20.0,52.0,30.0,0.0,9.0,13.0,21.0,24.0,29.0,34.0,38.0,40.0,59.0,77.0,81.0
466.0,247.0,30.0,348.0,281.0,20.0,312.0,145.0,3.0,10.0,13.0,21.0,25.0,31.0,34.0,37.0,40.0,57.0,76.0,81.0
86.0,221.0,60.0,55.0,295.0,20.0,60.0,52.0,1.0,9.0,18.0,21.0,25.0,28.0,33.0,38.0,40.0,59.0,77.0,81.0
70.0,24.0,30.0,39.0,26.0,10.0,0.0,0.0,2.0,9.0,11.0,21.0,25.0,28.0,34.0,36.0,40.0,57.0,79.0,81.0
224.0,64.0,60.0,92.0,72.0,20.0,286.0,130.0,3.0,9.0,11.0,21.0,25.0,29.0,34.0,38.0,40.0,52.0,77.0,81.0
108.0,91.0,30.0,61.0,98.0,10.0,130.0,91.0,0.0,9.0,13.0,21.0,25.0,29.0,33.0,37.0,40.0,42.0,61.0,81.0
164.0,89.0,120.0,83.0,116.0,10.0,160.0,88.0,3.0,9.0,13.0,21.0,24.0,28.0,33.0,39.0,40.0,59.0,66.0,81.0
221.0,2600.0,30.0,115.0,4160.0,20.0,0.0,0.0,2.0,9.0,16.0,21.0,25.0,31.0,34.0,37.0,41.0,42.0,79.0,81.0
97.0,5040.0,120.0,44.0,5460.0,20.0,91.0,35.0,4.0,10.0,16.0,22.0,25.0,28.0,33.0,37.0,41.0,42.0,72.0,81.0
98.0,31.0,60.0,43.0,42.0,30.0,70.0,50.0,1.0,9.0,11.0,21.0,24.0,30.0,34.0,38.0,40.0,57.0,61.0,81.0
130.0,80.0,120.0,63.0,103.0,10.0,130.0,78.0,1.0,9.0,13.0,21.0,25.0,30.0,34.0,37.0,40.0,43.0,60.0,81.0
106.0,119.0,30.0,41.0,142.0,10.0,90.0,48.0,2.0,10.0,13.0,23.0,24.0,29.0,34.0,38.0,40.0,42.0,61.0,81.0
242.0,65.0,30.0,166.0,78.0,30.0,270.0,150.0,3.0,9.0,11.0,21.0,25.0,30.0,33.0,37.0,40.0,59.0,72.0,81.0
142.0,82.0,30.0,72.0,84.0,10.0,143.0,84.0,2.0,10.0,11.0,21.0,25.0,28.0,33.0,37.0,40.0,59.0,61.0,81.0
79.0,54.0,120.0,65.0,56.0,10.0,120.0,90.0,1.0,9.0,11.0,22.0,25.0,28.0,34.0,37.0,40.0,59.0,78.0,81.0
87.0,16.0,120.0,51.0,18.0,30.0,70.0,15.0,5.0,9.0,12.0,21.0,25.0,29.0,34.0,37.0,40.0,59.0,77.0,82.0
269.0,14.0,60.0,111.0,19.0,30.0,273.0,92.0,1.0,9.0,16.0,21.0,25.0,28.0,33.0,37.0,40.0,42.0,79.0,81.0
236.0,126.0,120.0,63.0,133.0,30.0,190.0,140.0,3.0,10.0,11.0,21.0,25.0,30.0,34.0,37.0,40.0,59.0,60.0,81.0
164.0,79.0,60.0,64.0,97.0,10.0,221.0,136.0,2.0,10.0,11.0,23.0,24.0,28.0,33.0,38.0,40.0,57.0,60.0,81.0
157.0,3780.0,120.0,104.0,6720.0,10.0,0.0,0.0,2.0,10.0,16.0,21.0,25.0,29.0,34.0,38.0,41.0,43.0,72.0,81.0
143.0,40.0,120.0,46.0,53.0,10.0,143.0,84.0,2.0,9.0,11.0,21.0,25.0,28.0,33.0,36.0,40.0,59.0,61.0,82.0
236.0,56.0,60.0,71.0,64.0,20.0,210.0,188.0,3.0,9.0,11.0,23.0,24.0,29.0,34.0,37.0,40.0,59.0,60.0,81.0
100.0,36.0,60.0,35.0,52.0,30.0,0.0,0.0,0.0,9.0,14.0,22.0,25.0,28.0,34.0,37.0,40.0,57.0,61.0,81.0
151.0,70.0,30.0,117.0,84.0,30.0,110.0,80.0,2.0,10.0,11.0,22.0,24.0,29.0,34.0,38.0,40.0,52.0,61.0,81.0
152.0,76.0,30.0,93.0,97.0,30.0,130.0,85.0,3.0,10.0,11.0,21.0,24.0,30.0,34.0,38.0,40.0,43.0,70.0,81.0
75.0,3120.0,120.0,31.0,4160.0,10.0,56.0,55.0,2.0,9.0,16.0,22.0,25.0,29.0,33.0,38.0,41.0,57.0,61.0,81.0
236.0,252.0,120.0,63.0,266.0,30.0,210.0,165.0,2.0,10.0,13.0,22.0,24.0,29.0,34.0,38.0,40.0,59.0,60.0,81.0
110.0,31.0,120.0,62.0,38.0,30.0,0.0,0.0,0.0,9.0,11.0,22.0,25.0,28.0,33.0,36.0,40.0,43.0,60.0,81.0
216.0,116.0,120.0,108.0,133.0,20.0,234.0,115.0,0.0,10.0,11.0,22.0,24.0,29.0,34.0,38.0,40.0,57.0,60.0,81.0
118.0,78.0,120.0,42.0,81.0,30.0,90.0,60.0,0.0,10.0,11.0,23.0,24.0,29.0,34.0,38.0,40.0,43.0,60.0,81.0
318.0,134.0,60.0,144.0,165.0,10.0,325.0,214.0,3.0,9.0,13.0,21.0,24.0,28.0,33.0,37.0,40.0,52.0,79.0,81.0
178.0,38.0,120.0,138.0,45.0,10.0,0.0,0.0,6.0,9.0,11.0,22.0,26.0,27.0,34.0,39.0,40.0,58.0,79.0,82.0
85.0,70.0,60.0,41.0,83.0,20.0,104.0,50.0,3.0,9.0,13.0,20.0,24.0,28.0,34.0,35.0,40.0,43.0,60.0,81.0
121.0,130.0,120.0,48.0,176.0,10.0,117.0,71.0,7.0,10.0,13.0,21.0,25.0,29.0,34.0,38.0,40.0,43.0,60.0,82.0
179.0,89.0,120.0,60.0,128.0,10.0,140.0,72.0,0.0,9.0,13.0,22.0,25.0,29.0,34.0,38.0,40.0,43.0,72.0,81.0
215.0,84.0,30.0,79.0,97.0,10.0,140.0,72.0,0.0,10.0,11.0,22.0,24.0,30.0,34.0,37.0,40.0,52.0,61.0,81.0
200.0,89.0,60.0,90.0,104.0,10.0,0.0,0.0,2.0,9.0,14.0,21.0,24.0,28.0,34.0,36.0,40.0,59.0,60.0,82.0
173.0,64.0,30.0,118.0,74.0,10.0,108.0,70.0,0.0,10.0,11.0,22.0,25.0,28.0,33.0,37.0,40.0,43.0,63.0,82.0
165.0,137.0,30.0,68.0,144.0,10.0,260.0,162.0,3.0,9.0,13.0,21.0,25.0,31.0,34.0,37.0,40.0,57.0,60.0,81.0
200.0,64.0,120.0,119.0,71.0,20.0,120.0,72.0,2.0,10.0,11.0,22.0,25.0,29.0,34.0,39.0,40.0,43.0,72.0,81.0
85.0,3120.0,120.0,43.0,4160.0,10.0,48.0,35.0,1.0,9.0,16.0,21.0,25.0,28.0,33.0,36.0,41.0,52.0,60.0,81.0
76.0,302.0,30.0,43.0,328.0,30.0,0.0,0.0,1.0,9.0,18.0,21.0,25.0,28.0,33.0,36.0,40.0,57.0,79.0,81.0
108.0,91.0,120.0,68.0,116.0,10.0,80.0,70.0,0.0,9.0,13.0,21.0,25.0,29.0,33.0,37.0,40.0,42.0,61.0,81.0
179.0,158.0,30.0,71.0,181.0,10.0,96.0,95.0,2.0,10.0,13.0,21.0,25.0,29.0,33.0,37.0,40.0,57.0,60.0,82.0
307.0,274.0,60.0,240.0,293.0,20.0,325.0,140.0,2.0,10.0,13.0,23.0,25.0,29.0,34.0,37.0,40.0,56.0,77.0,81.0
136.0,46.0,30.0,61.0,50.0,30.0,72.0,65.0,1.0,9.0,11.0,21.0,25.0,29.0,33.0,36.0,40.0,42.0,61.0,81.0
146.0,82.0,120.0,44.0,84.0,30.0,110.0,80.0,2.0,10.0,11.0,21.0,24.0,30.0,34.0,38.0,40.0,59.0,61.0,81.0
117.0,2340.0,60.0,66.0,3380.0,10.0,0.0,0.0,2.0,9.0,16.0,21.0,25.0,27.0,33.0,36.0,41.0,47.0,61.0,81.0
266.0,70.0,120.0,120.0,82.0,20.0,220.0,162.0,3.0,9.0,11.0,21.0,25.0,28.0,33.0,37.0,40.0,52.0,77.0,81.0
160.0,76.0,30.0,134.0,80.0,10.0,90.0,48.0,3.0,9.0,13.0,21.0,24.0,28.0,34.0,37.0,40.0,59.0,65.0,81.0
103.0,30.0,60.0,38.0,43.0,30.0,91.0,32.0,2.0,9.0,11.0,21.0,25.0,28.0,33.0,37.0,40.0,57.0,61.0,81.0
233.0,45.0,30.0,142.0,58.0,20.0,182.0,80.0,2.0,9.0,11.0,22.0,25.0,28.0,34.0,37.0,40.0,43.0,72.0,81.0
272.0,112.0,60.0,143.0,155.0,30.0,210.0,160.0,1.0,10.0,11.0,23.0,25.0,29.0,34.0,37.0,40.0,52.0,79.0,81.0
152.0,43.0,30.0,94.0,49.0,30.0,117.0,40.0,3.0,9.0,11.0,21.0,25.0,28.0,34.0,36.0,40.0,43.0,60.0,81.0
62.0,101.0,120.0,38.0,105.0,20.0,143.0,80.0,2.0,10.0,11.0,20.0,24.0,29.0,34.0,35.0,40.0,57.0,61.0,81.0
116.0,46.0,120.0,103.0,50.0,10.0,96.0,75.0,5.0,9.0,11.0,21.0,24.0,29.0,34.0,38.0,40.0,59.0,78.0,81.0
257.0,245.0,60.0,109.0,281.0,20.0,416.0,185.0,2.0,10.0,13.0,22.0,24.0,28.0,34.0,38.0,40.0,52.0,79.0,81.0
251.0,211.0,120.0,130.0,218.0,30.0,170.0,125.0,2.0,10.0,13.0,22.0,24.0,30.0,34.0,37.0,40.0,59.0,62.0,81.0
99.0,31.0,30.0,52.0,36.0,10.0,91.0,52.0,0.0,9.0,11.0,21.0,24.0,29.0,33.0,37.0,40.0,57.0,61.0,81.0
146.0,72.0,60.0,49.0,83.0,20.0,120.0,104.0,2.0,9.0,13.0,20.0,24.0,30.0,34.0,35.0,40.0,59.0,61.0,81.0
125.0,70.0,30.0,54.0,90.0,30.0,64.0,58.0,2.0,10.0,11.0,22.0,24.0,29.0,34.0,38.0,40.0,43.0,60.0,81.0
353.0,294.0,120.0,97.0,330.0,30.0,250.0,160.0,2.0,10.0,13.0,22.0,25.0,30.0,34.0,38.0,40.0,51.0,79.0,81.0
354.0,305.0,60.0,183.0,393.0,30.0,325.0,124.0,3.0,10.0,13.0,21.0,25.0,31.0,34.0,37.0,40.0,59.0,73.0,81.0
63.0,22.0,30.0,39.0,25.0,10.0,0.0,0.0,2.0,9.0,11.0,21.0,25.0,32.0,34.0,37.0,40.0,59.0,77.0,82.0
104.0,23.0,120.0,48.0,34.0,10.0,70.0,32.0,3.0,9.0,11.0,21.0,24.0,29.0,34.0,38.0,40.0,42.0,72.0,81.0
283.0,72.0,60.0,95.0,105.0,30.0,320.0,170.0,3.0,9.0,11.0,21.0,24.0,28.0,33.0,37.0,40.0,59.0,72.0,81.0
215.0,60.0,60.0,77.0,80.0,30.0,182.0,64.0,0.0,9.0,15.0,22.0,25.0,29.0,34.0,38.0,40.0,52.0,61.0,81.0
227.0,119.0,120.0,145.0,123.0,30.0,140.0,90.0,3.0,9.0,13.0,21.0,25.0,30.0,34.0,38.0,40.0,57.0,60.0,81.0
224.0,113.0,60.0,114.0,118.0,20.0,168.0,132.0,2.0,10.0,11.0,22.0,25.0,30.0,34.0,38.0,40.0,52.0,65.0,81.0
125.0,56.0,30.0,101.0,62.0,10.0,64.0,45.0,3.0,9.0,13.0,21.0,24.0,30.0,34.0,38.0,40.0,59.0,65.0,81.0
125.0,5040.0,120.0,85.0,6720.0,10.0,64.0,50.0,0.0,10.0,16.0,22.0,25.0,29.0,34.0,38.0,41.0,42.0,61.0,81.0
201.0,46.0,60.0,117.0,53.0,10.0,104.0,70.0,3.0,9.0,11.0,21.0,25.0,29.0,34.0,37.0,40.0,42.0,61.0,81.0
314.0,156.0,30.0,115.0,182.0,30.0,377.0,172.0,1.0,9.0,13.0,23.0,25.0,28.0,34.0,37.0,40.0,59.0,72.0,81.0
43.0,173.0,60.0,24.0,208.0,20.0,52.0,20.0,1.0,9.0,18.0,21.0,25.0,27.0,33.0,39.0,40.0,57.0,79.0,82.0
109.0,96.0,120.0,69.0,123.0,10.0,80.0,60.0,0.0,9.0,13.0,21.0,24.0,29.0,34.0,37.0,40.0,43.0,74.0,81.0
71.0,5040.0,120.0,38.0,5040.0,30.0,0.0,0.0,1.0,10.0,16.0,22.0,25.0,28.0,34.0,38.0,41.0,59.0,77.0,82.0
292.0,109.0,120.0,121.0,150.0,10.0,286.0,175.0,2.0,10.0,11.0,22.0,24.0,29.0,34.0,38.0,40.0,47.0,79.0,81.0
204.0,122.0,120.0,113.0,147.0,20.0,88.0,64.0,2.0,10.0,13.0,22.0,24.0,30.0,34.0,38.0,40.0,59.0,61.0,81.0
100.0,40.0,60.0,59.0,45.0,20.0,130.0,60.0,2.0,9.0,11.0,22.0,24.0,28.0,34.0,38.0,40.0,43.0,60.0,81.0
171.0,109.0,30.0,92.0,116.0,30.0,96.0,104.0,2.0,9.0,13.0,21.0,24.0,28.0,34.0,37.0,40.0,43.0,60.0,81.0
250.0,97.0,60.0,102.0,112.0,10.0,144.0,115.0,0.0,10.0,11.0,22.0,24.0,29.0,34.0,38.0,40.0,57.0,60.0,81.0
114.0,80.0,30.0,49.0,106.0,20.0,96.0,64.0,2.0,9.0,13.0,20.0,24.0,30.0,34.0,35.0,40.0,59.0,61.0,81.0
260.0,94.0,120.0,120.0,127.0,10.0,273.0,214.0,2.0,10.0,11.0,22.0,25.0,30.0,34.0,38.0,40.0,52.0,65.0,81.0
320.0,179.0,60.0,145.0,194.0,20.0,216.0,168.0,3.0,9.0,13.0,21.0,25.0,28.0,34.0,38.0,40.0,57.0,72.0,81.0
138.0,39.0,60.0,120.0,57.0,30.0,32.0,39.0,0.0,9.0,13.0,21.0,24.0,29.0,34.0,38.0,40.0,59.0,77.0,81.0
106.0,42.0,30.0,37.0,49.0,30.0,72.0,65.0,2.0,9.0,11.0,21.0,24.0,30.0,34.0,37.0,40.0,43.0,60.0,81.0
224.0,189.0,30.0,88.0,210.0,10.0,200.0,108.0,2.0,10.0,13.0,21.0,25.0,28.0,34.0,39.0,40.0,42.0,77.0,81.0
159.0,142.0,60.0,53.0,162.0,10.0,104.0,75.0,2.0,10.0,13.0,20.0,24.0,29.0,34.0,35.0,40.0,43.0,79.0,81.0
152.0,85.0,60.0,115.0,84.0,10.0,150.0,72.0,2.0,10.0,11.0,22.0,25.0,29.0,34.0,39.0,40.0,43.0,72.0,81.0
92.0,72.0,120.0,37.0,84.0,20.0,117.0,65.0,2.0,10.0,11.0,21.0,24.0,29.0,34.0,38.0,40.0,42.0,61.0,81.0
179.0,76.0,120.0,60.0,109.0,10.0,140.0,72.0,4.0,10.0,11.0,22.0,25.0,30.0,34.0,38.0,40.0,43.0,70.0,81.0
113.0,3120.0,60.0,55.0,3120.0,20.0,60.0,40.0,0.0,9.0,16.0,23.0,25.0,29.0,34.0,38.0,41.0,42.0,61.0,81.0
209.0,67.0,60.0,100.0,76.0,20.0,120.0,97.0,3.0,10.0,11.0,21.0,24.0,30.0,34.0,37.0,40.0,59.0,61.0,81.0
61.0,17.0,30.0,32.0,20.0,10.0,0.0,0.0,1.0,10.0,12.0,22.0,25.0,29.0,34.0,38.0,40.0,59.0,77.0,81.0
70.0,2220.0,30.0,54.0,2220.0,10.0,65.0,32.0,2.0,9.0,17.0,21.0,25.0,27.0,34.0,36.0,41.0,42.0,72.0,81.0
114.0,18.0,30.0,58.0,21.0,30.0,0.0,0.0,2.0,9.0,12.0,21.0,25.0,28.0,33.0,39.0,40.0,52.0,64.0,82.0
328.0,83.0,30.0,101.0,100.0,10.0,0.0,0.0,1.0,10.0,15.0,22.0,25.0,27.0,34.0,39.0,40.0,52.0,79.0,81.0
143.0,47.0,30.0,74.0,70.0,20.0,0.0,0.0,2.0,9.0,13.0,21.0,25.0,27.0,33.0,36.0,40.0,52.0,60.0,81.0
215.0,101.0,60.0,76.0,137.0,30.0,195.0,72.0,2.0,10.0,11.0,22.0,25.0,28.0,34.0,38.0,40.0,52.0,61.0,81.0
75.0,3780.0,60.0,24.0,6720.0,30.0,56.0,182.0,5.0,10.0,16.0,22.0,25.0,29.0,34.0,38.0,41.0,43.0,77.0,82.0
125.0,82.0,60.0,44.0,84.0,20.0,88.0,56.0,3.0,10.0,11.0,21.0,25.0,28.0,34.0,38.0,40.0,59.0,61.0,81.0
205.0,67.0,60.0,120.0,74.0,20.0,100.0,78.0,0.0,10.0,11.0,21.0,24.0,28.0,33.0,37.0,40.0,57.0,61.0,81.0
97.0,60.0,60.0,49.0,65.0,10.0,70.0,22.0,0.0,9.0,15.0,22.0,25.0,28.0,34.0,37.0,40.0,57.0,61.0,82.0
185.0,50.0,120.0,146.0,54.0,30.0,112.0,123.0,3.0,9.0,11.0,21.0,24.0,31.0,34.0,37.0,40.0,42.0,77.0,81.0
182.0,74.0,120.0,81.0,99.0,10.0,168.0,145.0,3.0,9.0,11.0,23.0,24.0,29.0,34.0,37.0,40.0,59.0,60.0,81.0
215.0,56.0,60.0,163.0,66.0,30.0,170.0,95.0,2.0,9.0,11.0,23.0,25.0,29.0,34.0,38.0,40.0,43.0,75.0,81.0
130.0,80.0,30.0,67.0,90.0,10.0,100.0,48.0,1.0,9.0,13.0,21.0,25.0,30.0,34.0,37.0,40.0,43.0,60.0,81.0
82.0,3120.0,60.0,34.0,3380.0,10.0,80.0,32.0,2.0,9.0,16.0,21.0,24.0,30.0,33.0,37.0,41.0,43.0,77.0,82.0
51.0,174.0,120.0,28.0,226.0,20.0,0.0,0.0,0.0,10.0,18.0,22.0,25.0,29.0,33.0,37.0,40.0,59.0,77.0,81.0
120.0,76.0,30.0,49.0,86.0,10.0,90.0,40.0,3.0,9.0,13.0,21.0,24.0,28.0,34.0,37.0,40.0,43.0,60.0,81.0
157.0,106.0,30.0,58.0,112.0,10.0,221.0,136.0,2.0,10.0,11.0,22.0,24.0,28.0,34.0,37.0,40.0,57.0,60.0,81.0
160.0,91.0,60.0,134.0,99.0,30.0,117.0,52.0,3.0,9.0,13.0,21.0,25.0,28.0,34.0,36.0,40.0,59.0,65.0,81.0
94.0,102.0,120.0,39.0,130.0,20.0,91.0,45.0,2.0,10.0,13.0,21.0,25.0,30.0,33.0,39.0,40.0,57.0,61.0,81.0
200.0,105.0,60.0,71.0,146.0,30.0,190.0,140.0,2.0,10.0,11.0,22.0,24.0,28.0,34.0,38.0,40.0,59.0,60.0,81.0
212.0,49.0,30.0,146.0,53.0,10.0,180.0,76.0,2.0,9.0,11.0,22.0,24.0,29.0,34.0,37.0,40.0,57.0,60.0,81.0
177.0,75.0,60.0,77.0,108.0,10.0,195.0,130.0,0.0,10.0,15.0,22.0,25.0,28.0,34.0,38.0,40.0,57.0,60.0,81.0
189.0,79.0,120.0,145.0,105.0,10.0,200.0,88.0,2.0,10.0,11.0,22.0,24.0,28.0,34.0,38.0,40.0,48.0,75.0,81.0
182.0,210.0,30.0,71.0,293.0,20.0,168.0,128.0,3.0,10.0,13.0,22.0,24.0,31.0,34.0,37.0,40.0,59.0,60.0,81.0
92.0,107.0,30.0,37.0,130.0,10.0,72.0,50.0,2.0,10.0,13.0,23.0,25.0,28.0,34.0,37.0,40.0,42.0,61.0,81.0
135.0,76.0,30.0,132.0,90.0,20.0,72.0,52.0,3.0,9.0,13.0,21.0,25.0,28.0,34.0,36.0,40.0,59.0,65.0,81.0
112.0,26.0,60.0,59.0,38.0,30.0,0.0,0.0,2.0,9.0,11.0,21.0,25.0,27.0,34.0,36.0,40.0,42.0,72.0,81.0
202.0,108.0,60.0,144.0,109.0,20.0,136.0,80.0,2.0,10.0,11.0,22.0,25.0,28.0,34.0,37.0,40.0,52.0,61.0,81.0
141.0,2340.0,120.0,69.0,3380.0,20.0,72.0,44.0,0.0,9.0,16.0,22.0,25.0,29.0,34.0,38.0,41.0,42.0,61.0,82.0
151.0,34.0,120.0,93.0,45.0,10.0,110.0,56.0,1.0,9.0,11.0,21.0,25.0,31.0,34.0,37.0,40.0,57.0,61.0,81.0
92.0,54.0,60.0,41.0,68.0,10.0,117.0,65.0,2.0,10.0,11.0,23.0,24.0,29.0,34.0,38.0,40.0,43.0,60.0,81.0
266.0,56.0,120.0,111.0,66.0,20.0,152.0,104.0,2.0,9.0,11.0,21.0,25.0,30.0,33.0,37.0,40.0,59.0,60.0,82.0
178.0,211.0,30.0,116.0,218.0,10.0,234.0,143.0,0.0,10.0,13.0,21.0,25.0,29.0,33.0,38.0,40.0,59.0,62.0,81.0
151.0,108.0,30.0,112.0,132.0,20.0,136.0,88.0,0.0,9.0,13.0,22.0,25.0,29.0,34.0,39.0,40.0,43.0,73.0,81.0
116.0,74.0,120.0,40.0,80.0,30.0,80.0,55.0,2.0,9.0,13.0,22.0,24.0,29.0,34.0,37.0,40.0,57.0,61.0,81.0
107.0,4200.0,60.0,63.0,5040.0,20.0,0.0,0.0,2.0,10.0,16.0,21.0,25.0,30.0,34.0,38.0,41.0,43.0,60.0,82.0
190.0,46.0,30.0,116.0,58.0,30.0,88.0,84.0,3.0,9.0,11.0,21.0,25.0,29.0,34.0,37.0,40.0,43.0,60.0,81.0
182.0,108.0,120.0,74.0,122.0,20.0,208.0,95.0,3.0,10.0,11.0,21.0,25.0,30.0,34.0,37.0,40.0,42.0,77.0,81.0
101.0,22.0,60.0,31.0,29.0,10.0,0.0,0.0,2.0,10.0,12.0,21.0,25.0,28.0,33.0,36.0,40.0,52.0,60.0,81.0
64.0,3780.0,30.0,40.0,5040.0,10.0,40.0,30.0,1.0,10.0,16.0,22.0,25.0,30.0,33.0,37.0,41.0,57.0,79.0,82.0
112.0,3780.0,30.0,57.0,5040.0,10.0,96.0,75.0,0.0,10.0,16.0,21.0,25.0,29.0,34.0,38.0,41.0,43.0,60.0,82.0
108.0,3120.0,120.0,36.0,3120.0,30.0,0.0,0.0,1.0,9.0,16.0,21.0,25.0,28.0,34.0,36.0,41.0,43.0,77.0,82.0
201.0,55.0,60.0,124.0,66.0,30.0,169.0,56.0,3.0,9.0,11.0,21.0,25.0,29.0,34.0,37.0,40.0,42.0,61.0,81.0
164.0,52.0,60.0,56.0,72.0,30.0,170.0,105.0,2.0,9.0,11.0,23.0,25.0,28.0,34.0,37.0,40.0,42.0,77.0,81.0
253.0,146.0,60.0,172.0,155.0,20.0,140.0,117.0,2.0,10.0,13.0,22.0,25.0,28.0,34.0,38.0,40.0,52.0,68.0,81.0
150.0,158.0,60.0,50.0,225.0,30.0,136.0,143.0,0.0,10.0,13.0,23.0,24.0,29.0,34.0,38.0,40.0,57.0,60.0,81.0
67.0,252.0,30.0,41.0,328.0,30.0,0.0,0.0,1.0,9.0,18.0,21.0,25.0,28.0,33.0,36.0,40.0,57.0,79.0,82.0
298.0,64.0,120.0,209.0,72.0,20.0,180.0,169.0,3.0,9.0,11.0,21.0,25.0,28.0,33.0,37.0,40.0,42.0,77.0,81.0
182.0,252.0,30.0,63.0,266.0,10.0,273.0,175.0,2.0,10.0,13.0,22.0,24.0,30.0,34.0,38.0,40.0,59.0,60.0,81.0
247.0,131.0,30.0,92.0,178.0,20.0,200.0,175.0,2.0,10.0,11.0,22.0,24.0,30.0,34.0,38.0,40.0,57.0,72.0,81.0
118.0,72.0,60.0,73.0,86.0,10.0,130.0,84.0,2.0,9.0,13.0,22.0,24.0,29.0,34.0,39.0,40.0,43.0,60.0,81.0
104.0,3120.0,30.0,35.0,3380.0,30.0,88.0,130.0,1.0,9.0,16.0,21.0,25.0,28.0,34.0,37.0,41.0,42.0,61.0,81.0
299.0,154.0,60.0,126.0,215.0,30.0,286.0,104.0,2.0,9.0,13.0,22.0,25.0,29.0,34.0,37.0,40.0,55.0,77.0,81.0
77.0,16.0,30.0,55.0,23.0,20.0,70.0,19.0,5.0,9.0,12.0,21.0,25.0,29.0,34.0,37.0,40.0,59.0,77.0,82.0
58.0,2610.0,30.0,39.0,3770.0,30.0,0.0,0.0,2.0,10.0,17.0,21.0,25.0,31.0,33.0,39.0,41.0,57.0,79.0,81.0
250.0,225.0,60.0,122.0,254.0,20.0,299.0,155.0,2.0,10.0,13.0,22.0,25.0,29.0,34.0,38.0,40.0,52.0,77.0,81.0
257.0,112.0,120.0,141.0,140.0,20.0,240.0,182.0,2.0,10.0,11.0,22.0,24.0,29.0,34.0,38.0,40.0,52.0,77.0,81.0
626.0,131.0,120.0,406.0,155.0,20.0,264.0,176.0,3.0,10.0,11.0,21.0,24.0,30.0,34.0,38.0,40.0,59.0,73.0,81.0
92.0,3480.0,30.0,41.0,4640.0,20.0,0.0,0.0,2.0,10.0,17.0,21.0,25.0,31.0,33.0,36.0,41.0,42.0,61.0,82.0
150.0,158.0,60.0,50.0,225.0,30.0,136.0,162.0,2.0,10.0,13.0,22.0,25.0,29.0,34.0,37.0,40.0,57.0,60.0,81.0
120.0,50.0,60.0,77.0,54.0,10.0,110.0,52.0,2.0,9.0,11.0,22.0,24.0,28.0,34.0,37.0,40.0,52.0,61.0,81.0
95.0,2220.0,30.0,46.0,2220.0,10.0,0.0,0.0,2.0,9.0,17.0,22.0,25.0,27.0,33.0,36.0,41.0,52.0,60.0,81.0
126.0,163.0,30.0,58.0,176.0,30.0,80.0,71.0,2.0,10.0,13.0,22.0,24.0,30.0,34.0,38.0,40.0,43.0,60.0,81.0
151.0,103.0,30.0,59.0,144.0,20.0,136.0,84.0,2.0,9.0,13.0,22.0,25.0,30.0,33.0,37.0,40.0,57.0,60.0,81.0
55.0,2610.0,120.0,34.0,3480.0,30.0,52.0,48.0,2.0,10.0,17.0,21.0,25.0,31.0,34.0,37.0,41.0,59.0,77.0,81.0
54.0,26.0,30.0,30.0,32.0,10.0,32.0,35.0,0.0,10.0,11.0,21.0,24.0,30.0,34.0,38.0,40.0,57.0,79.0,81.0
257.0,110.0,60.0,84.0,165.0,30.0,216.0,234.0,2.0,10.0,11.0,22.0,24.0,28.0,34.0,38.0,40.0,52.0,79.0,81.0
56.0,100.0,120.0,37.0,133.0,10.0,96.0,110.0,1.0,10.0,15.0,22.0,25.0,28.0,34.0,38.0,40.0,54.0,79.0,81.0
61.0,3120.0,30.0,38.0,3120.0,10.0,0.0,0.0,0.0,9.0,16.0,21.0,24.0,28.0,33.0,39.0,41.0,59.0,77.0,81.0
61.0,1350.0,30.0,28.0,2400.0,20.0,65.0,30.0,1.0,9.0,19.0,22.0,25.0,27.0,33.0,36.0,41.0,57.0,79.0,81.0
206.0,110.0,30.0,65.0,127.0,30.0,120.0,130.0,3.0,10.0,11.0,21.0,25.0,31.0,34.0,38.0,40.0,42.0,77.0,81.0
203.0,110.0,30.0,107.0,146.0,20.0,180.0,182.0,2.0,10.0,11.0,21.0,24.0,29.0,34.0,38.0,40.0,57.0,60.0,81.0
231.0,116.0,30.0,87.0,133.0,30.0,144.0,149.0,2.0,10.0,11.0,22.0,25.0,29.0,34.0,38.0,40.0,57.0,60.0,81.0
82.0,38.0,120.0,34.0,44.0,30.0,91.0,32.0,1.0,10.0,11.0,20.0,24.0,29.0,34.0,35.0,40.0,43.0,77.0,81.0
129.0,100.0,30.0,78.0,123.0,20.0,90.0,78.0,6.0,9.0,13.0,21.0,25.0,28.0,33.0,37.0,40.0,43.0,64.0,82.0
116.0,31.0,60.0,99.0,36.0,10.0,70.0,36.0,3.0,9.0,11.0,21.0,25.0,28.0,33.0,36.0,40.0,59.0,77.0,81.0
117.0,43.0,60.0,59.0,48.0,20.0,0.0,0.0,0.0,9.0,11.0,22.0,25.0,29.0,33.0,37.0,40.0,42.0,61.0,81.0
213.0,92.0,120.0,173.0,105.0,20.0,160.0,123.0,3.0,10.0,11.0,21.0,25.0,29.0,34.0,38.0,40.0,53.0,61.0,81.0
177.0,88.0,120.0,77.0,99.0,30.0,136.0,143.0,2.0,10.0,11.0,23.0,25.0,29.0,34.0,38.0,40.0,57.0,60.0,81.0
147.0,111.0,30.0,115.0,121.0,10.0,90.0,48.0,0.0,10.0,13.0,22.0,25.0,29.0,34.0,38.0,40.0,59.0,65.0,81.0
252.0,175.0,30.0,100.0,245.0,20.0,234.0,125.0,2.0,10.0,13.0,22.0,24.0,30.0,34.0,38.0,40.0,57.0,60.0,81.0
128.0,5040.0,120.0,56.0,5040.0,30.0,0.0,0.0,2.0,10.0,16.0,21.0,25.0,30.0,34.0,38.0,41.0,43.0,60.0,82.0
322.0,134.0,30.0,180.0,146.0,30.0,184.0,188.0,3.0,10.0,11.0,21.0,25.0,31.0,34.0,38.0,40.0,57.0,72.0,81.0
111.0,1429.0,120.0,44.0,2286.0,10.0,91.0,52.0,2.0,10.0,18.0,21.0,25.0,29.0,34.0,37.0,41.0,42.0,72.0,82.0
108.0,76.0,30.0,64.0,103.0,20.0,80.0,56.0,0.0,9.0,13.0,21.0,25.0,29.0,33.0,37.0,40.0,42.0,61.0,81.0
191.0,127.0,60.0,77.0,139.0,20.0,136.0,88.0,0.0,9.0,13.0,22.0,25.0,28.0,34.0,38.0,40.0,57.0,60.0,81.0
233.0,203.0,30.0,167.0,218.0,10.0,195.0,117.0,3.0,10.0,13.0,21.0,25.0,30.0,34.0,37.0,40.0,59.0,61.0,81.0
121.0,72.0,30.0,66.0,83.0,10.0,80.0,60.0,2.0,9.0,13.0,21.0,25.0,29.0,34.0,37.0,40.0,43.0,60.0,81.0
67.0,235.0,30.0,41.0,305.0,30.0,78.0,24.0,1.0,9.0,18.0,22.0,25.0,28.0,33.0,37.0,40.0,59.0,77.0,82.0
351.0,253.0,120.0,214.0,337.0,10.0,310.0,136.0,3.0,10.0,13.0,22.0,24.0,29.0,34.0,38.0,40.0,59.0,73.0,81.0
84.0,18.0,60.0,66.0,23.0,30.0,80.0,52.0,1.0,9.0,12.0,22.0,26.0,28.0,34.0,39.0,40.0,58.0,79.0,82.0
194.0,126.0,30.0,77.0,137.0,10.0,260.0,162.0,2.0,10.0,11.0,22.0,25.0,30.0,34.0,38.0,40.0,42.0,79.0,81.0
105.0,156.0,60.0,60.0,176.0,10.0,0.0,0.0,0.0,10.0,13.0,22.0,25.0,28.0,33.0,38.0,40.0,42.0,61.0,82.0
151.0,23.0,60.0,103.0,28.0,10.0,143.0,39.0,0.0,9.0,12.0,22.0,25.0,28.0,33.0,36.0,40.0,42.0,61.0,81.0
160.0,17.0,30.0,55.0,31.0,20.0,156.0,85.0,3.0,10.0,16.0,21.0,25.0,30.0,34.0,37.0,40.0,43.0,79.0,81.0
79.0,3120.0,60.0,53.0,3120.0,20.0,0.0,0.0,2.0,9.0,16.0,21.0,25.0,27.0,33.0,36.0,41.0,57.0,79.0,81.0
206.0,131.0,60.0,103.0,150.0,10.0,220.0,108.0,1.0,10.0,11.0,21.0,25.0,30.0,34.0,37.0,40.0,42.0,79.0,81.0
236.0,252.0,60.0,81.0,337.0,30.0,273.0,108.0,2.0,10.0,13.0,22.0,24.0,30.0,34.0,38.0,40.0,59.0,60.0,81.0
63.0,13.0,30.0,42.0,15.0,10.0,65.0,31.0,1.0,9.0,12.0,22.0,25.0,27.0,34.0,36.0,40.0,59.0,77.0,81.0
98.0,42.0,30.0,53.0,54.0,20.0,80.0,52.0,2.0,9.0,11.0,22.0,25.0,28.0,34.0,37.0,40.0,43.0,60.0,81.0
105.0,2600.0,60.0,63.0,3120.0,20.0,78.0,35.0,6.0,9.0,16.0,21.0,25.0,27.0,34.0,36.0,41.0,42.0,72.0,82.0
102.0,5040.0,60.0,39.0,6720.0,30.0,78.0,24.0,1.0,10.0,16.0,22.0,25.0,28.0,34.0,38.0,41.0,42.0,72.0,81.0
236.0,45.0,60.0,149.0,49.0,10.0,96.0,80.0,3.0,9.0,11.0,21.0,25.0,28.0,34.0,39.0,40.0,43.0,77.0,81.0
67.0,25.0,60.0,43.0,34.0,30.0,60.0,40.0,2.0,9.0,11.0,21.0,25.0,30.0,33.0,37.0,40.0,59.0,77.0,81.0
49.0,235.0,120.0,27.0,282.0,30.0,32.0,39.0,1.0,9.0,18.0,21.0,25.0,28.0,34.0,37.0,40.0,59.0,77.0,81.0
110.0,3780.0,120.0,66.0,5040.0,30.0,0.0,0.0,2.0,10.0,16.0,21.0,25.0,31.0,33.0,36.0,41.0,42.0,70.0,81.0
193.0,176.0,30.0,64.0,194.0,10.0,170.0,84.0,2.0,10.0,13.0,23.0,24.0,29.0,34.0,38.0,40.0,57.0,60.0,81.0
115.0,74.0,120.0,70.0,84.0,20.0,110.0,84.0,2.0,10.0,11.0,22.0,25.0,30.0,34.0,37.0,40.0,43.0,60.0,81.0
157.0,64.0,60.0,115.0,84.0,30.0,108.0,91.0,0.0,10.0,11.0,22.0,25.0,28.0,33.0,37.0,40.0,43.0,63.0,82.0
133.0,2340.0,120.0,52.0,4160.0,10.0,0.0,0.0,1.0,9.0,16.0,21.0,25.0,28.0,34.0,39.0,41.0,43.0,79.0,81.0
84.0,2610.0,60.0,66.0,4640.0,30.0,64.0,58.0,2.0,10.0,17.0,21.0,25.0,31.0,33.0,36.0,41.0,59.0,78.0,82.0
153.0,41.0,30.0,124.0,49.0,30.0,130.0,70.0,3.0,9.0,11.0,21.0,25.0,29.0,34.0,37.0,40.0,42.0,61.0,81.0
252.0,225.0,60.0,149.0,293.0,30.0,240.0,140.0,2.0,10.0,13.0,22.0,25.0,30.0,34.0,38.0,40.0,57.0,72.0,81.0
164.0,47.0,30.0,56.0,53.0,10.0,136.0,105.0,2.0,9.0,11.0,23.0,25.0,28.0,34.0,37.0,40.0,42.0,77.0,81.0
246.0,122.0,60.0,128.0,146.0,20.0,351.0,160.0,2.0,10.0,11.0,23.0,25.0,29.0,34.0,38.0,40.0,59.0,72.0,81.0
102.0,48.0,30.0,47.0,57.0,10.0,56.0,40.0,0.0,9.0,13.0,23.0,24.0,31.0,33.0,36.0,40.0,57.0,61.0,81.0
230.0,127.0,60.0,123.0,149.0,30.0,221.0,88.0,3.0,9.0,13.0,21.0,25.0,30.0,33.0,37.0,40.0,59.0,67.0,81.0
133.0,54.0,120.0,77.0,66.0,10.0,0.0,0.0,2.0,9.0,11.0,21.0,26.0,29.0,33.0,36.0,40.0,59.0,61.0,81.0
200.0,105.0,120.0,81.0,118.0,30.0,160.0,149.0,2.0,10.0,11.0,22.0,24.0,29.0,34.0,38.0,40.0,59.0,60.0,81.0
153.0,163.0,30.0,102.0,210.0,20.0,0.0,0.0,2.0,10.0,13.0,21.0,25.0,29.0,34.0,38.0,40.0,42.0,61.0,82.0
182.0,43.0,30.0,101.0,48.0,10.0,90.0,40.0,3.0,9.0,11.0,21.0,25.0,28.0,34.0,36.0,40.0,43.0,60.0,81.0
125.0,72.0,120.0,44.0,99.0,10.0,110.0,56.0,3.0,9.0,13.0,21.0,25.0,31.0,34.0,37.0,40.0,59.0,61.0,81.0
240.0,92.0,60.0,89.0,112.0,10.0,144.0,110.0,2.0,10.0,11.0,22.0,24.0,30.0,34.0,38.0,40.0,42.0,77.0,81.0
150.0,194.0,120.0,117.0,225.0,10.0,112.0,85.0,2.0,10.0,13.0,21.0,25.0,28.0,34.0,37.0,40.0,42.0,77.0,81.0
207.0,17.0,60.0,66.0,23.0,20.0,170.0,123.0,0.0,10.0,16.0,21.0,24.0,28.0,34.0,38.0,40.0,57.0,60.0,81.0
196.0,50.0,60.0,160.0,64.0,30.0,136.0,123.0,2.0,9.0,11.0,23.0,25.0,29.0,34.0,38.0,40.0,43.0,75.0,81.0
267.0,284.0,30.0,156.0,310.0,10.0,351.0,234.0,2.0,10.0,13.0,22.0,24.0,29.0,34.0,39.0,40.0,55.0,79.0,81.0
197.0,432.0,30.0,112.0,624.0,30.0,180.0,150.0,2.0,10.0,19.0,21.0,25.0,28.0,34.0,37.0,40.0,43.0,70.0,81.0
257.0,60.0,120.0,102.0,60.0,30.0,160.0,105.0,0.0,9.0,18.0,22.0,24.0,29.0,33.0,38.0,40.0,42.0,77.0,82.0
110.0,5040.0,60.0,66.0,5460.0,10.0,0.0,0.0,2.0,10.0,16.0,21.0,25.0,31.0,33.0,36.0,41.0,42.0,70.0,82.0
257.0,62.0,120.0,170.0,72.0,20.0,220.0,234.0,2.0,9.0,11.0,22.0,25.0,29.0,34.0,37.0,40.0,58.0,60.0,81.0
147.0,77.0,60.0,108.0,91.0,10.0,169.0,84.0,3.0,9.0,13.0,21.0,24.0,30.0,34.0,38.0,40.0,42.0,65.0,81.0
90.0,266.0,30.0,41.0,266.0,10.0,78.0,52.0,0.0,10.0,18.0,22.0,25.0,29.0,34.0,38.0,40.0,52.0,60.0,81.0
118.0,23.0,60.0,49.0,28.0,20.0,80.0,52.0,0.0,9.0,11.0,21.0,24.0,30.0,34.0,38.0,40.0,43.0,77.0,81.0
106.0,63.0,60.0,37.0,76.0,20.0,90.0,71.0,0.0,9.0,13.0,21.0,24.0,30.0,34.0,37.0,40.0,43.0,60.0,81.0
76.0,15.0,60.0,38.0,18.0,10.0,56.0,60.0,2.0,9.0,12.0,21.0,25.0,30.0,34.0,39.0,40.0,59.0,77.0,81.0
124.0,64.0,120.0,89.0,74.0,30.0,130.0,52.0,2.0,10.0,11.0,23.0,25.0,29.0,34.0,37.0,40.0,43.0,60.0,81.0
183.0,92.0,60.0,105.0,105.0,20.0,208.0,95.0,2.0,10.0,11.0,22.0,25.0,28.0,34.0,37.0,40.0,52.0,65.0,81.0
238.0,49.0,30.0,174.0,53.0,10.0,140.0,64.0,3.0,9.0,11.0,21.0,25.0,30.0,34.0,37.0,40.0,42.0,65.0,81.0
116.0,54.0,120.0,51.0,68.0,20.0,48.0,40.0,0.0,10.0,11.0,22.0,25.0,29.0,33.0,37.0,40.0,42.0,61.0,82.0
75.0,2600.0,120.0,55.0,3380.0,20.0,60.0,52.0,1.0,9.0,16.0,22.0,25.0,28.0,33.0,36.0,41.0,57.0,79.0,81.0
220.0,4200.0,60.0,128.0,5460.0,10.0,0.0,0.0,2.0,10.0,16.0,21.0,24.0,31.0,34.0,36.0,41.0,43.0,73.0,81.0
166.0,95.0,120.0,75.0,111.0,30.0,208.0,84.0,2.0,9.0,13.0,21.0,25.0,28.0,33.0,39.0,40.0,57.0,60.0,81.0
108.0,91.0,120.0,68.0,116.0,10.0,80.0,55.0,3.0,9.0,13.0,21.0,25.0,30.0,34.0,37.0,40.0,43.0,60.0,81.0
55.0,3480.0,60.0,34.0,3770.0,10.0,40.0,48.0,2.0,10.0,17.0,21.0,25.0,31.0,34.0,37.0,41.0,59.0,77.0,82.0
114.0,96.0,30.0,44.0,99.0,10.0,143.0,97.0,3.0,9.0,13.0,21.0,24.0,29.0,33.0,36.0,40.0,59.0,61.0,81.0
54.0,1500.0,60.0,30.0,2400.0,30.0,50.0,30.0,1.0,9.0,19.0,22.0,25.0,27.0,33.0,36.0,41.0,57.0,79.0,81.0
109.0,2340.0,30.0,37.0,4160.0,20.0,117.0,50.0,0.0,9.0,16.0,22.0,25.0,28.0,34.0,38.0,41.0,42.0,61.0,81.0
96.0,34.0,120.0,51.0,40.0,30.0,130.0,48.0,2.0,9.0,11.0,21.0,25.0,29.0,34.0,38.0,40.0,43.0,60.0,81.0
35.0,12.0,30.0,12.0,14.0,10.0,0.0,0.0,2.0,9.0,12.0,21.0,25.0,27.0,34.0,36.0,40.0,59.0,77.0,81.0
77.0,52.0,120.0,55.0,57.0,30.0,56.0,52.0,3.0,9.0,13.0,21.0,25.0,31.0,34.0,36.0,40.0,59.0,77.0,81.0
195.0,50.0,60.0,152.0,64.0,30.0,140.0,90.0,3.0,9.0,11.0,21.0,25.0,31.0,33.0,39.0,40.0,57.0,74.0,81.0
148.0,2900.0,120.0,104.0,3770.0,20.0,0.0,0.0,2.0,10.0,17.0,21.0,25.0,31.0,33.0,36.0,41.0,43.0,72.0,81.0
80.0,49.0,120.0,54.0,86.0,10.0,0.0,0.0,2.0,9.0,19.0,21.0,25.0,27.0,34.0,36.0,40.0,57.0,79.0,81.0
233.0,111.0,60.0,82.0,132.0,10.0,128.0,100.0,3.0,9.0,13.0,21.0,25.0,28.0,34.0,37.0,40.0,57.0,60.0,81.0
109.0,3120.0,60.0,65.0,3380.0,10.0,90.0,44.0,0.0,9.0,16.0,22.0,25.0,29.0,34.0,38.0,41.0,42.0,61.0,82.0
148.0,203.0,120.0,126.0,245.0,10.0,112.0,105.0,3.0,10.0,13.0,21.0,24.0,30.0,34.0,37.0,40.0,52.0,65.0,81.0
54.0,17.0,60.0,30.0,26.0,30.0,0.0,0.0,1.0,10.0,12.0,22.0,25.0,29.0,34.0,38.0,40.0,59.0,77.0,81.0
114.0,83.0,30.0,70.0,108.0,20.0,72.0,40.0,1.0,9.0,13.0,21.0,25.0,28.0,34.0,36.0,40.0,54.0,61.0,81.0
108.0,48.0,60.0,57.0,56.0,10.0,91.0,52.0,2.0,10.0,11.0,21.0,24.0,31.0,34.0,38.0,40.0,57.0,61.0,81.0
101.0,3120.0,60.0,38.0,4160.0,30.0,0.0,0.0,0.0,9.0,16.0,21.0,25.0,28.0,33.0,37.0,41.0,52.0,60.0,81.0
224.0,58.0,60.0,149.0,66.0,20.0,234.0,100.0,0.0,9.0,11.0,21.0,25.0,28.0,34.0,37.0,40.0,57.0,69.0,81.0
130.0,65.0,30.0,102.0,71.0,30.0,0.0,0.0,1.0,10.0,11.0,21.0,25.0,28.0,34.0,39.0,40.0,48.0,79.0,81.0
228.0,45.0,60.0,112.0,56.0,20.0,140.0,97.0,3.0,9.0,11.0,21.0,24.0,28.0,34.0,37.0,40.0,52.0,61.0,81.0
76.0,70.0,120.0,43.0,77.0,30.0,60.0,30.0,1.0,10.0,13.0,22.0,25.0,28.0,33.0,37.0,40.0,57.0,79.0,82.0
90.0,2220.0,60.0,44.0,2405.0,10.0,0.0,0.0,2.0,9.0,17.0,21.0,25.0,27.0,34.0,36.0,41.0,42.0,72.0,82.0
117.0,3780.0,30.0,42.0,6720.0,20.0,117.0,50.0,1.0,10.0,16.0,21.0,25.0,28.0,34.0,37.0,41.0,43.0,60.0,81.0
61.0,1500.0,120.0,30.0,2400.0,10.0,65.0,39.0,1.0,9.0,19.0,22.0,25.0,27.0,33.0,36.0,41.0,57.0,79.0,82.0
236.0,105.0,60.0,63.0,122.0,10.0,200.0,130.0,3.0,10.0,11.0,21.0,24.0,30.0,33.0,37.0,40.0,42.0,79.0,81.0
196.0,76.0,30.0,133.0,92.0,10.0,140.0,68.0,2.0,10.0,11.0,22.0,24.0,29.0,34.0,37.0,40.0,43.0,75.0,81.0
333.0,104.0,30.0,165.0,144.0,20.0,247.0,110.0,3.0,9.0,13.0,21.0,25.0,28.0,33.0,37.0,40.0,52.0,61.0,81.0
148.0,2340.0,30.0,93.0,3120.0,10.0,72.0,60.0,0.0,9.0,16.0,22.0,25.0,29.0,34.0,38.0,41.0,54.0,61.0,82.0
90.0,38.0,30.0,85.0,42.0,10.0,130.0,52.0,2.0,9.0,11.0,21.0,25.0,31.0,33.0,39.0,40.0,59.0,65.0,81.0
97.0,65.0,60.0,42.0,84.0,30.0,90.0,75.0,2.0,10.0,11.0,23.0,25.0,29.0,34.0,38.0,40.0,43.0,60.0,81.0
245.0,252.0,120.0,175.0,322.0,10.0,168.0,140.0,2.0,10.0,13.0,22.0,25.0,28.0,33.0,38.0,40.0,57.0,72.0,81.0
51.0,19.0,120.0,32.0,31.0,10.0,40.0,30.0,0.0,9.0,11.0,21.0,24.0,29.0,33.0,36.0,40.0,59.0,77.0,81.0
170.0,82.0,30.0,87.0,88.0,30.0,72.0,65.0,2.0,10.0,11.0,22.0,25.0,28.0,33.0,37.0,40.0,42.0,61.0,81.0
154.0,90.0,120.0,84.0,99.0,30.0,112.0,97.0,3.0,9.0,13.0,21.0,24.0,30.0,34.0,38.0,40.0,59.0,61.0,81.0
199.0,127.0,120.0,86.0,144.0,20.0,0.0,0.0,2.0,9.0,13.0,21.0,25.0,28.0,34.0,37.0,40.0,52.0,61.0,81.0
121.0,5040.0,60.0,56.0,6720.0,30.0,156.0,64.0,0.0,10.0,16.0,22.0,25.0,29.0,34.0,38.0,41.0,43.0,60.0,81.0
148.0,2600.0,30.0,75.0,3120.0,10.0,0.0,0.0,0.0,9.0,16.0,21.0,25.0,28.0,33.0,36.0,41.0,42.0,72.0,81.0
232.0,184.0,60.0,81.0,218.0,10.0,120.0,80.0,2.0,10.0,13.0,22.0,24.0,28.0,34.0,37.0,40.0,42.0,77.0,81.0
141.0,91.0,60.0,68.0,116.0,30.0,130.0,44.0,3.0,9.0,13.0,21.0,25.0,30.0,34.0,37.0,40.0,43.0,60.0,81.0
245.0,202.0,60.0,95.0,293.0,30.0,168.0,175.0,3.0,10.0,13.0,21.0,25.0,30.0,34.0,38.0,40.0,57.0,72.0,81.0
268.0,75.0,30.0,116.0,133.0,20.0,0.0,0.0,2.0,10.0,15.0,21.0,25.0,31.0,33.0,39.0,40.0,57.0,60.0,81.0
208.0,47.0,120.0,119.0,66.0,10.0,130.0,64.0,3.0,9.0,11.0,21.0,24.0,30.0,34.0,37.0,40.0,52.0,61.0,81.0
217.0,211.0,120.0,104.0,245.0,20.0,208.0,105.0,2.0,10.0,13.0,22.0,25.0,29.0,34.0,38.0,40.0,43.0,72.0,81.0
249.0,38.0,30.0,191.0,45.0,30.0,0.0,0.0,2.0,9.0,11.0,21.0,24.0,28.0,33.0,37.0,40.0,43.0,60.0,82.0
89.0,26.0,120.0,40.0,32.0,20.0,0.0,0.0,2.0,9.0,11.0,21.0,25.0,28.0,33.0,36.0,40.0,52.0,60.0,81.0
106.0,72.0,120.0,34.0,78.0,30.0,90.0,50.0,2.0,10.0,11.0,23.0,24.0,29.0,34.0,38.0,40.0,43.0,60.0,81.0
511.0,329.0,60.0,333.0,402.0,30.0,377.0,140.0,2.0,10.0,13.0,22.0,25.0,29.0,33.0,37.0,40.0,57.0,73.0,81.0
277.0,119.0,30.0,133.0,133.0,30.0,160.0,143.0,2.0,10.0,11.0,22.0,25.0,28.0,34.0,37.0,40.0,57.0,72.0,81.0
79.0,557.0,30.0,57.0,742.0,20.0,0.0,0.0,1.0,10.0,18.0,22.0,25.0,29.0,33.0,36.0,40.0,58.0,79.0,82.0
225.0,111.0,60.0,75.0,132.0,10.0,136.0,135.0,0.0,9.0,13.0,22.0,24.0,29.0,34.0,37.0,40.0,57.0,64.0,81.0
117.0,3780.0,30.0,47.0,6720.0,20.0,104.0,30.0,0.0,10.0,16.0,22.0,25.0,28.0,34.0,37.0,41.0,42.0,72.0,81.0
182.0,148.0,30.0,63.0,156.0,10.0,273.0,201.0,2.0,9.0,13.0,23.0,24.0,30.0,34.0,37.0,40.0,59.0,60.0,81.0
34.0,35.0,60.0,10.0,56.0,30.0,40.0,80.0,1.0,10.0,19.0,21.0,25.0,29.0,34.0,38.0,40.0,57.0,79.0,81.0
148.0,1850.0,60.0,93.0,2960.0,30.0,0.0,0.0,6.0,9.0,17.0,21.0,26.0,27.0,34.0,36.0,41.0,43.0,60.0,81.0
199.0,94.0,30.0,108.0,127.0,20.0,128.0,80.0,2.0,10.0,11.0,22.0,25.0,29.0,34.0,38.0,40.0,43.0,72.0,81.0
525.0,131.0,60.0,406.0,155.0,10.0,429.0,286.0,3.0,10.0,11.0,21.0,24.0,30.0,34.0,38.0,40.0,59.0,73.0,81.0
170.0,111.0,30.0,80.0,149.0,20.0,128.0,84.0,3.0,9.0,13.0,21.0,24.0,28.0,34.0,37.0,40.0,57.0,60.0,81.0
134.0,48.0,30.0,59.0,53.0,30.0,72.0,78.0,6.0,9.0,11.0,21.0,25.0,27.0,34.0,36.0,40.0,42.0,61.0,81.0
236.0,284.0,60.0,133.0,322.0,10.0,250.0,120.0,2.0,10.0,13.0,22.0,24.0,29.0,34.0,38.0,40.0,52.0,79.0,81.0
246.0,49.0,60.0,151.0,53.0,10.0,112.0,95.0,1.0,9.0,11.0,21.0,25.0,27.0,33.0,37.0,40.0,57.0,67.0,81.0
161.0,83.0,120.0,63.0,108.0,20.0,150.0,130.0,0.0,10.0,15.0,22.0,25.0,28.0,34.0,38.0,40.0,57.0,60.0,81.0
220.0,68.0,30.0,159.0,70.0,10.0,273.0,162.0,2.0,9.0,11.0,21.0,24.0,28.0,34.0,37.0,40.0,54.0,79.0,81.0
95.0,121.0,60.0,82.0,136.0,20.0,104.0,80.0,0.0,10.0,13.0,22.0,25.0,29.0,34.0,38.0,40.0,58.0,79.0,82.0
181.0,47.0,60.0,142.0,53.0,10.0,195.0,84.0,1.0,9.0,11.0,21.0,24.0,29.0,33.0,37.0,40.0,46.0,65.0,81.0
75.0,2600.0,30.0,27.0,4160.0,20.0,56.0,44.0,2.0,9.0,16.0,22.0,25.0,29.0,33.0,38.0,41.0,57.0,61.0,81.0
150.0,46.0,30.0,74.0,50.0,30.0,64.0,65.0,2.0,9.0,11.0,21.0,25.0,29.0,33.0,38.0,40.0,42.0,61.0,81.0
282.0,93.0,30.0,161.0,123.0,20.0,234.0,100.0,3.0,9.0,13.0,21.0,24.0,28.0,34.0,38.0,40.0,59.0,62.0,81.0
150.0,48.0,120.0,48.0,52.0,30.0,0.0,0.0,1.0,9.0,11.0,22.0,26.0,29.0,33.0,38.0,40.0,59.0,61.0,82.0
145.0,138.0,120.0,90.0,181.0,10.0,140.0,60.0,2.0,10.0,13.0,22.0,24.0,29.0,34.0,38.0,40.0,43.0,60.0,81.0
327.0,132.0,60.0,161.0,149.0,10.0,160.0,115.0,3.0,9.0,13.0,21.0,25.0,27.0,34.0,37.0,40.0,42.0,78.0,81.0
92.0,84.0,120.0,37.0,98.0,20.0,117.0,55.0,0.0,9.0,13.0,21.0,24.0,30.0,34.0,37.0,40.0,43.0,60.0,81.0
71.0,4200.0,30.0,42.0,5040.0,10.0,50.0,24.0,1.0,10.0,16.0,22.0,25.0,30.0,33.0,37.0,41.0,57.0,79.0,81.0
66.0,223.0,30.0,45.0,357.0,20.0,0.0,0.0,1.0,9.0,18.0,21.0,25.0,28.0,34.0,37.0,40.0,57.0,79.0,81.0
292.0,154.0,60.0,92.0,210.0,30.0,260.0,112.0,2.0,9.0,13.0,22.0,25.0,28.0,34.0,37.0,40.0,57.0,72.0,81.0
291.0,210.0,120.0,136.0,281.0,10.0,338.0,188.0,3.0,10.0,13.0,21.0,25.0,30.0,33.0,36.0,40.0,57.0,75.0,81.0
146.0,77.0,120.0,106.0,86.0,30.0,182.0,76.0,0.0,9.0,13.0,21.0,25.0,29.0,34.0,37.0,40.0,57.0,62.0,81.0
252.0,56.0,120.0,163.0,66.0,10.0,221.0,123.0,2.0,9.0,11.0,23.0,25.0,29.0,34.0,38.0,40.0,43.0,75.0,81.0
141.0,62.0,120.0,94.0,80.0,30.0,0.0,0.0,2.0,9.0,13.0,21.0,25.0,29.0,33.0,36.0,40.0,42.0,72.0,82.0
239.0,77.0,60.0,125.0,82.0,20.0,224.0,136.0,3.0,9.0,11.0,21.0,25.0,30.0,34.0,37.0,40.0,57.0,75.0,81.0
100.0,194.0,120.0,52.0,259.0,30.0,0.0,0.0,2.0,9.0,19.0,21.0,25.0,31.0,33.0,36.0,40.0,42.0,61.0,81.0
146.0,96.0,60.0,55.0,123.0,30.0,156.0,64.0,1.0,9.0,13.0,21.0,24.0,28.0,33.0,37.0,40.0,59.0,61.0,81.0
125.0,96.0,30.0,55.0,123.0,20.0,110.0,97.0,3.0,9.0,13.0,21.0,24.0,29.0,33.0,38.0,40.0,59.0,61.0,81.0
211.0,252.0,60.0,97.0,266.0,20.0,160.0,112.0,2.0,10.0,13.0,23.0,24.0,30.0,34.0,38.0,40.0,42.0,77.0,81.0
84.0,42.0,60.0,26.0,46.0,20.0,72.0,12.0,1.0,9.0,11.0,21.0,25.0,29.0,33.0,37.0,40.0,42.0,61.0,81.0
106.0,72.0,120.0,34.0,78.0,30.0,90.0,60.0,2.0,10.0,11.0,22.0,25.0,30.0,34.0,38.0,40.0,43.0,60.0,81.0
157.0,98.0,120.0,116.0,106.0,20.0,170.0,123.0,3.0,9.0,13.0,21.0,25.0,28.0,34.0,38.0,40.0,57.0,67.0,81.0
87.0,26.0,120.0,34.0,34.0,20.0,0.0,0.0,2.0,10.0,12.0,21.0,25.0,28.0,33.0,36.0,40.0,52.0,60.0,81.0
107.0,1850.0,60.0,63.0,2220.0,20.0,0.0,0.0,1.0,9.0,17.0,22.0,25.0,27.0,33.0,36.0,41.0,42.0,61.0,82.0
233.0,60.0,30.0,145.0,64.0,30.0,112.0,104.0,2.0,9.0,11.0,22.0,25.0,28.0,34.0,37.0,40.0,43.0,72.0,81.0
173.0,92.0,30.0,59.0,109.0,30.0,260.0,88.0,2.0,10.0,11.0,22.0,25.0,28.0,34.0,37.0,40.0,57.0,60.0,81.0
171.0,74.0,60.0,75.0,122.0,30.0,130.0,90.0,2.0,10.0,11.0,23.0,24.0,31.0,34.0,38.0,40.0,43.0,72.0,81.0
69.0,10.0,30.0,48.0,16.0,20.0,32.0,48.0,1.0,9.0,12.0,22.0,25.0,30.0,34.0,38.0,40.0,57.0,79.0,81.0
132.0,31.0,120.0,97.0,43.0,10.0,0.0,0.0,3.0,9.0,11.0,21.0,25.0,31.0,33.0,36.0,40.0,42.0,70.0,81.0
85.0,35.0,120.0,34.0,43.0,20.0,90.0,78.0,3.0,9.0,11.0,23.0,24.0,28.0,34.0,37.0,40.0,42.0,61.0,81.0
73.0,418.0,120.0,55.0,557.0,30.0,0.0,0.0,1.0,10.0,18.0,22.0,25.0,29.0,33.0,36.0,40.0,58.0,79.0,81.0
94.0,52.0,60.0,39.0,80.0,30.0,70.0,45.0,0.0,9.0,13.0,22.0,24.0,31.0,34.0,38.0,40.0,57.0,61.0,81.0
129.0,37.0,60.0,89.0,42.0,10.0,0.0,0.0,0.0,9.0,11.0,22.0,25.0,29.0,34.0,36.0,40.0,42.0,72.0,82.0
157.0,96.0,120.0,74.0,99.0,30.0,100.0,60.0,2.0,9.0,13.0,20.0,24.0,28.0,34.0,35.0,40.0,43.0,60.0,81.0
224.0,98.0,30.0,92.0,122.0,30.0,260.0,120.0,2.0,10.0,11.0,22.0,25.0,29.0,34.0,38.0,40.0,57.0,72.0,81.0
102.0,216.0,120.0,54.0,281.0,20.0,60.0,58.0,0.0,9.0,18.0,22.0,25.0,30.0,34.0,39.0,40.0,42.0,61.0,81.0
240.0,200.0,30.0,115.0,254.0,30.0,120.0,130.0,2.0,10.0,13.0,22.0,25.0,28.0,34.0,38.0,40.0,52.0,61.0,81.0
195.0,2340.0,120.0,58.0,4160.0,10.0,0.0,0.0,0.0,9.0,16.0,23.0,25.0,28.0,34.0,37.0,41.0,59.0,60.0,81.0
119.0,38.0,120.0,67.0,50.0,10.0,100.0,48.0,0.0,9.0,11.0,21.0,25.0,29.0,33.0,37.0,40.0,42.0,61.0,81.0
134.0,40.0,30.0,63.0,45.0,10.0,90.0,48.0,6.0,9.0,11.0,21.0,25.0,27.0,34.0,36.0,40.0,42.0,61.0,81.0
118.0,52.0,30.0,67.0,90.0,10.0,70.0,36.0,2.0,9.0,13.0,22.0,25.0,29.0,34.0,38.0,40.0,43.0,60.0,81.0
195.0,99.0,60.0,83.0,114.0,10.0,128.0,110.0,3.0,9.0,13.0,21.0,24.0,28.0,33.0,39.0,40.0,59.0,66.0,81.0
102.0,216.0,60.0,61.0,259.0,20.0,78.0,45.0,0.0,9.0,18.0,22.0,25.0,30.0,34.0,39.0,40.0,42.0,61.0,82.0
218.0,90.0,60.0,68.0,109.0,10.0,128.0,95.0,3.0,10.0,11.0,21.0,25.0,30.0,34.0,37.0,40.0,42.0,77.0,81.0
344.0,202.0,120.0,133.0,245.0,20.0,176.0,148.0,0.0,10.0,13.0,22.0,24.0,30.0,34.0,37.0,40.0,57.0,72.0,81.0
184.0,58.0,30.0,105.0,62.0,30.0,104.0,104.0,2.0,9.0,11.0,22.0,25.0,29.0,34.0,38.0,40.0,42.0,61.0,81.0
66.0,268.0,120.0,47.0,357.0,10.0,0.0,0.0,1.0,9.0,18.0,21.0,25.0,28.0,34.0,37.0,40.0,57.0,79.0,81.0
191.0,189.0,60.0,97.0,254.0,30.0,160.0,182.0,2.0,10.0,13.0,23.0,24.0,30.0,34.0,38.0,40.0,42.0,77.0,81.0
146.0,72.0,60.0,49.0,83.0,20.0,120.0,91.0,2.0,9.0,13.0,20.0,24.0,28.0,34.0,35.0,40.0,43.0,79.0,81.0
182.0,148.0,30.0,63.0,156.0,10.0,273.0,162.0,3.0,9.0,13.0,21.0,25.0,28.0,34.0,37.0,40.0,59.0,60.0,81.0
85.0,218.0,30.0,34.0,283.0,30.0,65.0,28.0,0.0,9.0,18.0,21.0,25.0,28.0,33.0,39.0,40.0,52.0,60.0,82.0
266.0,86.0,120.0,158.0,97.0,20.0,351.0,150.0,3.0,9.0,11.0,21.0,25.0,30.0,33.0,37.0,40.0,59.0,72.0,81.0
148.0,2220.0,60.0,90.0,2220.0,20.0,0.0,0.0,6.0,9.0,17.0,21.0,26.0,27.0,34.0,36.0,41.0,43.0,60.0,81.0
96.0,26.0,30.0,62.0,29.0,10.0,0.0,0.0,2.0,9.0,11.0,21.0,25.0,31.0,34.0,36.0,40.0,59.0,65.0,81.0
170.0,100.0,120.0,80.0,114.0,30.0,221.0,84.0,2.0,9.0,13.0,22.0,25.0,30.0,34.0,37.0,40.0,57.0,60.0,81.0
107.0,117.0,60.0,60.0,162.0,30.0,80.0,84.0,2.0,10.0,13.0,22.0,24.0,28.0,34.0,38.0,40.0,42.0,61.0,81.0
270.0,88.0,30.0,234.0,98.0,30.0,140.0,95.0,3.0,9.0,13.0,21.0,24.0,28.0,33.0,37.0,40.0,59.0,61.0,81.0
342.0,213.0,120.0,135.0,266.0,20.0,192.0,148.0,3.0,10.0,13.0,21.0,25.0,29.0,34.0,37.0,40.0,57.0,72.0,81.0
224.0,70.0,60.0,141.0,78.0,10.0,180.0,80.0,0.0,9.0,11.0,21.0,25.0,28.0,34.0,37.0,40.0,57.0,69.0,81.0
168.0,49.0,30.0,115.0,54.0,30.0,156.0,64.0,2.0,9.0,11.0,22.0,25.0,28.0,34.0,37.0,40.0,52.0,61.0,81.0
151.0,73.0,120.0,83.0,90.0,30.0,182.0,76.0,2.0,10.0,11.0,22.0,24.0,28.0,34.0,38.0,40.0,52.0,61.0,81.0
95.0,1850.0,30.0,49.0,2960.0,20.0,0.0,0.0,2.0,9.0,17.0,22.0,25.0,27.0,33.0,36.0,41.0,52.0,60.0,81.0
181.0,45.0,60.0,149.0,58.0,30.0,112.0,117.0,3.0,9.0,11.0,21.0,25.0,31.0,33.0,39.0,40.0,57.0,74.0,81.0
182.0,210.0,60.0,81.0,237.0,20.0,273.0,135.0,3.0,10.0,13.0,21.0,25.0,30.0,34.0,38.0,40.0,59.0,60.0,81.0
160.0,67.0,60.0,111.0,76.0,10.0,169.0,110.0,3.0,10.0,11.0,21.0,25.0,29.0,33.0,38.0,40.0,52.0,66.0,81.0
146.0,72.0,120.0,55.0,86.0,20.0,96.0,60.0,3.0,9.0,13.0,21.0,25.0,28.0,33.0,37.0,40.0,59.0,61.0,81.0
182.0,92.0,30.0,88.0,127.0,20.0,136.0,88.0,3.0,10.0,11.0,23.0,24.0,29.0,34.0,38.0,40.0,43.0,72.0,81.0
175.0,163.0,120.0,117.0,181.0,30.0,221.0,88.0,0.0,10.0,13.0,22.0,24.0,29.0,34.0,38.0,40.0,59.0,67.0,81.0
187.0,81.0,60.0,144.0,105.0,30.0,136.0,130.0,2.0,10.0,11.0,22.0,25.0,28.0,34.0,37.0,40.0,52.0,61.0,81.0
79.0,22.0,60.0,50.0,32.0,30.0,65.0,20.0,2.0,9.0,11.0,23.0,24.0,30.0,34.0,38.0,40.0,59.0,77.0,81.0
227.0,94.0,60.0,108.0,118.0,10.0,286.0,169.0,3.0,10.0,11.0,21.0,24.0,31.0,34.0,38.0,40.0,42.0,79.0,81.0
244.0,148.0,120.0,71.0,161.0,30.0,0.0,0.0,2.0,9.0,13.0,21.0,26.0,27.0,34.0,39.0,40.0,59.0,60.0,82.0
255.0,62.0,60.0,109.0,80.0,30.0,182.0,68.0,3.0,9.0,11.0,21.0,25.0,31.0,34.0,36.0,40.0,43.0,70.0,81.0
115.0,29.0,60.0,78.0,34.0,20.0,0.0,0.0,2.0,9.0,11.0,21.0,25.0,29.0,33.0,36.0,40.0,55.0,60.0,82.0
135.0,103.0,60.0,104.0,111.0,10.0,130.0,52.0,3.0,9.0,13.0,21.0,24.0,30.0,34.0,38.0,40.0,42.0,65.0,81.0
156.0,100.0,60.0,65.0,133.0,30.0,156.0,80.0,1.0,10.0,15.0,22.0,25.0,29.0,33.0,38.0,40.0,59.0,61.0,81.0
200.0,210.0,60.0,71.0,293.0,30.0,210.0,135.0,2.0,10.0,13.0,22.0,25.0,28.0,34.0,38.0,40.0,42.0,79.0,81.0
94.0,63.0,120.0,45.0,76.0,20.0,70.0,65.0,2.0,9.0,13.0,21.0,25.0,27.0,33.0,36.0,40.0,57.0,61.0,81.0
54.0,184.0,120.0,33.0,245.0,30.0,78.0,56.0,2.0,10.0,18.0,21.0,25.0,29.0,34.0,38.0,40.0,57.0,79.0,81.0
125.0,96.0,120.0,49.0,106.0,20.0,156.0,80.0,1.0,9.0,13.0,21.0,24.0,28.0,33.0,37.0,40.0,59.0,61.0,81.0
128.0,42.0,120.0,73.0,46.0,20.0,0.0,0.0,2.0,9.0,11.0,21.0,25.0,27.0,33.0,36.0,40.0,43.0,77.0,81.0
92.0,54.0,60.0,43.0,81.0,30.0,72.0,65.0,2.0,10.0,11.0,22.0,24.0,28.0,34.0,37.0,40.0,43.0,60.0,81.0
119.0,48.0,60.0,54.0,53.0,10.0,110.0,64.0,6.0,9.0,11.0,23.0,25.0,30.0,33.0,38.0,40.0,59.0,61.0,82.0
190.0,54.0,120.0,95.0,64.0,20.0,160.0,130.0,2.0,9.0,11.0,21.0,25.0,29.0,34.0,36.0,40.0,57.0,60.0,81.0
157.0,184.0,60.0,99.0,181.0,20.0,136.0,76.0,3.0,10.0,13.0,21.0,25.0,31.0,33.0,38.0,40.0,57.0,67.0,81.0
114.0,72.0,120.0,49.0,83.0,30.0,143.0,60.0,3.0,9.0,13.0,23.0,24.0,28.0,34.0,37.0,40.0,59.0,61.0,81.0
110.0,22.0,30.0,69.0,24.0,30.0,72.0,26.0,8.0,9.0,12.0,21.0,25.0,28.0,33.0,36.0,40.0,58.0,79.0,81.0
297.0,51.0,60.0,270.0,64.0,30.0,128.0,104.0,3.0,9.0,11.0,21.0,24.0,29.0,34.0,37.0,40.0,47.0,78.0,81.0
153.0,5040.0,60.0,81.0,6720.0,30.0,117.0,40.0,5.0,10.0,16.0,22.0,25.0,29.0,34.0,38.0,41.0,43.0,60.0,81.0
266.0,131.0,120.0,192.0,165.0,10.0,200.0,145.0,2.0,10.0,11.0,21.0,25.0,27.0,34.0,36.0,40.0,52.0,77.0,81.0
92.0,60.0,30.0,34.0,74.0,30.0,117.0,52.0,2.0,10.0,11.0,20.0,24.0,31.0,34.0,35.0,40.0,43.0,60.0,81.0
88.0,1850.0,30.0,43.0,2960.0,20.0,0.0,0.0,2.0,9.0,17.0,22.0,24.0,27.0,33.0,36.0,41.0,52.0,60.0,81.0
181.0,52.0,120.0,142.0,56.0,30.0,120.0,84.0,1.0,9.0,11.0,21.0,24.0,29.0,33.0,37.0,40.0,46.0,65.0,81.0
104.0,23.0,120.0,46.0,36.0,10.0,80.0,32.0,0.0,9.0,11.0,21.0,24.0,30.0,34.0,38.0,40.0,43.0,77.0,81.0
112.0,31.0,60.0,56.0,35.0,20.0,0.0,0.0,2.0,9.0,11.0,21.0,25.0,27.0,34.0,36.0,40.0,42.0,72.0,81.0
46.0,33.0,120.0,20.0,48.0,10.0,0.0,0.0,2.0,9.0,13.0,21.0,26.0,27.0,34.0,36.0,40.0,57.0,79.0,81.0
149.0,47.0,60.0,49.0,66.0,30.0,0.0,0.0,2.0,9.0,11.0,21.0,25.0,29.0,33.0,37.0,40.0,57.0,60.0,82.0
97.0,65.0,30.0,39.0,76.0,30.0,117.0,60.0,2.0,10.0,11.0,23.0,25.0,29.0,34.0,38.0,40.0,43.0,60.0,81.0
51.0,209.0,60.0,30.0,226.0,10.0,0.0,0.0,0.0,10.0,18.0,22.0,25.0,29.0,33.0,37.0,40.0,59.0,77.0,82.0
132.0,23.0,30.0,97.0,29.0,30.0,0.0,0.0,3.0,9.0,11.0,21.0,25.0,31.0,33.0,36.0,40.0,42.0,70.0,81.0
143.0,68.0,30.0,132.0,76.0,10.0,72.0,60.0,3.0,9.0,13.0,21.0,24.0,28.0,34.0,37.0,40.0,59.0,65.0,81.0
175.0,166.0,60.0,85.0,237.0,30.0,128.0,117.0,2.0,10.0,13.0,23.0,25.0,29.0,33.0,37.0,40.0,57.0,60.0,81.0
242.0,134.0,60.0,105.0,146.0,20.0,176.0,124.0,2.0,10.0,11.0,22.0,25.0,28.0,34.0,39.0,40.0,55.0,79.0,81.0
146.0,72.0,120.0,55.0,86.0,20.0,88.0,60.0,3.0,9.0,13.0,21.0,24.0,29.0,33.0,38.0,40.0,59.0,61.0,81.0
106.0,143.0,30.0,37.0,167.0,30.0,64.0,71.0,2.0,10.0,13.0,22.0,24.0,28.0,34.0,38.0,40.0,42.0,61.0,81.0
150.0,47.0,120.0,56.0,53.0,30.0,221.0,84.0,2.0,9.0,11.0,20.0,24.0,29.0,34.0,35.0,40.0,57.0,60.0,81.0
131.0,138.0,120.0,69.0,155.0,30.0,169.0,68.0,3.0,10.0,13.0,21.0,24.0,30.0,34.0,37.0,40.0,59.0,61.0,81.0
95.0,415.0,60.0,51.0,498.0,20.0,104.0,120.0,4.0,10.0,19.0,22.0,25.0,30.0,34.0,38.0,40.0,43.0,60.0,82.0
139.0,2220.0,120.0,86.0,2405.0,20.0,0.0,0.0,2.0,9.0,17.0,21.0,25.0,27.0,33.0,39.0,41.0,52.0,62.0,81.0
71.0,2220.0,120.0,27.0,2960.0,10.0,0.0,0.0,1.0,9.0,17.0,21.0,25.0,27.0,34.0,36.0,41.0,57.0,61.0,81.0
192.0,23.0,30.0,170.0,31.0,20.0,100.0,71.0,3.0,10.0,16.0,21.0,24.0,29.0,33.0,37.0,40.0,59.0,78.0,81.0
44.0,2600.0,30.0,18.0,3380.0,30.0,65.0,20.0,1.0,9.0,16.0,23.0,25.0,28.0,33.0,36.0,41.0,59.0,77.0,82.0
54.0,29.0,30.0,28.0,36.0,30.0,52.0,28.0,0.0,10.0,11.0,21.0,24.0,30.0,34.0,38.0,40.0,57.0,79.0,81.0
195.0,97.0,60.0,87.0,133.0,30.0,180.0,115.0,2.0,10.0,11.0,22.0,25.0,29.0,34.0,38.0,40.0,57.0,60.0,81.0
220.0,60.0,120.0,67.0,60.0,30.0,150.0,85.0,4.0,9.0,15.0,22.0,25.0,28.0,34.0,37.0,40.0,52.0,61.0,82.0
205.0,89.0,60.0,124.0,97.0,30.0,130.0,48.0,0.0,10.0,11.0,21.0,24.0,28.0,33.0,37.0,40.0,57.0,61.0,81.0
148.0,2340.0,30.0,68.0,4160.0,20.0,0.0,0.0,0.0,9.0,16.0,21.0,25.0,28.0,33.0,36.0,41.0,42.0,72.0,81.0
118.0,156.0,60.0,60.0,167.0,20.0,80.0,52.0,2.0,10.0,13.0,22.0,24.0,28.0,34.0,38.0,40.0,42.0,61.0,81.0
130.0,3780.0,120.0,61.0,5460.0,20.0,0.0,0.0,1.0,10.0,16.0,23.0,25.0,28.0,34.0,39.0,41.0,42.0,61.0,82.0
201.0,217.0,60.0,145.0,237.0,10.0,190.0,124.0,2.0,10.0,13.0,22.0,25.0,29.0,34.0,38.0,40.0,54.0,79.0,81.0
193.0,211.0,30.0,56.0,237.0,30.0,136.0,162.0,2.0,10.0,13.0,22.0,25.0,29.0,34.0,37.0,40.0,57.0,60.0,81.0
184.0,233.0,120.0,108.0,301.0,10.0,136.0,110.0,2.0,10.0,13.0,22.0,25.0,30.0,34.0,38.0,40.0,42.0,77.0,81.0
127.0,52.0,120.0,46.0,93.0,10.0,120.0,64.0,2.0,10.0,19.0,21.0,25.0,29.0,34.0,37.0,40.0,43.0,79.0,81.0
133.0,1850.0,30.0,88.0,2960.0,20.0,0.0,0.0,6.0,9.0,17.0,21.0,25.0,28.0,33.0,36.0,41.0,43.0,60.0,81.0
273.0,77.0,60.0,110.0,102.0,30.0,0.0,0.0,2.0,9.0,11.0,21.0,24.0,28.0,33.0,37.0,40.0,42.0,79.0,81.0
163.0,2220.0,120.0,82.0,2220.0,30.0,0.0,0.0,2.0,9.0,17.0,21.0,25.0,28.0,34.0,36.0,41.0,43.0,64.0,82.0
162.0,48.0,30.0,83.0,52.0,30.0,96.0,78.0,1.0,9.0,11.0,21.0,25.0,28.0,33.0,36.0,40.0,42.0,61.0,81.0
85.0,60.0,120.0,34.0,74.0,20.0,90.0,65.0,2.0,10.0,11.0,23.0,24.0,29.0,34.0,38.0,40.0,43.0,60.0,81.0
112.0,2340.0,60.0,68.0,4160.0,30.0,0.0,0.0,0.0,9.0,16.0,21.0,25.0,28.0,33.0,36.0,41.0,42.0,72.0,82.0
131.0,138.0,30.0,97.0,162.0,30.0,140.0,75.0,2.0,10.0,13.0,22.0,24.0,29.0,34.0,38.0,40.0,43.0,60.0,81.0
151.0,60.0,60.0,105.0,62.0,20.0,128.0,64.0,3.0,9.0,11.0,21.0,24.0,30.0,34.0,36.0,40.0,57.0,60.0,81.0
249.0,34.0,30.0,194.0,40.0,10.0,0.0,0.0,2.0,9.0,11.0,21.0,24.0,28.0,33.0,37.0,40.0,43.0,60.0,82.0
141.0,58.0,60.0,90.0,68.0,10.0,130.0,78.0,2.0,10.0,11.0,22.0,25.0,29.0,34.0,37.0,40.0,57.0,61.0,81.0
97.0,50.0,120.0,46.0,65.0,20.0,70.0,35.0,0.0,9.0,15.0,22.0,25.0,28.0,34.0,37.0,40.0,57.0,61.0,81.0
102.0,3120.0,30.0,53.0,4160.0,20.0,0.0,0.0,1.0,9.0,16.0,21.0,25.0,28.0,33.0,39.0,41.0,42.0,72.0,82.0
174.0,59.0,60.0,55.0,64.0,20.0,120.0,68.0,2.0,9.0,11.0,22.0,25.0,28.0,34.0,37.0,40.0,43.0,72.0,81.0
175.0,127.0,120.0,123.0,149.0,10.0,136.0,110.0,3.0,9.0,13.0,21.0,25.0,30.0,33.0,37.0,40.0,59.0,67.0,81.0
104.0,67.0,120.0,63.0,84.0,10.0,64.0,55.0,2.0,10.0,11.0,22.0,25.0,30.0,34.0,37.0,40.0,43.0,77.0,81.0
175.0,150.0,120.0,146.0,167.0,30.0,234.0,92.0,2.0,10.0,13.0,22.0,25.0,30.0,34.0,38.0,40.0,57.0,60.0,81.0
132.0,85.0,120.0,95.0,105.0,10.0,88.0,65.0,2.0,10.0,11.0,22.0,25.0,30.0,34.0,38.0,40.0,43.0,60.0,81.0
181.0,38.0,30.0,128.0,40.0,10.0,96.0,60.0,2.0,9.0,11.0,21.0,25.0,28.0,34.0,37.0,40.0,43.0,72.0,81.0
339.0,74.0,120.0,170.0,78.0,30.0,220.0,180.0,2.0,9.0,11.0,22.0,25.0,29.0,34.0,37.0,40.0,58.0,60.0,81.0
130.0,58.0,120.0,86.0,65.0,30.0,130.0,48.0,2.0,10.0,11.0,22.0,25.0,29.0,34.0,37.0,40.0,57.0,61.0,81.0
146.0,96.0,120.0,44.0,99.0,30.0,110.0,75.0,3.0,9.0,13.0,21.0,24.0,29.0,33.0,38.0,40.0,59.0,61.0,81.0
190.0,105.0,30.0,103.0,137.0,20.0,128.0,88.0,3.0,10.0,11.0,21.0,25.0,29.0,34.0,38.0,40.0,47.0,77.0,81.0
193.0,88.0,60.0,50.0,105.0,10.0,136.0,80.0,3.0,10.0,11.0,21.0,25.0,29.0,34.0,38.0,40.0,57.0,60.0,81.0
151.0,109.0,60.0,114.0,111.0,10.0,130.0,68.0,3.0,9.0,13.0,21.0,25.0,28.0,33.0,36.0,40.0,52.0,67.0,81.0
306.0,158.0,120.0,225.0,210.0,10.0,170.0,92.0,3.0,10.0,13.0,21.0,25.0,29.0,34.0,38.0,40.0,59.0,62.0,81.0
176.0,158.0,60.0,76.0,194.0,10.0,221.0,143.0,0.0,10.0,13.0,22.0,24.0,28.0,34.0,38.0,40.0,57.0,60.0,81.0
290.0,2600.0,60.0,107.0,3380.0,10.0,0.0,0.0,2.0,9.0,16.0,21.0,25.0,31.0,34.0,37.0,41.0,42.0,79.0,81.0
116.0,32.0,120.0,48.0,43.0,10.0,0.0,0.0,0.0,9.0,11.0,22.0,25.0,28.0,34.0,37.0,40.0,52.0,74.0,82.0
200.0,95.0,120.0,108.0,108.0,30.0,195.0,104.0,2.0,9.0,13.0,22.0,25.0,30.0,34.0,38.0,40.0,43.0,72.0,81.0
126.0,20.0,60.0,56.0,24.0,20.0,100.0,39.0,0.0,9.0,11.0,21.0,25.0,30.0,34.0,38.0,40.0,42.0,72.0,81.0
97.0,68.0,30.0,53.0,88.0,20.0,96.0,56.0,2.0,10.0,11.0,20.0,24.0,29.0,34.0,35.0,40.0,43.0,60.0,81.0
186.0,111.0,120.0,88.0,128.0,30.0,144.0,123.0,1.0,9.0,13.0,21.0,25.0,28.0,33.0,37.0,40.0,57.0,60.0,81.0
189.0,211.0,120.0,76.0,237.0,20.0,182.0,85.0,2.0,10.0,13.0,21.0,25.0,29.0,34.0,38.0,40.0,43.0,72.0,81.0
232.0,92.0,30.0,118.0,109.0,30.0,221.0,124.0,2.0,10.0,11.0,21.0,25.0,29.0,34.0,38.0,40.0,42.0,77.0,81.0
106.0,14.0,120.0,34.0,14.0,30.0,80.0,50.0,1.0,9.0,16.0,21.0,25.0,29.0,34.0,37.0,40.0,43.0,60.0,81.0
224.0,109.0,120.0,71.0,133.0,20.0,200.0,175.0,2.0,10.0,11.0,22.0,24.0,30.0,34.0,38.0,40.0,57.0,72.0,81.0
233.0,115.0,60.0,109.0,172.0,30.0,176.0,182.0,3.0,9.0,13.0,21.0,25.0,27.0,34.0,36.0,40.0,52.0,77.0,81.0
130.0,91.0,60.0,72.0,98.0,20.0,0.0,0.0,1.0,9.0,13.0,21.0,25.0,27.0,33.0,36.0,40.0,42.0,61.0,81.0
150.0,76.0,120.0,75.0,103.0,10.0,0.0,0.0,1.0,9.0,13.0,21.0,25.0,27.0,33.0,36.0,40.0,42.0,61.0,82.0
182.0,132.0,60.0,141.0,153.0,10.0,156.0,104.0,2.0,10.0,13.0,22.0,24.0,29.0,34.0,38.0,40.0,52.0,66.0,81.0
201.0,108.0,120.0,96.0,123.0,30.0,136.0,130.0,2.0,9.0,13.0,22.0,25.0,29.0,34.0,37.0,40.0,43.0,72.0,81.0
102.0,259.0,60.0,57.0,281.0,10.0,60.0,36.0,0.0,9.0,18.0,22.0,25.0,30.0,34.0,39.0,40.0,42.0,61.0,82.0
211.0,51.0,60.0,120.0,72.0,30.0,0.0,0.0,2.0,9.0,11.0,21.0,24.0,29.0,33.0,36.0,40.0,42.0,77.0,82.0
327.0,119.0,60.0,167.0,132.0,20.0,200.0,149.0,3.0,9.0,13.0,21.0,25.0,27.0,34.0,37.0,40.0,42.0,78.0,81.0
135.0,77.0,120.0,104.0,90.0,30.0,169.0,52.0,3.0,9.0,13.0,21.0,24.0,30.0,34.0,38.0,40.0,42.0,65.0,81.0
181.0,45.0,60.0,84.0,80.0,30.0,136.0,149.0,2.0,9.0,15.0,21.0,25.0,29.0,33.0,37.0,40.0,57.0,60.0,82.0
92.0,2340.0,120.0,36.0,4160.0,10.0,60.0,24.0,0.0,9.0,16.0,23.0,25.0,28.0,34.0,37.0,41.0,52.0,60.0,81.0
224.0,131.0,30.0,71.0,140.0,10.0,286.0,162.0,2.0,10.0,11.0,22.0,24.0,29.0,34.0,38.0,40.0,52.0,77.0,81.0
154.0,75.0,30.0,64.0,108.0,30.0,150.0,140.0,0.0,10.0,15.0,21.0,25.0,29.0,34.0,38.0,40.0,52.0,61.0,81.0
151.0,146.0,60.0,77.0,218.0,30.0,112.0,169.0,2.0,10.0,13.0,22.0,24.0,28.0,34.0,37.0,40.0,52.0,61.0,81.0
222.0,97.0,30.0,75.0,139.0,20.0,221.0,105.0,2.0,9.0,13.0,22.0,24.0,28.0,34.0,37.0,40.0,57.0,60.0,81.0
249.0,130.0,120.0,117.0,156.0,30.0,338.0,124.0,3.0,9.0,13.0,21.0,24.0,28.0,34.0,36.0,40.0,52.0,79.0,81.0
111.0,36.0,30.0,56.0,42.0,10.0,88.0,60.0,3.0,9.0,11.0,20.0,24.0,29.0,34.0,35.0,40.0,42.0,61.0,81.0
99.0,23.0,30.0,77.0,31.0,20.0,70.0,52.0,3.0,10.0,16.0,21.0,25.0,29.0,34.0,37.0,40.0,59.0,77.0,81.0
103.0,3120.0,120.0,31.0,3120.0,30.0,80.0,40.0,2.0,9.0,16.0,21.0,24.0,30.0,33.0,37.0,41.0,43.0,77.0,82.0
92.0,2340.0,120.0,59.0,3380.0,20.0,48.0,32.0,1.0,9.0,16.0,22.0,25.0,28.0,33.0,36.0,41.0,57.0,79.0,82.0
131.0,153.0,30.0,93.0,189.0,20.0,112.0,60.0,2.0,10.0,13.0,22.0,24.0,29.0,34.0,38.0,40.0,43.0,60.0,81.0
133.0,196.0,60.0,121.0,212.0,10.0,90.0,40.0,2.0,10.0,18.0,21.0,24.0,30.0,33.0,37.0,40.0,59.0,77.0,82.0
194.0,54.0,60.0,111.0,62.0,20.0,208.0,105.0,2.0,9.0,11.0,22.0,25.0,28.0,34.0,37.0,40.0,42.0,77.0,81.0
132.0,71.0,30.0,91.0,92.0,20.0,88.0,52.0,2.0,10.0,11.0,22.0,25.0,30.0,34.0,38.0,40.0,43.0,60.0,81.0
236.0,210.0,60.0,63.0,245.0,10.0,168.0,135.0,2.0,10.0,13.0,22.0,24.0,30.0,34.0,38.0,40.0,59.0,60.0,81.0
200.0,189.0,60.0,81.0,225.0,10.0,247.0,149.0,3.0,10.0,13.0,23.0,24.0,31.0,34.0,36.0,40.0,59.0,60.0,81.0
106.0,74.0,30.0,43.0,89.0,10.0,60.0,28.0,3.0,10.0,13.0,21.0,24.0,29.0,34.0,38.0,40.0,42.0,72.0,81.0
97.0,60.0,120.0,46.0,71.0,30.0,72.0,78.0,2.0,10.0,11.0,20.0,24.0,29.0,34.0,35.0,40.0,43.0,60.0,81.0
160.0,12.0,120.0,120.0,15.0,20.0,130.0,123.0,3.0,9.0,16.0,21.0,24.0,30.0,34.0,37.0,40.0,57.0,62.0,81.0
170.0,39.0,60.0,119.0,46.0,10.0,130.0,71.0,3.0,9.0,11.0,20.0,24.0,30.0,34.0,35.0,40.0,52.0,61.0,81.0
206.0,48.0,30.0,193.0,46.0,10.0,143.0,91.0,3.0,9.0,11.0,21.0,25.0,30.0,34.0,38.0,40.0,59.0,78.0,81.0
49.0,2340.0,120.0,23.0,4160.0,10.0,0.0,0.0,1.0,9.0,16.0,21.0,25.0,28.0,33.0,36.0,41.0,57.0,79.0,81.0
222.0,45.0,30.0,149.0,58.0,20.0,182.0,90.0,3.0,9.0,11.0,21.0,25.0,31.0,33.0,39.0,40.0,57.0,74.0,81.0
186.0,138.0,30.0,99.0,167.0,20.0,221.0,95.0,3.0,10.0,13.0,21.0,25.0,31.0,33.0,38.0,40.0,57.0,67.0,81.0
104.0,256.0,60.0,34.0,333.0,10.0,0.0,0.0,1.0,9.0,18.0,21.0,25.0,28.0,33.0,36.0,40.0,52.0,60.0,81.0
205.0,49.0,120.0,61.0,70.0,10.0,195.0,123.0,2.0,9.0,11.0,23.0,24.0,29.0,34.0,38.0,40.0,52.0,61.0,81.0
190.0,142.0,60.0,155.0,153.0,20.0,130.0,55.0,2.0,10.0,13.0,22.0,24.0,30.0,34.0,38.0,40.0,43.0,78.0,81.0
85.0,67.0,60.0,36.0,106.0,30.0,48.0,45.0,3.0,10.0,13.0,21.0,24.0,29.0,34.0,38.0,40.0,42.0,72.0,81.0
165.0,97.0,120.0,68.0,112.0,20.0,180.0,156.0,2.0,10.0,11.0,22.0,24.0,29.0,34.0,38.0,40.0,57.0,60.0,81.0
90.0,307.0,120.0,37.0,333.0,20.0,0.0,0.0,1.0,9.0,18.0,21.0,25.0,28.0,33.0,36.0,40.0,52.0,60.0,81.0
170.0,43.0,120.0,128.0,46.0,20.0,180.0,123.0,3.0,9.0,11.0,21.0,25.0,28.0,33.0,37.0,40.0,57.0,62.0,81.0
89.0,1850.0,30.0,31.0,2405.0,30.0,0.0,0.0,1.0,9.0,17.0,21.0,25.0,27.0,33.0,36.0,41.0,43.0,77.0,82.0
101.0,3120.0,60.0,38.0,4160.0,30.0,0.0,0.0,2.0,9.0,16.0,21.0,25.0,31.0,33.0,37.0,41.0,42.0,72.0,81.0
296.0,71.0,60.0,192.0,78.0,10.0,88.0,65.0,2.0,10.0,11.0,21.0,24.0,29.0,34.0,38.0,40.0,52.0,62.0,81.0
107.0,1665.0,120.0,59.0,2220.0,30.0,0.0,0.0,1.0,9.0,17.0,22.0,25.0,27.0,33.0,36.0,41.0,42.0,61.0,81.0
246.0,131.0,60.0,107.0,165.0,30.0,221.0,76.0,2.0,10.0,11.0,21.0,25.0,29.0,33.0,39.0,40.0,58.0,60.0,81.0
122.0,2340.0,120.0,79.0,3120.0,30.0,0.0,0.0,1.0,9.0,16.0,21.0,25.0,28.0,33.0,39.0,41.0,58.0,61.0,81.0
203.0,109.0,120.0,87.0,133.0,20.0,220.0,149.0,3.0,10.0,11.0,21.0,25.0,30.0,34.0,37.0,40.0,42.0,79.0,81.0
138.0,82.0,30.0,91.0,84.0,10.0,0.0,0.0,1.0,10.0,11.0,21.0,24.0,29.0,33.0,36.0,40.0,43.0,60.0,81.0
280.0,57.0,120.0,126.0,78.0,10.0,0.0,0.0,2.0,9.0,11.0,21.0,24.0,29.0,33.0,36.0,40.0,42.0,77.0,82.0
163.0,155.0,60.0,120.0,194.0,30.0,130.0,95.0,2.0,10.0,13.0,23.0,25.0,31.0,34.0,37.0,40.0,42.0,65.0,81.0
172.0,90.0,60.0,64.0,103.0,10.0,96.0,70.0,3.0,9.0,13.0,21.0,25.0,28.0,34.0,37.0,40.0,59.0,61.0,81.0
115.0,56.0,30.0,78.0,70.0,20.0,104.0,55.0,3.0,9.0,13.0,21.0,25.0,28.0,33.0,37.0,40.0,59.0,65.0,81.0
179.0,81.0,60.0,94.0,91.0,20.0,110.0,84.0,2.0,9.0,13.0,21.0,24.0,28.0,34.0,37.0,40.0,50.0,61.0,81.0
270.0,175.0,30.0,116.0,245.0,20.0,221.0,100.0,3.0,10.0,13.0,21.0,25.0,29.0,34.0,37.0,40.0,43.0,73.0,81.0
146.0,61.0,30.0,44.0,84.0,20.0,143.0,70.0,3.0,10.0,11.0,21.0,25.0,28.0,34.0,38.0,40.0,59.0,61.0,81.0
125.0,2340.0,120.0,82.0,3120.0,30.0,130.0,48.0,4.0,9.0,16.0,21.0,25.0,29.0,33.0,37.0,41.0,43.0,72.0,81.0
240.0,97.0,30.0,142.0,123.0,20.0,221.0,115.0,3.0,9.0,13.0,21.0,25.0,29.0,34.0,37.0,40.0,53.0,61.0,81.0
106.0,143.0,60.0,41.0,189.0,30.0,117.0,52.0,2.0,10.0,13.0,22.0,24.0,28.0,34.0,38.0,40.0,43.0,60.0,81.0
190.0,110.0,30.0,153.0,112.0,10.0,195.0,130.0,3.0,10.0,11.0,21.0,25.0,31.0,34.0,36.0,40.0,43.0,73.0,81.0
212.0,79.0,120.0,136.0,99.0,10.0,192.0,155.0,3.0,9.0,11.0,21.0,24.0,29.0,34.0,38.0,40.0,57.0,75.0,81.0
82.0,30.0,30.0,31.0,34.0,10.0,91.0,52.0,2.0,9.0,11.0,21.0,25.0,28.0,33.0,37.0,40.0,57.0,61.0,81.0
114.0,96.0,120.0,55.0,123.0,10.0,88.0,75.0,3.0,9.0,13.0,21.0,24.0,29.0,33.0,36.0,40.0,59.0,61.0,81.0
131.0,184.0,120.0,97.0,218.0,10.0,112.0,75.0,2.0,10.0,13.0,22.0,24.0,29.0,34.0,38.0,40.0,43.0,60.0,81.0
109.0,1665.0,30.0,85.0,2220.0,10.0,0.0,0.0,2.0,9.0,17.0,22.0,25.0,27.0,34.0,36.0,41.0,59.0,78.0,82.0
181.0,48.0,120.0,115.0,54.0,20.0,150.0,117.0,2.0,9.0,11.0,22.0,25.0,30.0,34.0,38.0,40.0,43.0,79.0,81.0
186.0,22.0,30.0,84.0,30.0,20.0,143.0,40.0,0.0,9.0,12.0,21.0,24.0,29.0,34.0,38.0,40.0,43.0,79.0,81.0
215.0,37.0,120.0,96.0,42.0,30.0,0.0,0.0,2.0,9.0,12.0,21.0,24.0,27.0,34.0,39.0,40.0,42.0,79.0,81.0
227.0,106.0,30.0,91.0,123.0,10.0,170.0,88.0,0.0,9.0,13.0,22.0,25.0,28.0,34.0,38.0,40.0,57.0,60.0,81.0
126.0,2600.0,30.0,83.0,4160.0,20.0,64.0,128.0,0.0,9.0,16.0,23.0,26.0,28.0,34.0,38.0,41.0,42.0,61.0,81.0
292.0,98.0,60.0,80.0,112.0,20.0,200.0,182.0,2.0,10.0,11.0,23.0,25.0,29.0,34.0,38.0,40.0,52.0,77.0,81.0
85.0,54.0,60.0,34.0,78.0,30.0,64.0,78.0,2.0,10.0,11.0,21.0,24.0,29.0,34.0,38.0,40.0,43.0,60.0,81.0
105.0,37.0,120.0,50.0,43.0,20.0,117.0,50.0,2.0,9.0,11.0,20.0,24.0,29.0,33.0,35.0,40.0,43.0,77.0,81.0
79.0,12.0,60.0,50.0,18.0,30.0,52.0,48.0,1.0,9.0,12.0,22.0,25.0,30.0,34.0,38.0,40.0,57.0,79.0,81.0
186.0,52.0,30.0,135.0,57.0,20.0,180.0,123.0,3.0,9.0,11.0,21.0,25.0,28.0,33.0,37.0,40.0,57.0,62.0,81.0
226.0,74.0,30.0,89.0,87.0,30.0,273.0,52.0,2.0,9.0,14.0,21.0,24.0,28.0,33.0,36.0,40.0,42.0,79.0,82.0
209.0,4200.0,120.0,127.0,6720.0,10.0,0.0,0.0,2.0,10.0,16.0,22.0,26.0,28.0,34.0,36.0,41.0,43.0,75.0,82.0
131.0,78.0,30.0,80.0,90.0,20.0,110.0,91.0,2.0,10.0,11.0,21.0,24.0,30.0,34.0,37.0,40.0,59.0,61.0,81.0
142.0,82.0,60.0,84.0,84.0,20.0,72.0,40.0,2.0,10.0,11.0,22.0,25.0,28.0,33.0,37.0,40.0,42.0,61.0,81.0
203.0,90.0,60.0,98.0,122.0,30.0,150.0,90.0,2.0,10.0,11.0,22.0,25.0,30.0,34.0,38.0,40.0,52.0,61.0,81.0
175.0,217.0,60.0,117.0,225.0,10.0,170.0,88.0,0.0,10.0,13.0,22.0,24.0,29.0,34.0,38.0,40.0,59.0,67.0,81.0
302.0,229.0,120.0,165.0,310.0,10.0,250.0,124.0,3.0,10.0,13.0,21.0,25.0,31.0,34.0,37.0,40.0,59.0,73.0,81.0
290.0,284.0,30.0,135.0,386.0,20.0,240.0,240.0,3.0,10.0,13.0,21.0,25.0,29.0,34.0,37.0,40.0,57.0,72.0,81.0
96.0,4200.0,30.0,31.0,5040.0,10.0,70.0,112.0,5.0,10.0,16.0,22.0,25.0,29.0,34.0,38.0,41.0,43.0,77.0,81.0
143.0,76.0,30.0,130.0,83.0,30.0,117.0,48.0,3.0,9.0,13.0,21.0,24.0,28.0,34.0,37.0,40.0,59.0,65.0,81.0
150.0,79.0,30.0,64.0,97.0,30.0,170.0,105.0,2.0,10.0,11.0,23.0,25.0,28.0,34.0,37.0,40.0,42.0,77.0,81.0
140.0,68.0,60.0,59.0,78.0,10.0,80.0,65.0,2.0,10.0,11.0,21.0,25.0,30.0,33.0,38.0,40.0,42.0,61.0,81.0
247.0,109.0,30.0,71.0,133.0,30.0,338.0,132.0,2.0,10.0,11.0,23.0,25.0,29.0,34.0,38.0,40.0,52.0,77.0,81.0
64.0,4200.0,30.0,38.0,5460.0,30.0,65.0,24.0,1.0,10.0,16.0,22.0,25.0,30.0,33.0,37.0,41.0,57.0,79.0,82.0
53.0,2007.0,120.0,22.0,3211.0,10.0,52.0,32.0,1.0,9.0,18.0,21.0,25.0,30.0,33.0,36.0,41.0,57.0,79.0,82.0
164.0,88.0,120.0,64.0,97.0,30.0,136.0,156.0,2.0,10.0,11.0,22.0,24.0,29.0,34.0,38.0,40.0,42.0,77.0,81.0
270.0,126.0,120.0,90.0,137.0,30.0,220.0,130.0,3.0,10.0,11.0,21.0,24.0,31.0,34.0,38.0,40.0,42.0,79.0,81.0
78.0,2220.0,120.0,23.0,2405.0,20.0,0.0,0.0,1.0,9.0,17.0,21.0,25.0,27.0,34.0,36.0,41.0,57.0,61.0,81.0
239.0,203.0,30.0,198.0,210.0,10.0,195.0,110.0,3.0,10.0,13.0,21.0,25.0,29.0,33.0,36.0,40.0,42.0,78.0,81.0
138.0,68.0,30.0,94.0,90.0,20.0,0.0,0.0,1.0,10.0,11.0,21.0,24.0,29.0,33.0,36.0,40.0,43.0,60.0,81.0
249.0,90.0,120.0,153.0,109.0,20.0,170.0,143.0,0.0,10.0,11.0,21.0,25.0,30.0,34.0,38.0,40.0,57.0,60.0,81.0
275.0,130.0,60.0,131.0,165.0,10.0,338.0,201.0,3.0,9.0,13.0,21.0,24.0,28.0,34.0,36.0,40.0,52.0,79.0,81.0
123.0,184.0,60.0,81.0,194.0,10.0,120.0,60.0,2.0,10.0,13.0,22.0,24.0,28.0,34.0,38.0,40.0,50.0,61.0,81.0
231.0,175.0,30.0,123.0,210.0,10.0,160.0,115.0,2.0,10.0,13.0,22.0,25.0,28.0,34.0,37.0,40.0,42.0,77.0,81.0
92.0,60.0,120.0,68.0,65.0,20.0,0.0,0.0,0.0,9.0,15.0,21.0,25.0,31.0,34.0,36.0,40.0,59.0,78.0,81.0
143.0,40.0,30.0,52.0,45.0,10.0,110.0,52.0,2.0,9.0,11.0,21.0,25.0,28.0,33.0,36.0,40.0,59.0,61.0,81.0
97.0,58.0,30.0,42.0,68.0,10.0,72.0,55.0,2.0,10.0,11.0,22.0,25.0,29.0,34.0,38.0,40.0,43.0,60.0,81.0
292.0,131.0,30.0,80.0,150.0,30.0,208.0,214.0,2.0,10.0,11.0,23.0,25.0,29.0,34.0,38.0,40.0,52.0,77.0,81.0
200.0,105.0,60.0,71.0,146.0,30.0,210.0,150.0,2.0,10.0,11.0,22.0,24.0,29.0,34.0,38.0,40.0,59.0,60.0,81.0
164.0,88.0,120.0,64.0,97.0,30.0,136.0,136.0,2.0,10.0,11.0,23.0,24.0,28.0,33.0,38.0,40.0,57.0,60.0,81.0
177.0,100.0,30.0,77.0,133.0,20.0,150.0,130.0,0.0,10.0,15.0,22.0,25.0,28.0,34.0,38.0,40.0,57.0,60.0,82.0
118.0,36.0,120.0,53.0,43.0,30.0,0.0,0.0,1.0,9.0,11.0,22.0,26.0,29.0,33.0,38.0,40.0,59.0,61.0,81.0
188.0,133.0,30.0,88.0,172.0,20.0,170.0,136.0,2.0,9.0,13.0,22.0,25.0,30.0,34.0,37.0,40.0,57.0,60.0,81.0
193.0,217.0,30.0,123.0,254.0,20.0,170.0,143.0,0.0,10.0,13.0,22.0,24.0,29.0,34.0,38.0,40.0,59.0,67.0,81.0
131.0,138.0,120.0,69.0,155.0,30.0,156.0,68.0,2.0,10.0,13.0,22.0,24.0,29.0,34.0,38.0,40.0,43.0,79.0,81.0
52.0,300.0,120.0,31.0,390.0,20.0,60.0,52.0,1.0,9.0,18.0,22.0,25.0,28.0,34.0,36.0,40.0,57.0,79.0,81.0
276.0,134.0,60.0,174.0,140.0,20.0,184.0,116.0,3.0,10.0,11.0,21.0,25.0,31.0,34.0,38.0,40.0,57.0,72.0,81.0
270.0,194.0,30.0,130.0,218.0,10.0,170.0,80.0,3.0,10.0,13.0,21.0,25.0,29.0,34.0,37.0,40.0,43.0,73.0,81.0
127.0,26.0,60.0,78.0,32.0,10.0,0.0,0.0,2.0,9.0,11.0,21.0,25.0,29.0,33.0,36.0,40.0,55.0,60.0,81.0
188.0,94.0,120.0,88.0,105.0,30.0,136.0,143.0,3.0,10.0,11.0,21.0,24.0,28.0,34.0,37.0,40.0,57.0,60.0,81.0
183.0,90.0,60.0,97.0,105.0,20.0,208.0,105.0,2.0,10.0,11.0,22.0,25.0,29.0,34.0,37.0,40.0,43.0,72.0,81.0
78.0,25.0,30.0,45.0,28.0,10.0,60.0,32.0,2.0,9.0,11.0,21.0,25.0,30.0,33.0,37.0,40.0,59.0,77.0,81.0
100.0,4200.0,30.0,42.0,5460.0,30.0,117.0,40.0,1.0,10.0,16.0,21.0,25.0,28.0,34.0,37.0,41.0,43.0,60.0,82.0
190.0,110.0,60.0,168.0,118.0,10.0,150.0,72.0,2.0,10.0,11.0,22.0,24.0,30.0,34.0,38.0,40.0,57.0,64.0,81.0
191.0,44.0,30.0,158.0,49.0,30.0,140.0,95.0,1.0,9.0,11.0,21.0,25.0,27.0,33.0,37.0,40.0,57.0,67.0,81.0
95.0,130.0,60.0,59.0,147.0,20.0,117.0,55.0,2.0,10.0,13.0,22.0,24.0,29.0,34.0,37.0,40.0,43.0,60.0,81.0
208.0,181.0,60.0,187.0,194.0,20.0,221.0,85.0,3.0,10.0,13.0,21.0,25.0,31.0,34.0,38.0,40.0,42.0,77.0,81.0
82.0,25.0,60.0,38.0,29.0,20.0,91.0,20.0,2.0,9.0,11.0,21.0,24.0,30.0,33.0,37.0,40.0,43.0,77.0,82.0
73.0,2600.0,30.0,26.0,4160.0,20.0,0.0,0.0,2.0,9.0,16.0,21.0,25.0,28.0,34.0,36.0,41.0,43.0,60.0,81.0
122.0,109.0,60.0,86.0,142.0,30.0,91.0,36.0,3.0,10.0,13.0,21.0,24.0,30.0,34.0,36.0,40.0,59.0,65.0,81.0
182.0,103.0,120.0,68.0,144.0,10.0,200.0,100.0,3.0,9.0,13.0,21.0,25.0,31.0,34.0,37.0,40.0,57.0,60.0,81.0
106.0,89.0,60.0,43.0,136.0,30.0,78.0,24.0,2.0,10.0,13.0,22.0,25.0,29.0,34.0,38.0,40.0,52.0,60.0,81.0
180.0,17.0,30.0,109.0,31.0,20.0,156.0,75.0,3.0,10.0,16.0,21.0,25.0,29.0,34.0,37.0,40.0,42.0,65.0,81.0
236.0,56.0,60.0,71.0,64.0,20.0,210.0,188.0,3.0,9.0,11.0,21.0,25.0,30.0,34.0,37.0,40.0,59.0,60.0,81.0
164.0,158.0,30.0,56.0,181.0,10.0,160.0,130.0,2.0,10.0,13.0,21.0,24.0,30.0,34.0,38.0,40.0,57.0,60.0,81.0
117.0,4200.0,30.0,54.0,5040.0,10.0,80.0,24.0,0.0,10.0,16.0,22.0,25.0,28.0,34.0,37.0,41.0,42.0,72.0,81.0
106.0,4200.0,120.0,37.0,6720.0,10.0,117.0,227.0,4.0,10.0,16.0,22.0,25.0,30.0,34.0,38.0,41.0,43.0,60.0,82.0
78.0,11.0,60.0,42.0,13.0,10.0,40.0,24.0,1.0,9.0,12.0,22.0,25.0,27.0,34.0,36.0,40.0,59.0,77.0,81.0
179.0,76.0,30.0,146.0,84.0,30.0,160.0,160.0,2.0,10.0,11.0,21.0,24.0,30.0,34.0,38.0,40.0,57.0,67.0,81.0
123.0,23.0,60.0,51.0,26.0,20.0,70.0,52.0,3.0,9.0,11.0,21.0,24.0,29.0,34.0,38.0,40.0,42.0,72.0,81.0
150.0,43.0,30.0,136.0,52.0,20.0,120.0,24.0,2.0,9.0,14.0,21.0,24.0,27.0,33.0,39.0,40.0,58.0,79.0,81.0
106.0,72.0,30.0,37.0,84.0,30.0,72.0,78.0,3.0,10.0,11.0,21.0,24.0,28.0,34.0,38.0,40.0,42.0,61.0,81.0
224.0,115.0,30.0,92.0,144.0,30.0,220.0,135.0,2.0,9.0,13.0,22.0,24.0,28.0,34.0,37.0,40.0,57.0,72.0,81.0
164.0,52.0,120.0,135.0,57.0,20.0,150.0,84.0,1.0,9.0,11.0,21.0,24.0,29.0,33.0,37.0,40.0,46.0,65.0,81.0
71.0,1850.0,120.0,48.0,2405.0,20.0,0.0,0.0,1.0,9.0,17.0,21.0,25.0,27.0,34.0,37.0,41.0,57.0,79.0,81.0
273.0,108.0,30.0,193.0,118.0,30.0,136.0,136.0,2.0,10.0,11.0,21.0,24.0,29.0,34.0,37.0,40.0,55.0,65.0,81.0
130.0,67.0,120.0,88.0,76.0,30.0,156.0,56.0,0.0,10.0,11.0,22.0,24.0,29.0,34.0,37.0,40.0,48.0,60.0,81.0
97.0,78.0,60.0,39.0,81.0,20.0,72.0,60.0,2.0,10.0,11.0,23.0,25.0,29.0,34.0,38.0,40.0,43.0,60.0,81.0
241.0,119.0,120.0,143.0,122.0,30.0,170.0,105.0,2.0,10.0,11.0,22.0,25.0,30.0,34.0,37.0,40.0,43.0,73.0,81.0
207.0,262.0,60.0,102.0,301.0,10.0,230.0,116.0,2.0,10.0,13.0,20.0,24.0,29.0,34.0,35.0,40.0,42.0,79.0,81.0
54.0,3120.0,30.0,31.0,3120.0,10.0,78.0,32.0,1.0,9.0,16.0,21.0,25.0,28.0,33.0,38.0,41.0,59.0,77.0,81.0
287.0,3120.0,60.0,87.0,4160.0,30.0,0.0,0.0,2.0,9.0,16.0,21.0,24.0,27.0,34.0,39.0,41.0,57.0,72.0,81.0
198.0,89.0,60.0,142.0,88.0,20.0,112.0,68.0,2.0,10.0,11.0,22.0,24.0,29.0,34.0,38.0,40.0,52.0,61.0,81.0
143.0,3120.0,30.0,92.0,4160.0,20.0,0.0,0.0,2.0,9.0,16.0,21.0,24.0,28.0,33.0,36.0,41.0,43.0,60.0,82.0
34.0,31.0,30.0,10.0,42.0,10.0,32.0,80.0,1.0,10.0,19.0,21.0,25.0,29.0,34.0,38.0,40.0,57.0,79.0,82.0
185.0,50.0,60.0,77.0,80.0,30.0,160.0,95.0,2.0,9.0,15.0,21.0,25.0,29.0,33.0,38.0,40.0,42.0,77.0,81.0
794.0,239.0,120.0,750.0,274.0,30.0,351.0,132.0,3.0,10.0,13.0,21.0,25.0,29.0,34.0,38.0,40.0,59.0,73.0,81.0
252.0,134.0,30.0,133.0,178.0,20.0,300.0,208.0,2.0,10.0,11.0,21.0,25.0,31.0,34.0,38.0,40.0,52.0,79.0,81.0
219.0,124.0,30.0,82.0,144.0,30.0,120.0,162.0,3.0,9.0,13.0,21.0,24.0,30.0,34.0,39.0,40.0,57.0,60.0,81.0
302.0,64.0,120.0,175.0,66.0,30.0,170.0,115.0,3.0,9.0,11.0,21.0,25.0,29.0,34.0,38.0,40.0,59.0,62.0,81.0
62.0,3780.0,60.0,40.0,5460.0,10.0,78.0,195.0,1.0,10.0,16.0,21.0,25.0,29.0,34.0,38.0,41.0,57.0,79.0,81.0
162.0,146.0,120.0,110.0,184.0,10.0,140.0,68.0,2.0,10.0,13.0,21.0,25.0,28.0,34.0,37.0,40.0,42.0,77.0,81.0
106.0,11.0,120.0,41.0,15.0,20.0,64.0,40.0,1.0,9.0,16.0,21.0,25.0,29.0,34.0,37.0,40.0,43.0,60.0,81.0
134.0,36.0,30.0,56.0,49.0,20.0,117.0,60.0,6.0,9.0,11.0,21.0,25.0,27.0,34.0,36.0,40.0,42.0,61.0,81.0
82.0,38.0,60.0,31.0,58.0,30.0,56.0,58.0,0.0,10.0,11.0,22.0,24.0,29.0,34.0,38.0,40.0,57.0,61.0,81.0
119.0,1850.0,60.0,79.0,2220.0,20.0,0.0,0.0,6.0,9.0,17.0,21.0,25.0,27.0,34.0,36.0,41.0,42.0,61.0,82.0
98.0,74.0,30.0,47.0,95.0,20.0,80.0,71.0,2.0,9.0,13.0,22.0,24.0,29.0,34.0,37.0,40.0,57.0,61.0,81.0
264.0,109.0,120.0,93.0,150.0,10.0,260.0,195.0,2.0,10.0,11.0,23.0,24.0,29.0,34.0,38.0,40.0,47.0,79.0,81.0
231.0,67.0,30.0,142.0,81.0,20.0,182.0,85.0,2.0,10.0,11.0,22.0,24.0,29.0,34.0,38.0,40.0,52.0,61.0,81.0
85.0,54.0,60.0,34.0,78.0,30.0,72.0,78.0,2.0,10.0,11.0,22.0,24.0,29.0,34.0,38.0,40.0,42.0,61.0,81.0
133.0,73.0,30.0,84.0,81.0,10.0,88.0,75.0,2.0,10.0,11.0,20.0,24.0,29.0,34.0,35.0,40.0,43.0,60.0,81.0
138.0,20.0,30.0,83.0,23.0,10.0,0.0,0.0,3.0,9.0,12.0,21.0,25.0,27.0,33.0,36.0,40.0,43.0,77.0,82.0
186.0,60.0,120.0,143.0,64.0,20.0,208.0,90.0,2.0,9.0,11.0,23.0,25.0,29.0,34.0,38.0,40.0,57.0,60.0,81.0
204.0,12.0,30.0,101.0,19.0,20.0,168.0,92.0,1.0,9.0,16.0,21.0,25.0,28.0,33.0,37.0,40.0,42.0,79.0,81.0
200.0,210.0,120.0,81.0,237.0,30.0,168.0,156.0,2.0,10.0,13.0,21.0,25.0,29.0,34.0,36.0,40.0,59.0,60.0,81.0
130.0,67.0,30.0,75.0,76.0,10.0,88.0,55.0,2.0,10.0,11.0,23.0,25.0,28.0,34.0,37.0,40.0,43.0,60.0,81.0
236.0,90.0,120.0,84.0,122.0,10.0,208.0,110.0,3.0,10.0,11.0,20.0,24.0,28.0,33.0,35.0,40.0,52.0,61.0,81.0
311.0,101.0,30.0,222.0,109.0,30.0,104.0,104.0,3.0,10.0,11.0,21.0,25.0,29.0,34.0,37.0,40.0,42.0,78.0,81.0
124.0,46.0,60.0,55.0,57.0,30.0,117.0,36.0,4.0,9.0,11.0,22.0,25.0,30.0,33.0,37.0,40.0,43.0,60.0,81.0
200.0,74.0,60.0,100.0,84.0,20.0,0.0,0.0,2.0,9.0,14.0,21.0,24.0,28.0,34.0,36.0,40.0,59.0,60.0,82.0
194.0,109.0,30.0,85.0,150.0,20.0,184.0,120.0,2.0,10.0,11.0,21.0,25.0,29.0,34.0,37.0,40.0,42.0,79.0,81.0
109.0,72.0,30.0,69.0,90.0,30.0,100.0,60.0,0.0,9.0,13.0,21.0,24.0,29.0,34.0,37.0,40.0,43.0,74.0,81.0
222.0,93.0,60.0,161.0,123.0,30.0,144.0,130.0,3.0,9.0,13.0,21.0,24.0,28.0,34.0,38.0,40.0,59.0,62.0,81.0
75.0,20.0,60.0,60.0,52.0,30.0,56.0,52.0,0.0,9.0,11.0,22.0,24.0,30.0,34.0,38.0,40.0,43.0,60.0,81.0
178.0,13.0,30.0,100.0,16.0,10.0,120.0,56.0,3.0,10.0,17.0,21.0,24.0,31.0,34.0,38.0,40.0,43.0,75.0,81.0
246.0,56.0,60.0,91.0,66.0,10.0,128.0,110.0,3.0,9.0,11.0,21.0,24.0,28.0,34.0,38.0,40.0,57.0,63.0,81.0
265.0,83.0,120.0,130.0,105.0,20.0,144.0,84.0,0.0,10.0,11.0,22.0,25.0,29.0,34.0,38.0,40.0,57.0,60.0,81.0
74.0,2220.0,30.0,52.0,2960.0,20.0,0.0,0.0,1.0,9.0,17.0,21.0,25.0,27.0,34.0,37.0,41.0,57.0,79.0,82.0
104.0,31.0,120.0,51.0,38.0,20.0,91.0,40.0,3.0,9.0,11.0,21.0,24.0,29.0,34.0,38.0,40.0,42.0,72.0,81.0
200.0,126.0,30.0,81.0,168.0,20.0,190.0,169.0,2.0,10.0,11.0,21.0,25.0,28.0,34.0,37.0,40.0,42.0,79.0,81.0
55.0,2900.0,60.0,36.0,3480.0,20.0,52.0,60.0,2.0,10.0,17.0,21.0,25.0,31.0,34.0,37.0,41.0,59.0,77.0,82.0
79.0,196.0,60.0,34.0,349.0,30.0,40.0,45.0,0.0,9.0,18.0,21.0,25.0,28.0,33.0,39.0,40.0,52.0,60.0,82.0
151.0,130.0,120.0,116.0,156.0,10.0,136.0,110.0,0.0,9.0,13.0,22.0,25.0,29.0,34.0,39.0,40.0,43.0,73.0,81.0
56.0,22.0,60.0,35.0,29.0,30.0,0.0,0.0,2.0,9.0,11.0,21.0,25.0,28.0,34.0,36.0,40.0,57.0,79.0,82.0
206.0,166.0,120.0,73.0,210.0,20.0,120.0,76.0,2.0,10.0,13.0,22.0,24.0,30.0,34.0,38.0,40.0,57.0,60.0,81.0
165.0,132.0,120.0,137.0,147.0,30.0,156.0,64.0,2.0,10.0,13.0,22.0,24.0,29.0,34.0,38.0,40.0,52.0,66.0,81.0
185.0,108.0,120.0,73.0,111.0,30.0,140.0,75.0,3.0,9.0,13.0,21.0,24.0,30.0,34.0,38.0,40.0,59.0,61.0,81.0
135.0,86.0,60.0,108.0,95.0,20.0,169.0,65.0,3.0,9.0,13.0,21.0,24.0,30.0,34.0,38.0,40.0,42.0,65.0,81.0
230.0,90.0,60.0,112.0,105.0,10.0,152.0,125.0,2.0,10.0,11.0,23.0,25.0,29.0,34.0,38.0,40.0,59.0,67.0,81.0
214.0,175.0,30.0,106.0,210.0,10.0,144.0,125.0,2.0,10.0,13.0,22.0,24.0,30.0,34.0,38.0,40.0,57.0,60.0,81.0
148.0,170.0,60.0,90.0,176.0,20.0,80.0,40.0,2.0,10.0,13.0,22.0,25.0,28.0,34.0,37.0,40.0,47.0,61.0,81.0
292.0,126.0,120.0,92.0,182.0,20.0,152.0,88.0,0.0,9.0,18.0,22.0,25.0,29.0,33.0,38.0,40.0,52.0,77.0,82.0
320.0,149.0,30.0,145.0,177.0,30.0,351.0,168.0,3.0,9.0,13.0,21.0,25.0,28.0,34.0,38.0,40.0,57.0,72.0,81.0
255.0,94.0,60.0,85.0,109.0,20.0,200.0,162.0,2.0,10.0,11.0,22.0,25.0,30.0,34.0,38.0,40.0,42.0,79.0,81.0
196.0,50.0,30.0,142.0,57.0,30.0,182.0,64.0,2.0,9.0,11.0,22.0,25.0,28.0,34.0,37.0,40.0,43.0,72.0,81.0
179.0,45.0,30.0,105.0,57.0,20.0,208.0,80.0,3.0,9.0,11.0,21.0,24.0,30.0,34.0,36.0,40.0,57.0,60.0,81.0
120.0,40.0,60.0,77.0,45.0,20.0,143.0,70.0,2.0,9.0,11.0,21.0,25.0,31.0,33.0,37.0,40.0,43.0,60.0,82.0
125.0,20.0,60.0,80.0,26.0,30.0,0.0,0.0,3.0,9.0,12.0,21.0,25.0,27.0,33.0,36.0,40.0,43.0,77.0,82.0
209.0,211.0,120.0,62.0,225.0,30.0,170.0,110.0,0.0,10.0,13.0,22.0,24.0,28.0,34.0,38.0,40.0,57.0,60.0,81.0
116.0,38.0,60.0,61.0,52.0,30.0,90.0,50.0,1.0,9.0,11.0,21.0,25.0,29.0,33.0,36.0,40.0,42.0,61.0,81.0
112.0,3120.0,120.0,40.0,3120.0,30.0,70.0,30.0,2.0,9.0,16.0,21.0,25.0,31.0,34.0,37.0,41.0,43.0,77.0,82.0
142.0,77.0,60.0,99.0,98.0,30.0,96.0,97.0,3.0,9.0,13.0,21.0,25.0,28.0,33.0,36.0,40.0,57.0,67.0,81.0
333.0,116.0,120.0,171.0,156.0,10.0,247.0,143.0,3.0,9.0,13.0,21.0,25.0,28.0,33.0,37.0,40.0,52.0,61.0,81.0
186.0,73.0,30.0,116.0,88.0,20.0,273.0,110.0,0.0,10.0,11.0,21.0,25.0,28.0,33.0,37.0,40.0,43.0,72.0,81.0
215.0,132.0,120.0,141.0,153.0,20.0,96.0,64.0,2.0,10.0,13.0,22.0,24.0,29.0,34.0,38.0,40.0,52.0,66.0,81.0
201.0,83.0,120.0,82.0,118.0,10.0,170.0,88.0,3.0,10.0,11.0,23.0,24.0,29.0,34.0,38.0,40.0,43.0,72.0,81.0
221.0,166.0,30.0,72.0,237.0,20.0,299.0,120.0,2.0,10.0,13.0,22.0,25.0,30.0,34.0,37.0,40.0,42.0,77.0,81.0
164.0,84.0,30.0,68.0,118.0,20.0,120.0,72.0,2.0,10.0,11.0,22.0,25.0,28.0,34.0,38.0,40.0,52.0,61.0,81.0
189.0,39.0,60.0,115.0,43.0,20.0,100.0,71.0,2.0,9.0,11.0,22.0,24.0,28.0,34.0,38.0,40.0,43.0,60.0,81.0
98.0,35.0,120.0,29.0,49.0,10.0,117.0,19.0,1.0,9.0,11.0,21.0,25.0,29.0,33.0,37.0,40.0,42.0,61.0,82.0
108.0,38.0,30.0,99.0,46.0,20.0,0.0,0.0,2.0,9.0,11.0,21.0,25.0,31.0,33.0,36.0,40.0,48.0,79.0,82.0
96.0,2340.0,60.0,26.0,3120.0,20.0,0.0,0.0,2.0,9.0,16.0,21.0,25.0,28.0,34.0,36.0,41.0,43.0,60.0,81.0
193.0,47.0,120.0,64.0,57.0,20.0,136.0,104.0,3.0,9.0,11.0,21.0,25.0,28.0,34.0,38.0,40.0,42.0,77.0,81.0
206.0,36.0,30.0,197.0,40.0,30.0,110.0,70.0,3.0,9.0,11.0,21.0,25.0,30.0,34.0,38.0,40.0,59.0,78.0,81.0
95.0,2340.0,30.0,51.0,3380.0,30.0,0.0,0.0,2.0,9.0,16.0,21.0,25.0,28.0,33.0,36.0,41.0,43.0,60.0,81.0
244.0,178.0,30.0,89.0,245.0,20.0,247.0,125.0,3.0,10.0,13.0,21.0,25.0,29.0,33.0,38.0,40.0,57.0,60.0,81.0
262.0,252.0,120.0,83.0,274.0,30.0,220.0,145.0,2.0,10.0,13.0,22.0,24.0,29.0,34.0,38.0,40.0,42.0,79.0,81.0
372.0,155.0,120.0,283.0,172.0,30.0,364.0,124.0,3.0,9.0,13.0,21.0,24.0,30.0,33.0,36.0,40.0,59.0,73.0,81.0
182.0,45.0,120.0,63.0,80.0,10.0,140.0,64.0,0.0,9.0,15.0,22.0,25.0,29.0,34.0,38.0,40.0,52.0,61.0,81.0
82.0,1665.0,60.0,31.0,2960.0,30.0,0.0,0.0,1.0,9.0,17.0,21.0,25.0,27.0,33.0,36.0,41.0,43.0,77.0,82.0
270.0,79.0,60.0,114.0,92.0,20.0,150.0,117.0,2.0,10.0,11.0,22.0,24.0,29.0,34.0,38.0,40.0,52.0,61.0,81.0
290.0,3120.0,60.0,125.0,4160.0,30.0,0.0,0.0,2.0,9.0,16.0,21.0,25.0,31.0,34.0,37.0,41.0,42.0,79.0,81.0
290.0,203.0,60.0,205.0,245.0,30.0,195.0,68.0,3.0,10.0,13.0,21.0,25.0,29.0,33.0,36.0,40.0,42.0,78.0,81.0
63.0,11.0,30.0,44.0,16.0,20.0,40.0,19.0,1.0,9.0,12.0,22.0,25.0,27.0,34.0,36.0,40.0,59.0,77.0,81.0
250.0,163.0,120.0,187.0,184.0,20.0,136.0,68.0,3.0,10.0,13.0,21.0,25.0,31.0,34.0,38.0,40.0,42.0,77.0,81.0
117.0,4200.0,30.0,49.0,5040.0,10.0,90.0,40.0,1.0,10.0,16.0,21.0,25.0,28.0,34.0,37.0,41.0,43.0,60.0,81.0
160.0,76.0,60.0,130.0,83.0,10.0,72.0,65.0,3.0,9.0,13.0,21.0,25.0,28.0,34.0,36.0,40.0,59.0,65.0,81.0
266.0,58.0,120.0,90.0,86.0,10.0,230.0,112.0,1.0,9.0,11.0,21.0,24.0,30.0,34.0,37.0,40.0,57.0,72.0,81.0
54.0,179.0,30.0,30.0,239.0,10.0,0.0,0.0,1.0,9.0,18.0,21.0,25.0,28.0,34.0,38.0,40.0,57.0,79.0,82.0
73.0,65.0,120.0,58.0,86.0,10.0,0.0,0.0,2.0,9.0,19.0,21.0,25.0,27.0,34.0,36.0,40.0,57.0,79.0,81.0
195.0,221.0,120.0,87.0,245.0,20.0,195.0,80.0,2.0,10.0,13.0,22.0,24.0,28.0,34.0,37.0,40.0,42.0,77.0,81.0
51.0,33.0,30.0,30.0,52.0,20.0,40.0,24.0,0.0,9.0,13.0,22.0,24.0,28.0,34.0,38.0,40.0,59.0,77.0,81.0
89.0,28.0,60.0,40.0,40.0,30.0,56.0,65.0,1.0,9.0,11.0,21.0,24.0,30.0,34.0,38.0,40.0,57.0,61.0,81.0
104.0,136.0,60.0,45.0,153.0,20.0,0.0,0.0,2.0,10.0,13.0,21.0,26.0,28.0,33.0,39.0,40.0,43.0,79.0,82.0
97.0,3780.0,120.0,41.0,6720.0,10.0,0.0,0.0,0.0,10.0,16.0,21.0,25.0,30.0,34.0,36.0,41.0,42.0,72.0,81.0
78.0,60.0,60.0,35.0,71.0,20.0,143.0,50.0,0.0,10.0,11.0,22.0,25.0,28.0,33.0,39.0,40.0,43.0,60.0,82.0
213.0,76.0,30.0,137.0,84.0,10.0,120.0,95.0,1.0,10.0,11.0,21.0,25.0,29.0,34.0,38.0,40.0,54.0,79.0,81.0
52.0,3120.0,30.0,30.0,4160.0,20.0,0.0,0.0,1.0,9.0,16.0,21.0,25.0,28.0,33.0,37.0,41.0,57.0,79.0,82.0
125.0,72.0,120.0,44.0,99.0,10.0,110.0,60.0,3.0,9.0,13.0,21.0,24.0,29.0,33.0,36.0,40.0,59.0,61.0,81.0
92.0,24.0,30.0,34.0,29.0,10.0,0.0,0.0,2.0,9.0,14.0,21.0,26.0,29.0,33.0,37.0,40.0,52.0,60.0,81.0
82.0,50.0,30.0,34.0,76.0,20.0,56.0,28.0,0.0,9.0,13.0,21.0,24.0,27.0,34.0,36.0,40.0,57.0,61.0,81.0
83.0,1665.0,60.0,34.0,2405.0,10.0,0.0,0.0,0.0,9.0,17.0,21.0,25.0,28.0,33.0,37.0,41.0,52.0,60.0,81.0
106.0,42.0,30.0,37.0,49.0,30.0,64.0,58.0,2.0,9.0,11.0,21.0,25.0,28.0,34.0,37.0,40.0,42.0,61.0,81.0
205.0,118.0,120.0,55.0,128.0,30.0,180.0,110.0,2.0,9.0,13.0,21.0,24.0,29.0,34.0,37.0,40.0,52.0,61.0,81.0
142.0,82.0,60.0,91.0,98.0,10.0,143.0,104.0,2.0,9.0,13.0,23.0,25.0,28.0,34.0,39.0,40.0,43.0,69.0,81.0
308.0,89.0,60.0,139.0,99.0,20.0,216.0,120.0,3.0,9.0,11.0,21.0,25.0,28.0,34.0,38.0,40.0,59.0,71.0,81.0
43.0,37.0,120.0,20.0,43.0,20.0,50.0,39.0,2.0,9.0,13.0,21.0,26.0,28.0,33.0,37.0,40.0,57.0,79.0,81.0
236.0,105.0,30.0,81.0,118.0,10.0,190.0,132.0,0.0,10.0,11.0,21.0,24.0,28.0,34.0,38.0,40.0,59.0,60.0,81.0
111.0,52.0,60.0,48.0,80.0,30.0,0.0,0.0,1.0,9.0,13.0,21.0,25.0,28.0,34.0,36.0,40.0,42.0,72.0,81.0
135.0,91.0,30.0,130.0,91.0,10.0,117.0,84.0,3.0,9.0,13.0,21.0,25.0,28.0,34.0,36.0,40.0,59.0,65.0,81.0
62.0,5040.0,30.0,40.0,6720.0,20.0,60.0,195.0,1.0,10.0,16.0,21.0,25.0,29.0,34.0,38.0,41.0,57.0,79.0,82.0
91.0,54.0,60.0,90.0,60.0,20.0,0.0,0.0,2.0,10.0,11.0,21.0,25.0,28.0,34.0,39.0,40.0,59.0,65.0,82.0
82.0,25.0,120.0,31.0,32.0,20.0,70.0,52.0,0.0,9.0,11.0,20.0,24.0,30.0,34.0,35.0,40.0,57.0,61.0,81.0
54.0,2340.0,120.0,25.0,3380.0,20.0,32.0,67.0,0.0,9.0,16.0,23.0,25.0,29.0,34.0,37.0,41.0,59.0,77.0,82.0
192.0,74.0,60.0,104.0,81.0,10.0,112.0,85.0,2.0,10.0,11.0,22.0,24.0,28.0,33.0,38.0,40.0,44.0,77.0,81.0
116.0,24.0,120.0,49.0,36.0,10.0,78.0,52.0,0.0,9.0,11.0,21.0,25.0,28.0,34.0,37.0,40.0,52.0,60.0,82.0
150.0,68.0,60.0,109.0,84.0,30.0,120.0,136.0,2.0,10.0,11.0,23.0,25.0,30.0,34.0,38.0,40.0,57.0,74.0,81.0
108.0,13.0,30.0,50.0,17.0,30.0,130.0,64.0,2.0,10.0,17.0,23.0,25.0,31.0,34.0,37.0,40.0,42.0,61.0,81.0
82.0,4200.0,60.0,38.0,5040.0,20.0,0.0,0.0,0.0,10.0,16.0,23.0,25.0,30.0,33.0,38.0,41.0,57.0,61.0,82.0
170.0,59.0,30.0,115.0,66.0,10.0,144.0,85.0,6.0,9.0,11.0,21.0,25.0,27.0,33.0,36.0,40.0,55.0,74.0,82.0
252.0,270.0,60.0,143.0,281.0,20.0,192.0,112.0,2.0,10.0,13.0,22.0,25.0,30.0,34.0,38.0,40.0,57.0,72.0,81.0
216.0,58.0,60.0,125.0,78.0,30.0,224.0,221.0,3.0,9.0,11.0,21.0,25.0,30.0,34.0,37.0,40.0,57.0,75.0,81.0
224.0,154.0,120.0,92.0,210.0,10.0,176.0,135.0,2.0,9.0,13.0,22.0,24.0,28.0,34.0,37.0,40.0,57.0,72.0,81.0
174.0,54.0,60.0,77.0,66.0,30.0,0.0,0.0,2.0,9.0,11.0,21.0,26.0,29.0,33.0,36.0,40.0,59.0,61.0,81.0
129.0,75.0,60.0,78.0,90.0,10.0,117.0,78.0,6.0,9.0,13.0,21.0,25.0,28.0,33.0,37.0,40.0,43.0,64.0,81.0
51.0,179.0,60.0,28.0,318.0,30.0,0.0,0.0,1.0,9.0,18.0,21.0,25.0,28.0,34.0,38.0,40.0,57.0,79.0,82.0
95.0,3120.0,30.0,44.0,3120.0,10.0,0.0,0.0,2.0,9.0,16.0,21.0,25.0,28.0,33.0,36.0,41.0,43.0,60.0,81.0
297.0,90.0,120.0,174.0,112.0,10.0,234.0,169.0,2.0,10.0,11.0,21.0,24.0,30.0,34.0,38.0,40.0,59.0,68.0,81.0
103.0,63.0,120.0,94.0,70.0,30.0,72.0,71.0,3.0,9.0,13.0,21.0,24.0,28.0,34.0,36.0,40.0,59.0,65.0,81.0
229.0,170.0,120.0,133.0,167.0,30.0,130.0,80.0,0.0,10.0,13.0,22.0,24.0,30.0,34.0,38.0,40.0,57.0,74.0,81.0
159.0,42.0,30.0,84.0,46.0,10.0,110.0,44.0,2.0,9.0,11.0,22.0,25.0,28.0,34.0,37.0,40.0,43.0,60.0,81.0
283.0,134.0,30.0,162.0,193.0,20.0,240.0,182.0,2.0,10.0,11.0,22.0,24.0,29.0,34.0,38.0,40.0,52.0,77.0,81.0
209.0,108.0,60.0,98.0,118.0,20.0,120.0,84.0,2.0,10.0,11.0,22.0,24.0,29.0,34.0,38.0,40.0,52.0,61.0,81.0
85.0,60.0,60.0,41.0,71.0,20.0,117.0,50.0,2.0,10.0,11.0,23.0,24.0,29.0,34.0,38.0,40.0,43.0,60.0,81.0
193.0,88.0,30.0,74.0,105.0,30.0,195.0,76.0,2.0,10.0,11.0,22.0,24.0,29.0,34.0,37.0,40.0,43.0,72.0,81.0
103.0,22.0,30.0,31.0,34.0,20.0,91.0,40.0,3.0,9.0,11.0,23.0,24.0,30.0,34.0,38.0,40.0,43.0,77.0,81.0
236.0,111.0,60.0,71.0,128.0,20.0,210.0,149.0,3.0,9.0,13.0,21.0,24.0,29.0,34.0,36.0,40.0,59.0,60.0,81.0
120.0,38.0,120.0,90.0,42.0,30.0,100.0,55.0,3.0,9.0,11.0,21.0,24.0,29.0,34.0,37.0,40.0,59.0,65.0,81.0
85.0,36.0,120.0,35.0,45.0,20.0,80.0,58.0,6.0,9.0,11.0,21.0,24.0,30.0,33.0,37.0,40.0,43.0,60.0,81.0
122.0,4200.0,30.0,77.0,6720.0,20.0,72.0,52.0,0.0,10.0,16.0,22.0,25.0,30.0,34.0,38.0,41.0,42.0,61.0,81.0
358.0,247.0,60.0,348.0,281.0,30.0,192.0,188.0,3.0,10.0,13.0,21.0,25.0,31.0,34.0,37.0,40.0,57.0,76.0,81.0
233.0,53.0,60.0,186.0,57.0,20.0,221.0,115.0,3.0,9.0,11.0,21.0,25.0,29.0,34.0,38.0,40.0,59.0,62.0,81.0
234.0,105.0,60.0,60.0,127.0,10.0,160.0,130.0,2.0,10.0,11.0,22.0,25.0,30.0,34.0,38.0,40.0,59.0,60.0,81.0
236.0,123.0,60.0,63.0,144.0,10.0,168.0,120.0,0.0,9.0,13.0,21.0,25.0,27.0,34.0,36.0,40.0,59.0,60.0,81.0
158.0,83.0,120.0,54.0,108.0,20.0,140.0,104.0,2.0,10.0,15.0,21.0,25.0,30.0,33.0,38.0,40.0,52.0,61.0,81.0
173.0,106.0,30.0,145.0,109.0,10.0,260.0,143.0,2.0,10.0,11.0,22.0,24.0,28.0,34.0,38.0,40.0,48.0,75.0,81.0
245.0,213.0,30.0,156.0,254.0,30.0,250.0,180.0,3.0,10.0,13.0,21.0,24.0,28.0,34.0,38.0,40.0,59.0,72.0,81.0
98.0,85.0,60.0,53.0,92.0,10.0,100.0,52.0,2.0,10.0,11.0,22.0,24.0,28.0,34.0,38.0,40.0,43.0,60.0,81.0
138.0,128.0,30.0,59.0,169.0,20.0,117.0,55.0,2.0,10.0,13.0,22.0,24.0,28.0,34.0,37.0,40.0,47.0,61.0,81.0
134.0,56.0,60.0,56.0,65.0,10.0,64.0,55.0,2.0,10.0,11.0,22.0,25.0,30.0,34.0,37.0,40.0,43.0,77.0,81.0
196.0,45.0,30.0,145.0,50.0,10.0,112.0,80.0,2.0,9.0,11.0,22.0,25.0,28.0,34.0,37.0,40.0,43.0,72.0,81.0
299.0,156.0,120.0,131.0,189.0,20.0,290.0,227.0,3.0,9.0,13.0,21.0,24.0,28.0,34.0,37.0,40.0,52.0,79.0,81.0
181.0,89.0,120.0,146.0,99.0,30.0,221.0,84.0,2.0,10.0,11.0,22.0,25.0,30.0,34.0,37.0,40.0,43.0,73.0,81.0
283.0,146.0,30.0,109.0,207.0,20.0,270.0,195.0,2.0,10.0,11.0,22.0,25.0,29.0,33.0,37.0,40.0,52.0,79.0,81.0
168.0,70.0,120.0,110.0,92.0,10.0,110.0,64.0,2.0,10.0,11.0,22.0,24.0,29.0,34.0,38.0,40.0,52.0,61.0,81.0
135.0,50.0,30.0,73.0,54.0,30.0,112.0,84.0,3.0,9.0,11.0,21.0,25.0,30.0,34.0,36.0,40.0,42.0,65.0,81.0
225.0,169.0,120.0,155.0,218.0,10.0,195.0,110.0,2.0,10.0,13.0,22.0,25.0,30.0,34.0,37.0,40.0,55.0,65.0,81.0
103.0,30.0,30.0,34.0,38.0,30.0,56.0,52.0,3.0,9.0,11.0,21.0,25.0,30.0,34.0,37.0,40.0,43.0,77.0,81.0
200.0,94.0,60.0,81.0,118.0,10.0,260.0,149.0,2.0,10.0,11.0,22.0,24.0,29.0,34.0,38.0,40.0,59.0,60.0,81.0
110.0,32.0,60.0,59.0,48.0,30.0,0.0,0.0,0.0,9.0,11.0,22.0,25.0,29.0,33.0,37.0,40.0,42.0,61.0,82.0
101.0,35.0,30.0,36.0,42.0,10.0,0.0,0.0,2.0,9.0,11.0,21.0,25.0,27.0,34.0,36.0,40.0,43.0,60.0,81.0
71.0,19.0,120.0,38.0,22.0,30.0,0.0,0.0,2.0,9.0,11.0,21.0,25.0,28.0,34.0,36.0,40.0,59.0,77.0,82.0
219.0,106.0,120.0,149.0,116.0,30.0,136.0,149.0,1.0,9.0,13.0,21.0,24.0,29.0,34.0,38.0,40.0,59.0,67.0,81.0
259.0,158.0,30.0,159.0,198.0,20.0,210.0,156.0,3.0,9.0,13.0,21.0,25.0,30.0,33.0,36.0,40.0,57.0,72.0,81.0
193.0,181.0,120.0,123.0,194.0,30.0,136.0,143.0,0.0,10.0,13.0,22.0,24.0,29.0,34.0,38.0,40.0,59.0,67.0,81.0
230.0,83.0,60.0,130.0,105.0,10.0,234.0,136.0,0.0,10.0,11.0,22.0,25.0,29.0,34.0,38.0,40.0,57.0,60.0,81.0
372.0,172.0,60.0,293.0,189.0,20.0,364.0,155.0,3.0,9.0,13.0,21.0,24.0,30.0,33.0,36.0,40.0,59.0,73.0,81.0
200.0,44.0,30.0,115.0,56.0,20.0,156.0,80.0,2.0,9.0,11.0,22.0,25.0,28.0,34.0,37.0,40.0,52.0,61.0,81.0
149.0,68.0,60.0,110.0,86.0,30.0,104.0,44.0,3.0,9.0,13.0,21.0,25.0,28.0,33.0,37.0,40.0,59.0,77.0,81.0
93.0,4200.0,30.0,49.0,6720.0,20.0,48.0,80.0,0.0,10.0,16.0,22.0,25.0,29.0,34.0,38.0,41.0,42.0,72.0,81.0
193.0,211.0,120.0,50.0,225.0,30.0,170.0,95.0,2.0,10.0,13.0,21.0,24.0,28.0,34.0,37.0,40.0,57.0,60.0,81.0
123.0,184.0,60.0,94.0,194.0,10.0,110.0,160.0,2.0,10.0,13.0,21.0,26.0,30.0,34.0,38.0,40.0,48.0,60.0,82.0
224.0,128.0,30.0,80.0,182.0,20.0,160.0,112.0,2.0,9.0,13.0,22.0,25.0,28.0,34.0,37.0,40.0,57.0,72.0,81.0
72.0,16.0,60.0,53.0,19.0,10.0,70.0,12.0,5.0,9.0,12.0,21.0,25.0,29.0,34.0,37.0,40.0,59.0,77.0,82.0
202.0,153.0,120.0,159.0,167.0,20.0,120.0,104.0,3.0,10.0,13.0,21.0,24.0,31.0,34.0,37.0,40.0,57.0,67.0,81.0
54.0,204.0,60.0,35.0,245.0,20.0,78.0,70.0,2.0,10.0,18.0,21.0,25.0,29.0,34.0,38.0,40.0,57.0,79.0,82.0
90.0,3120.0,60.0,77.0,3120.0,20.0,72.0,44.0,0.0,9.0,16.0,23.0,25.0,30.0,34.0,37.0,41.0,59.0,65.0,81.0
342.0,284.0,120.0,114.0,310.0,30.0,240.0,185.0,3.0,10.0,13.0,21.0,25.0,29.0,34.0,37.0,40.0,57.0,72.0,81.0
105.0,82.0,120.0,66.0,99.0,10.0,80.0,65.0,2.0,10.0,11.0,21.0,25.0,30.0,33.0,38.0,40.0,42.0,61.0,81.0
102.0,3780.0,60.0,35.0,5040.0,20.0,60.0,39.0,1.0,10.0,16.0,22.0,25.0,28.0,34.0,38.0,41.0,42.0,72.0,81.0
82.0,50.0,30.0,34.0,76.0,20.0,56.0,36.0,0.0,9.0,13.0,21.0,24.0,28.0,34.0,38.0,40.0,57.0,61.0,81.0
151.0,40.0,60.0,116.0,48.0,10.0,169.0,104.0,3.0,9.0,11.0,21.0,24.0,28.0,34.0,38.0,40.0,42.0,65.0,81.0
85.0,74.0,30.0,39.0,116.0,20.0,48.0,24.0,2.0,10.0,13.0,22.0,25.0,29.0,34.0,38.0,40.0,52.0,60.0,81.0
284.0,284.0,30.0,165.0,366.0,20.0,240.0,201.0,3.0,10.0,13.0,21.0,25.0,29.0,34.0,38.0,40.0,59.0,72.0,81.0
138.0,61.0,30.0,59.0,84.0,20.0,117.0,60.0,2.0,10.0,11.0,22.0,25.0,30.0,34.0,38.0,40.0,43.0,60.0,81.0
207.0,19.0,60.0,60.0,25.0,10.0,136.0,95.0,0.0,10.0,16.0,21.0,24.0,28.0,34.0,38.0,40.0,57.0,60.0,81.0
203.0,108.0,60.0,95.0,149.0,30.0,170.0,90.0,3.0,9.0,13.0,22.0,24.0,29.0,34.0,38.0,40.0,42.0,77.0,81.0
102.0,54.0,60.0,51.0,68.0,10.0,78.0,65.0,0.0,10.0,11.0,22.0,25.0,29.0,33.0,37.0,40.0,42.0,61.0,81.0
108.0,85.0,60.0,36.0,108.0,10.0,56.0,45.0,2.0,10.0,13.0,21.0,25.0,30.0,33.0,39.0,40.0,57.0,61.0,81.0
149.0,38.0,30.0,68.0,50.0,20.0,143.0,70.0,2.0,9.0,11.0,22.0,25.0,28.0,34.0,36.0,40.0,52.0,61.0,81.0
236.0,94.0,120.0,81.0,118.0,20.0,160.0,92.0,2.0,10.0,11.0,22.0,24.0,29.0,34.0,38.0,40.0,59.0,60.0,81.0
174.0,118.0,120.0,61.0,132.0,20.0,195.0,100.0,3.0,9.0,13.0,21.0,25.0,28.0,33.0,37.0,40.0,52.0,61.0,81.0
161.0,97.0,30.0,91.0,118.0,20.0,150.0,117.0,2.0,10.0,11.0,21.0,25.0,31.0,34.0,38.0,40.0,43.0,79.0,82.0
121.0,2340.0,120.0,63.0,4160.0,10.0,0.0,0.0,2.0,9.0,16.0,21.0,25.0,31.0,34.0,39.0,41.0,43.0,77.0,81.0
202.0,1850.0,30.0,126.0,2220.0,10.0,0.0,0.0,2.0,9.0,17.0,21.0,25.0,27.0,34.0,36.0,41.0,52.0,61.0,81.0
138.0,46.0,30.0,93.0,46.0,10.0,143.0,91.0,1.0,9.0,11.0,21.0,25.0,31.0,34.0,37.0,40.0,57.0,61.0,81.0
116.0,42.0,120.0,70.0,53.0,20.0,60.0,45.0,0.0,10.0,11.0,22.0,25.0,28.0,34.0,37.0,40.0,42.0,72.0,81.0
142.0,5040.0,120.0,111.0,6720.0,10.0,0.0,0.0,2.0,10.0,16.0,21.0,25.0,29.0,34.0,38.0,41.0,43.0,72.0,81.0
258.0,67.0,120.0,100.0,84.0,20.0,0.0,0.0,2.0,9.0,14.0,21.0,24.0,28.0,34.0,36.0,40.0,59.0,60.0,82.0
128.0,42.0,60.0,50.0,49.0,10.0,80.0,65.0,2.0,9.0,11.0,22.0,25.0,28.0,34.0,37.0,40.0,43.0,60.0,81.0
103.0,50.0,30.0,38.0,58.0,10.0,70.0,36.0,3.0,9.0,13.0,21.0,25.0,31.0,33.0,38.0,40.0,57.0,61.0,81.0
150.0,70.0,30.0,95.0,81.0,10.0,88.0,70.0,2.0,10.0,11.0,22.0,25.0,29.0,34.0,38.0,40.0,43.0,69.0,81.0
217.0,138.0,60.0,166.0,155.0,10.0,156.0,104.0,3.0,10.0,13.0,21.0,24.0,31.0,34.0,37.0,40.0,57.0,67.0,81.0
201.0,76.0,60.0,131.0,88.0,10.0,221.0,156.0,2.0,10.0,11.0,22.0,24.0,30.0,34.0,38.0,40.0,59.0,66.0,81.0
110.0,2600.0,30.0,65.0,4160.0,20.0,80.0,120.0,1.0,9.0,16.0,23.0,25.0,28.0,34.0,37.0,41.0,42.0,61.0,81.0
233.0,81.0,30.0,144.0,105.0,20.0,221.0,100.0,2.0,10.0,11.0,22.0,25.0,28.0,34.0,37.0,40.0,52.0,61.0,81.0
174.0,44.0,30.0,61.0,52.0,10.0,120.0,95.0,2.0,9.0,11.0,23.0,24.0,29.0,34.0,38.0,40.0,52.0,61.0,81.0
100.0,27.0,60.0,31.0,31.0,20.0,0.0,0.0,0.0,9.0,14.0,22.0,25.0,28.0,34.0,37.0,40.0,57.0,61.0,81.0
241.0,225.0,30.0,127.0,266.0,30.0,286.0,120.0,3.0,10.0,13.0,21.0,25.0,30.0,34.0,38.0,40.0,57.0,73.0,81.0
239.0,64.0,30.0,125.0,74.0,30.0,364.0,136.0,3.0,9.0,11.0,21.0,25.0,30.0,34.0,37.0,40.0,57.0,75.0,81.0
210.0,11.0,30.0,63.0,19.0,20.0,221.0,105.0,2.0,9.0,16.0,21.0,25.0,30.0,34.0,38.0,40.0,42.0,77.0,81.0
231.0,2600.0,30.0,117.0,3380.0,30.0,273.0,48.0,0.0,9.0,16.0,21.0,25.0,29.0,34.0,37.0,41.0,45.0,77.0,82.0
217.0,94.0,120.0,102.0,118.0,30.0,273.0,108.0,2.0,10.0,11.0,22.0,24.0,30.0,33.0,38.0,40.0,52.0,77.0,81.0
246.0,110.0,120.0,114.0,137.0,30.0,351.0,128.0,2.0,10.0,11.0,23.0,25.0,29.0,34.0,38.0,40.0,59.0,72.0,81.0
125.0,80.0,120.0,55.0,90.0,30.0,88.0,97.0,3.0,9.0,13.0,21.0,24.0,29.0,33.0,38.0,40.0,59.0,61.0,81.0
250.0,41.0,120.0,164.0,49.0,20.0,96.0,56.0,3.0,9.0,11.0,21.0,25.0,28.0,34.0,39.0,40.0,43.0,75.0,81.0
297.0,108.0,30.0,174.0,118.0,30.0,144.0,169.0,2.0,10.0,11.0,21.0,24.0,30.0,34.0,38.0,40.0,59.0,68.0,81.0
175.0,200.0,60.0,146.0,218.0,10.0,180.0,92.0,2.0,10.0,13.0,22.0,25.0,30.0,34.0,38.0,40.0,57.0,60.0,81.0
129.0,109.0,120.0,81.0,136.0,30.0,117.0,48.0,0.0,10.0,13.0,22.0,24.0,30.0,34.0,38.0,40.0,43.0,60.0,81.0
164.0,81.0,30.0,82.0,99.0,30.0,160.0,95.0,3.0,10.0,11.0,21.0,25.0,30.0,34.0,37.0,40.0,42.0,77.0,81.0
167.0,47.0,60.0,135.0,62.0,30.0,120.0,110.0,2.0,9.0,11.0,23.0,24.0,31.0,34.0,37.0,40.0,42.0,77.0,81.0
1049.0,319.0,120.0,742.0,337.0,30.0,270.0,165.0,3.0,10.0,13.0,21.0,25.0,29.0,34.0,38.0,40.0,59.0,73.0,81.0
99.0,49.0,60.0,90.0,56.0,10.0,0.0,0.0,2.0,10.0,11.0,21.0,25.0,28.0,34.0,39.0,40.0,59.0,65.0,81.0
150.0,176.0,120.0,50.0,210.0,20.0,170.0,123.0,2.0,10.0,13.0,21.0,24.0,28.0,34.0,37.0,40.0,57.0,60.0,81.0
190.0,89.0,120.0,104.0,88.0,30.0,130.0,85.0,3.0,10.0,11.0,21.0,25.0,29.0,33.0,38.0,40.0,52.0,66.0,81.0
116.0,4200.0,60.0,63.0,6720.0,30.0,70.0,45.0,0.0,10.0,16.0,23.0,25.0,29.0,34.0,38.0,41.0,42.0,72.0,81.0
144.0,91.0,30.0,89.0,103.0,30.0,156.0,64.0,2.0,9.0,13.0,21.0,24.0,28.0,34.0,37.0,40.0,43.0,60.0,81.0
120.0,63.0,120.0,92.0,80.0,10.0,117.0,71.0,0.0,9.0,13.0,21.0,24.0,28.0,34.0,37.0,40.0,59.0,65.0,81.0
373.0,284.0,30.0,195.0,322.0,30.0,208.0,214.0,2.0,10.0,13.0,21.0,24.0,28.0,34.0,38.0,40.0,55.0,79.0,81.0
387.0,133.0,60.0,286.0,156.0,30.0,208.0,84.0,3.0,9.0,13.0,21.0,25.0,29.0,34.0,38.0,40.0,42.0,78.0,81.0
171.0,103.0,120.0,101.0,108.0,30.0,130.0,65.0,3.0,9.0,13.0,21.0,24.0,30.0,34.0,38.0,40.0,42.0,65.0,81.0
102.0,23.0,60.0,56.0,34.0,30.0,0.0,0.0,2.0,9.0,11.0,21.0,25.0,27.0,34.0,36.0,40.0,42.0,72.0,82.0
112.0,26.0,30.0,56.0,32.0,30.0,0.0,0.0,2.0,9.0,11.0,21.0,25.0,27.0,34.0,36.0,40.0,42.0,72.0,82.0
126.0,68.0,30.0,98.0,71.0,10.0,100.0,120.0,6.0,9.0,13.0,22.0,24.0,29.0,33.0,37.0,40.0,59.0,65.0,81.0
197.0,85.0,120.0,118.0,99.0,20.0,0.0,0.0,2.0,9.0,13.0,21.0,25.0,27.0,33.0,39.0,40.0,42.0,61.0,82.0
182.0,108.0,60.0,96.0,123.0,20.0,221.0,100.0,2.0,9.0,13.0,22.0,25.0,29.0,34.0,37.0,40.0,43.0,72.0,81.0
138.0,48.0,30.0,94.0,62.0,30.0,70.0,40.0,0.0,9.0,13.0,21.0,24.0,29.0,34.0,38.0,40.0,57.0,61.0,81.0
192.0,75.0,60.0,53.0,100.0,20.0,200.0,188.0,2.0,10.0,15.0,21.0,25.0,31.0,34.0,37.0,40.0,57.0,60.0,81.0
216.0,113.0,30.0,116.0,150.0,20.0,170.0,169.0,2.0,10.0,11.0,20.0,25.0,31.0,34.0,38.0,40.0,42.0,77.0,81.0
101.0,32.0,30.0,45.0,40.0,30.0,0.0,0.0,0.0,9.0,11.0,22.0,25.0,28.0,34.0,37.0,40.0,52.0,74.0,82.0
125.0,76.0,120.0,49.0,99.0,10.0,117.0,78.0,2.0,9.0,13.0,22.0,24.0,28.0,34.0,38.0,40.0,43.0,60.0,81.0
158.0,184.0,30.0,107.0,218.0,20.0,100.0,84.0,2.0,10.0,13.0,22.0,25.0,29.0,34.0,38.0,40.0,43.0,60.0,81.0
117.0,68.0,30.0,59.0,81.0,30.0,117.0,48.0,2.0,10.0,11.0,22.0,25.0,30.0,34.0,38.0,40.0,43.0,60.0,81.0
180.0,23.0,30.0,112.0,25.0,30.0,96.0,97.0,3.0,10.0,16.0,21.0,25.0,29.0,34.0,37.0,40.0,42.0,65.0,81.0
104.0,62.0,30.0,78.0,68.0,30.0,104.0,44.0,3.0,9.0,13.0,21.0,25.0,28.0,33.0,37.0,40.0,59.0,65.0,81.0
310.0,131.0,30.0,210.0,165.0,20.0,210.0,169.0,2.0,10.0,11.0,22.0,24.0,28.0,34.0,38.0,40.0,52.0,78.0,81.0
138.0,40.0,30.0,65.0,45.0,10.0,135.0,80.0,0.0,9.0,11.0,21.0,25.0,28.0,34.0,38.0,40.0,54.0,61.0,81.0
203.0,108.0,30.0,89.0,132.0,30.0,221.0,72.0,3.0,9.0,13.0,22.0,24.0,29.0,34.0,38.0,40.0,42.0,77.0,81.0
108.0,38.0,120.0,50.0,50.0,10.0,100.0,52.0,2.0,9.0,11.0,22.0,25.0,28.0,34.0,37.0,40.0,43.0,60.0,81.0
114.0,72.0,30.0,55.0,86.0,30.0,110.0,70.0,3.0,9.0,13.0,21.0,24.0,30.0,34.0,37.0,40.0,59.0,61.0,81.0
177.0,100.0,30.0,96.0,123.0,30.0,160.0,100.0,3.0,9.0,13.0,21.0,25.0,28.0,34.0,37.0,40.0,57.0,60.0,81.0
54.0,251.0,60.0,28.0,251.0,20.0,0.0,0.0,2.0,9.0,18.0,22.0,25.0,27.0,33.0,36.0,40.0,59.0,77.0,81.0
150.0,42.0,60.0,85.0,48.0,10.0,88.0,70.0,2.0,9.0,11.0,21.0,25.0,30.0,34.0,37.0,40.0,42.0,65.0,81.0
66.0,75.0,60.0,35.0,100.0,20.0,120.0,143.0,1.0,10.0,15.0,22.0,25.0,28.0,34.0,38.0,40.0,54.0,79.0,81.0
156.0,128.0,60.0,84.0,147.0,20.0,100.0,65.0,2.0,10.0,13.0,23.0,25.0,29.0,34.0,38.0,40.0,43.0,60.0,81.0
354.0,149.0,60.0,225.0,198.0,30.0,250.0,130.0,3.0,9.0,13.0,21.0,25.0,31.0,34.0,39.0,40.0,59.0,73.0,81.0
222.0,100.0,30.0,76.0,139.0,20.0,221.0,95.0,0.0,9.0,13.0,21.0,24.0,29.0,34.0,38.0,40.0,57.0,60.0,81.0
105.0,32.0,120.0,47.0,48.0,10.0,80.0,52.0,2.0,9.0,11.0,22.0,25.0,29.0,34.0,37.0,40.0,42.0,61.0,81.0
159.0,72.0,60.0,85.0,88.0,30.0,130.0,56.0,2.0,10.0,11.0,23.0,24.0,30.0,34.0,38.0,40.0,43.0,77.0,81.0
59.0,122.0,120.0,26.0,122.0,30.0,40.0,25.0,1.0,9.0,18.0,21.0,25.0,28.0,33.0,37.0,40.0,57.0,79.0,82.0
176.0,128.0,30.0,90.0,169.0,20.0,130.0,50.0,2.0,10.0,13.0,22.0,25.0,28.0,34.0,37.0,40.0,47.0,61.0,81.0
185.0,48.0,30.0,147.0,56.0,20.0,104.0,80.0,3.0,9.0,11.0,21.0,25.0,29.0,34.0,37.0,40.0,57.0,74.0,81.0
114.0,72.0,120.0,49.0,83.0,30.0,156.0,68.0,2.0,9.0,13.0,22.0,25.0,28.0,34.0,37.0,40.0,43.0,79.0,81.0
115.0,36.0,60.0,87.0,40.0,20.0,120.0,65.0,0.0,10.0,12.0,22.0,26.0,28.0,34.0,37.0,40.0,48.0,79.0,81.0
125.0,34.0,120.0,99.0,42.0,10.0,120.0,60.0,5.0,9.0,11.0,21.0,24.0,29.0,34.0,38.0,40.0,59.0,78.0,81.0
119.0,36.0,120.0,54.0,42.0,30.0,143.0,64.0,6.0,9.0,11.0,23.0,25.0,30.0,33.0,38.0,40.0,59.0,61.0,81.0
102.0,194.0,120.0,57.0,259.0,30.0,78.0,36.0,0.0,9.0,18.0,22.0,25.0,30.0,34.0,39.0,40.0,42.0,61.0,81.0
69.0,201.0,120.0,43.0,357.0,10.0,0.0,0.0,1.0,9.0,18.0,21.0,25.0,28.0,34.0,37.0,40.0,57.0,79.0,81.0
119.0,3780.0,60.0,70.0,5460.0,10.0,0.0,0.0,2.0,10.0,16.0,21.0,25.0,31.0,33.0,36.0,41.0,42.0,70.0,81.0
138.0,108.0,120.0,83.0,114.0,20.0,143.0,60.0,3.0,9.0,13.0,21.0,25.0,29.0,34.0,38.0,40.0,42.0,61.0,81.0
214.0,83.0,60.0,72.0,97.0,20.0,170.0,156.0,3.0,10.0,11.0,21.0,25.0,30.0,34.0,38.0,40.0,57.0,60.0,81.0
90.0,73.0,30.0,48.0,81.0,30.0,180.0,100.0,2.0,10.0,11.0,21.0,25.0,31.0,33.0,39.0,40.0,52.0,61.0,81.0
148.0,78.0,30.0,86.0,99.0,20.0,120.0,92.0,2.0,10.0,11.0,22.0,25.0,29.0,34.0,38.0,40.0,43.0,79.0,81.0
113.0,100.0,60.0,111.0,130.0,30.0,72.0,78.0,0.0,10.0,13.0,22.0,25.0,29.0,34.0,38.0,40.0,59.0,65.0,81.0
89.0,60.0,120.0,34.0,76.0,20.0,91.0,35.0,0.0,9.0,13.0,21.0,24.0,27.0,34.0,36.0,40.0,57.0,61.0,81.0
159.0,20.0,120.0,124.0,22.0,30.0,1560.0,8.0,0.0,9.0,12.0,21.0,25.0,27.0,33.0,36.0,40.0,42.0,72.0,81.0
406.0,179.0,30.0,225.0,198.0,30.0,200.0,169.0,3.0,9.0,13.0,21.0,25.0,31.0,34.0,39.0,40.0,59.0,73.0,81.0
90.0,78.0,120.0,49.0,99.0,10.0,96.0,60.0,2.0,10.0,11.0,23.0,25.0,29.0,34.0,38.0,40.0,43.0,60.0,81.0
115.0,122.0,60.0,45.0,147.0,10.0,0.0,0.0,2.0,10.0,13.0,21.0,26.0,28.0,33.0,39.0,40.0,43.0,79.0,81.0
137.0,60.0,120.0,86.0,68.0,30.0,80.0,84.0,3.0,10.0,11.0,21.0,25.0,31.0,34.0,38.0,40.0,43.0,77.0,81.0
61.0,16.0,60.0,28.0,21.0,10.0,40.0,30.0,0.0,9.0,11.0,21.0,24.0,29.0,33.0,36.0,40.0,59.0,77.0,81.0
226.0,60.0,120.0,118.0,65.0,20.0,221.0,95.0,4.0,9.0,15.0,23.0,25.0,30.0,34.0,37.0,40.0,57.0,60.0,81.0
271.0,252.0,120.0,167.0,281.0,20.0,273.0,140.0,2.0,10.0,13.0,22.0,25.0,28.0,33.0,38.0,40.0,57.0,72.0,81.0
59.0,48.0,60.0,39.0,58.0,10.0,40.0,12.0,0.0,10.0,14.0,22.0,24.0,28.0,34.0,39.0,40.0,57.0,79.0,82.0
136.0,3780.0,30.0,60.0,6720.0,20.0,91.0,45.0,0.0,10.0,16.0,23.0,25.0,29.0,34.0,38.0,41.0,42.0,72.0,81.0
146.0,31.0,120.0,93.0,38.0,20.0,0.0,0.0,3.0,9.0,11.0,21.0,25.0,31.0,33.0,36.0,40.0,42.0,70.0,81.0
84.0,45.0,30.0,70.0,65.0,30.0,0.0,0.0,0.0,9.0,15.0,21.0,25.0,31.0,34.0,36.0,40.0,59.0,78.0,81.0
88.0,20.0,60.0,39.0,26.0,10.0,0.0,0.0,2.0,9.0,11.0,22.0,25.0,27.0,33.0,39.0,40.0,52.0,60.0,81.0
74.0,10.0,30.0,48.0,12.0,30.0,78.0,8.0,2.0,9.0,12.0,21.0,25.0,31.0,34.0,37.0,40.0,59.0,77.0,82.0
276.0,3120.0,60.0,181.0,4160.0,30.0,0.0,0.0,2.0,9.0,16.0,21.0,25.0,27.0,34.0,39.0,41.0,57.0,61.0,81.0
76.0,295.0,120.0,57.0,394.0,10.0,48.0,40.0,1.0,9.0,18.0,21.0,25.0,28.0,33.0,38.0,40.0,59.0,77.0,81.0
394.0,329.0,120.0,333.0,402.0,10.0,232.0,175.0,2.0,10.0,13.0,22.0,25.0,29.0,33.0,37.0,40.0,57.0,73.0,81.0
271.0,79.0,120.0,104.0,94.0,20.0,299.0,145.0,0.0,9.0,11.0,21.0,24.0,28.0,34.0,36.0,40.0,57.0,72.0,81.0
160.0,89.0,120.0,124.0,97.0,10.0,80.0,60.0,0.0,10.0,11.0,21.0,24.0,28.0,33.0,37.0,40.0,57.0,61.0,81.0
181.0,62.0,60.0,135.0,64.0,20.0,120.0,68.0,2.0,9.0,11.0,23.0,24.0,31.0,34.0,37.0,40.0,42.0,77.0,81.0
186.0,84.0,120.0,120.0,94.0,20.0,170.0,156.0,2.0,10.0,11.0,22.0,24.0,30.0,34.0,38.0,40.0,59.0,66.0,81.0
56.0,46.0,30.0,34.0,52.0,10.0,52.0,26.0,2.0,9.0,13.0,21.0,25.0,31.0,33.0,36.0,40.0,57.0,79.0,81.0
51.0,2600.0,60.0,32.0,3120.0,20.0,65.0,60.0,1.0,9.0,16.0,23.0,25.0,28.0,33.0,37.0,41.0,59.0,77.0,82.0
151.0,48.0,120.0,49.0,50.0,30.0,110.0,80.0,6.0,9.0,11.0,23.0,25.0,30.0,33.0,38.0,40.0,59.0,61.0,82.0
182.0,210.0,120.0,63.0,245.0,20.0,190.0,195.0,2.0,10.0,13.0,21.0,24.0,29.0,34.0,37.0,40.0,59.0,60.0,81.0
310.0,98.0,60.0,210.0,118.0,10.0,273.0,169.0,2.0,10.0,11.0,22.0,24.0,28.0,34.0,38.0,40.0,52.0,78.0,81.0
283.0,79.0,60.0,136.0,99.0,30.0,312.0,124.0,3.0,9.0,11.0,21.0,24.0,29.0,34.0,38.0,40.0,57.0,75.0,81.0
163.0,76.0,60.0,129.0,109.0,30.0,140.0,85.0,2.0,10.0,11.0,22.0,24.0,29.0,34.0,37.0,40.0,43.0,75.0,81.0
92.0,31.0,30.0,37.0,38.0,10.0,64.0,45.0,2.0,9.0,11.0,21.0,25.0,28.0,34.0,37.0,40.0,42.0,61.0,81.0
120.0,3120.0,60.0,74.0,3120.0,20.0,0.0,0.0,0.0,9.0,16.0,21.0,24.0,29.0,33.0,37.0,41.0,42.0,65.0,81.0
205.0,2600.0,60.0,55.0,3380.0,10.0,112.0,90.0,4.0,9.0,16.0,22.0,25.0,30.0,33.0,37.0,41.0,43.0,70.0,81.0
179.0,17.0,120.0,168.0,23.0,30.0,130.0,44.0,3.0,10.0,16.0,21.0,24.0,29.0,33.0,37.0,40.0,59.0,78.0,81.0
106.0,23.0,120.0,34.0,23.0,30.0,90.0,65.0,3.0,10.0,16.0,21.0,24.0,28.0,34.0,38.0,40.0,43.0,60.0,81.0
150.0,88.0,120.0,50.0,105.0,20.0,170.0,136.0,1.0,10.0,11.0,21.0,25.0,28.0,33.0,35.0,40.0,57.0,60.0,81.0
142.0,82.0,30.0,72.0,105.0,20.0,110.0,97.0,0.0,10.0,11.0,22.0,24.0,29.0,34.0,37.0,40.0,59.0,61.0,81.0
152.0,1665.0,120.0,79.0,2405.0,20.0,0.0,0.0,6.0,9.0,17.0,21.0,25.0,27.0,34.0,36.0,41.0,42.0,61.0,82.0
453.0,159.0,60.0,250.0,177.0,20.0,280.0,221.0,3.0,9.0,13.0,21.0,25.0,28.0,34.0,37.0,40.0,59.0,76.0,81.0
201.0,218.0,120.0,85.0,266.0,20.0,200.0,169.0,2.0,10.0,13.0,22.0,24.0,29.0,34.0,38.0,40.0,59.0,64.0,81.0
188.0,211.0,60.0,90.0,237.0,10.0,160.0,92.0,2.0,10.0,13.0,22.0,24.0,28.0,34.0,38.0,40.0,52.0,61.0,81.0
117.0,64.0,60.0,73.0,84.0,30.0,88.0,97.0,2.0,10.0,11.0,22.0,24.0,29.0,34.0,38.0,40.0,42.0,61.0,81.0
221.0,127.0,30.0,151.0,156.0,20.0,170.0,143.0,3.0,9.0,13.0,21.0,24.0,28.0,34.0,38.0,40.0,59.0,67.0,81.0
277.0,81.0,30.0,127.0,118.0,20.0,221.0,125.0,0.0,10.0,11.0,22.0,24.0,29.0,34.0,38.0,40.0,57.0,60.0,81.0
283.0,220.0,60.0,109.0,274.0,10.0,416.0,240.0,2.0,10.0,13.0,22.0,24.0,28.0,34.0,38.0,40.0,52.0,79.0,81.0
134.0,50.0,60.0,59.0,58.0,20.0,80.0,71.0,2.0,10.0,11.0,22.0,25.0,30.0,34.0,37.0,40.0,43.0,77.0,81.0
128.0,12.0,30.0,50.0,21.0,20.0,130.0,80.0,2.0,10.0,17.0,23.0,25.0,31.0,34.0,37.0,40.0,42.0,61.0,81.0
100.0,216.0,120.0,49.0,281.0,20.0,0.0,0.0,2.0,9.0,19.0,21.0,25.0,31.0,33.0,36.0,40.0,42.0,61.0,81.0
103.0,45.0,30.0,59.0,65.0,30.0,70.0,80.0,0.0,9.0,15.0,21.0,25.0,29.0,33.0,37.0,40.0,43.0,77.0,81.0
185.0,50.0,120.0,151.0,57.0,20.0,160.0,110.0,3.0,9.0,11.0,21.0,24.0,31.0,34.0,36.0,40.0,43.0,75.0,81.0
103.0,134.0,120.0,40.0,194.0,20.0,48.0,32.0,0.0,10.0,18.0,21.0,25.0,29.0,33.0,38.0,40.0,42.0,72.0,82.0
123.0,1850.0,60.0,83.0,2220.0,20.0,0.0,0.0,3.0,9.0,17.0,21.0,25.0,31.0,34.0,36.0,41.0,42.0,61.0,82.0
116.0,34.0,30.0,103.0,40.0,30.0,120.0,75.0,5.0,9.0,11.0,21.0,24.0,29.0,34.0,38.0,40.0,59.0,78.0,81.0
153.0,42.0,60.0,77.0,50.0,30.0,0.0,0.0,2.0,9.0,11.0,21.0,25.0,27.0,33.0,36.0,40.0,43.0,77.0,81.0
110.0,2340.0,120.0,54.0,4160.0,10.0,0.0,0.0,2.0,9.0,16.0,21.0,25.0,29.0,34.0,36.0,41.0,52.0,60.0,81.0
193.0,103.0,60.0,50.0,123.0,10.0,136.0,85.0,3.0,9.0,13.0,21.0,25.0,28.0,34.0,39.0,40.0,42.0,77.0,81.0
193.0,176.0,60.0,50.0,210.0,10.0,136.0,135.0,0.0,10.0,13.0,22.0,24.0,29.0,34.0,38.0,40.0,57.0,60.0,81.0
228.0,101.0,120.0,123.0,118.0,30.0,390.0,128.0,2.0,10.0,11.0,21.0,25.0,31.0,34.0,38.0,40.0,52.0,79.0,81.0
336.0,110.0,60.0,95.0,133.0,20.0,270.0,247.0,2.0,10.0,11.0,21.0,24.0,31.0,34.0,38.0,40.0,59.0,72.0,81.0
90.0,39.0,30.0,48.0,52.0,30.0,0.0,0.0,1.0,9.0,13.0,21.0,25.0,28.0,34.0,36.0,40.0,42.0,72.0,81.0
85.0,60.0,30.0,37.0,84.0,20.0,64.0,40.0,2.0,10.0,11.0,22.0,24.0,29.0,34.0,38.0,40.0,43.0,60.0,81.0
254.0,101.0,60.0,154.0,118.0,10.0,273.0,175.0,2.0,10.0,11.0,22.0,25.0,29.0,34.0,37.0,40.0,50.0,77.0,81.0
290.0,213.0,60.0,135.0,266.0,10.0,312.0,240.0,3.0,10.0,13.0,21.0,25.0,29.0,34.0,37.0,40.0,57.0,72.0,81.0
206.0,97.0,60.0,65.0,114.0,20.0,170.0,123.0,2.0,9.0,13.0,22.0,25.0,28.0,34.0,37.0,40.0,57.0,60.0,81.0
110.0,35.0,60.0,66.0,42.0,20.0,0.0,0.0,0.0,9.0,11.0,22.0,25.0,28.0,33.0,36.0,40.0,43.0,60.0,82.0
238.0,196.0,60.0,156.0,266.0,30.0,176.0,149.0,0.0,10.0,13.0,22.0,25.0,29.0,34.0,37.0,40.0,57.0,72.0,81.0
182.0,105.0,60.0,81.0,118.0,20.0,247.0,140.0,3.0,10.0,11.0,21.0,25.0,30.0,34.0,37.0,40.0,59.0,60.0,81.0
246.0,105.0,60.0,174.0,118.0,20.0,247.0,115.0,2.0,10.0,11.0,22.0,24.0,29.0,34.0,38.0,40.0,57.0,72.0,81.0
102.0,54.0,120.0,54.0,68.0,30.0,0.0,0.0,2.0,10.0,11.0,21.0,25.0,29.0,34.0,37.0,40.0,42.0,61.0,81.0
226.0,14.0,120.0,101.0,15.0,20.0,273.0,115.0,1.0,9.0,16.0,21.0,25.0,28.0,33.0,37.0,40.0,42.0,79.0,81.0
110.0,82.0,60.0,52.0,84.0,20.0,88.0,68.0,2.0,10.0,11.0,22.0,24.0,30.0,34.0,38.0,40.0,42.0,61.0,81.0
149.0,40.0,120.0,69.0,52.0,10.0,117.0,78.0,1.0,9.0,11.0,21.0,25.0,30.0,34.0,37.0,40.0,43.0,60.0,81.0
268.0,101.0,60.0,181.0,137.0,30.0,160.0,162.0,3.0,10.0,11.0,21.0,25.0,30.0,34.0,37.0,40.0,42.0,78.0,81.0
250.0,109.0,60.0,121.0,150.0,30.0,220.0,135.0,2.0,10.0,11.0,22.0,24.0,29.0,34.0,38.0,40.0,47.0,79.0,81.0
206.0,116.0,60.0,118.0,133.0,10.0,180.0,92.0,3.0,10.0,11.0,21.0,25.0,30.0,33.0,39.0,40.0,57.0,60.0,81.0
67.0,227.0,30.0,43.0,302.0,10.0,0.0,0.0,1.0,9.0,18.0,21.0,25.0,28.0,33.0,36.0,40.0,57.0,79.0,82.0
183.0,79.0,120.0,88.0,90.0,30.0,182.0,68.0,2.0,10.0,11.0,21.0,24.0,29.0,33.0,38.0,40.0,52.0,61.0,81.0
246.0,59.0,60.0,158.0,64.0,30.0,182.0,76.0,1.0,9.0,11.0,21.0,25.0,27.0,33.0,37.0,40.0,57.0,67.0,81.0
119.0,36.0,60.0,68.0,45.0,10.0,169.0,104.0,3.0,9.0,11.0,23.0,25.0,29.0,34.0,38.0,40.0,42.0,61.0,81.0
185.0,62.0,30.0,97.0,82.0,20.0,160.0,84.0,3.0,9.0,11.0,21.0,24.0,28.0,33.0,36.0,40.0,42.0,78.0,81.0
72.0,57.0,60.0,43.0,82.0,20.0,0.0,0.0,0.0,10.0,13.0,22.0,24.0,28.0,34.0,38.0,40.0,42.0,72.0,81.0
206.0,46.0,30.0,128.0,50.0,10.0,120.0,52.0,3.0,9.0,11.0,21.0,25.0,30.0,34.0,37.0,40.0,43.0,69.0,81.0
283.0,294.0,60.0,84.0,330.0,20.0,192.0,160.0,2.0,10.0,13.0,22.0,24.0,29.0,34.0,38.0,40.0,52.0,79.0,81.0
336.0,146.0,30.0,95.0,174.0,30.0,216.0,234.0,2.0,10.0,11.0,22.0,24.0,28.0,34.0,38.0,40.0,52.0,79.0,81.0
181.0,92.0,60.0,95.0,105.0,20.0,221.0,115.0,2.0,10.0,11.0,22.0,25.0,30.0,34.0,37.0,40.0,43.0,72.0,81.0
209.0,49.0,60.0,109.0,62.0,10.0,208.0,130.0,2.0,9.0,11.0,21.0,25.0,29.0,34.0,36.0,40.0,57.0,60.0,81.0
191.0,2600.0,60.0,48.0,3380.0,10.0,0.0,0.0,1.0,9.0,16.0,21.0,25.0,28.0,34.0,36.0,41.0,57.0,60.0,81.0
268.0,111.0,60.0,168.0,132.0,10.0,234.0,156.0,3.0,9.0,13.0,21.0,24.0,31.0,33.0,37.0,40.0,57.0,60.0,81.0
201.0,99.0,120.0,150.0,109.0,30.0,136.0,136.0,2.0,10.0,11.0,22.0,25.0,30.0,34.0,37.0,40.0,43.0,73.0,81.0
111.0,1715.0,30.0,44.0,1858.0,30.0,56.0,52.0,2.0,10.0,18.0,21.0,25.0,29.0,34.0,37.0,41.0,42.0,72.0,81.0
85.0,84.0,30.0,34.0,91.0,10.0,117.0,71.0,0.0,9.0,13.0,21.0,24.0,30.0,34.0,37.0,40.0,43.0,60.0,81.0
177.0,22.0,120.0,128.0,24.0,30.0,960.0,13.0,0.0,9.0,12.0,21.0,25.0,27.0,33.0,36.0,40.0,42.0,72.0,81.0
216.0,137.0,60.0,82.0,177.0,30.0,260.0,100.0,3.0,9.0,13.0,21.0,25.0,31.0,34.0,37.0,40.0,57.0,60.0,81.0
189.0,181.0,120.0,88.0,218.0,20.0,180.0,143.0,3.0,10.0,13.0,21.0,24.0,30.0,34.0,38.0,40.0,43.0,70.0,81.0
350.0,109.0,120.0,197.0,140.0,10.0,286.0,162.0,2.0,10.0,11.0,22.0,24.0,29.0,34.0,37.0,40.0,57.0,72.0,81.0
183.0,83.0,120.0,97.0,94.0,30.0,208.0,76.0,2.0,10.0,11.0,22.0,25.0,28.0,34.0,37.0,40.0,52.0,65.0,81.0
253.0,83.0,120.0,172.0,94.0,20.0,120.0,72.0,2.0,10.0,11.0,22.0,24.0,30.0,34.0,38.0,40.0,57.0,64.0,81.0
157.0,67.0,120.0,99.0,84.0,10.0,120.0,68.0,2.0,10.0,11.0,22.0,24.0,29.0,34.0,38.0,40.0,57.0,67.0,81.0
392.0,3120.0,120.0,284.0,3380.0,20.0,273.0,130.0,2.0,9.0,16.0,21.0,25.0,30.0,33.0,36.0,41.0,57.0,76.0,81.0
163.0,52.0,30.0,122.0,63.0,30.0,32.0,39.0,0.0,9.0,13.0,21.0,24.0,29.0,34.0,38.0,40.0,59.0,77.0,81.0
275.0,110.0,30.0,117.0,133.0,10.0,208.0,120.0,2.0,10.0,11.0,22.0,24.0,29.0,34.0,38.0,40.0,52.0,79.0,81.0
103.0,83.0,120.0,60.0,95.0,20.0,100.0,78.0,0.0,9.0,13.0,21.0,25.0,28.0,34.0,37.0,40.0,43.0,60.0,81.0
161.0,81.0,120.0,91.0,88.0,30.0,120.0,117.0,2.0,10.0,11.0,21.0,25.0,31.0,34.0,38.0,40.0,43.0,79.0,81.0
128.0,85.0,60.0,73.0,88.0,20.0,88.0,60.0,2.0,10.0,11.0,22.0,24.0,29.0,34.0,38.0,40.0,42.0,61.0,81.0
298.0,64.0,60.0,223.0,70.0,20.0,234.0,130.0,3.0,9.0,11.0,21.0,25.0,28.0,33.0,37.0,40.0,42.0,77.0,81.0
308.0,74.0,30.0,139.0,91.0,30.0,351.0,120.0,3.0,9.0,11.0,21.0,25.0,28.0,34.0,38.0,40.0,59.0,71.0,81.0
125.0,72.0,120.0,60.0,83.0,30.0,143.0,56.0,3.0,9.0,13.0,21.0,24.0,31.0,34.0,37.0,40.0,59.0,61.0,81.0
112.0,43.0,60.0,61.0,54.0,30.0,0.0,0.0,2.0,9.0,11.0,21.0,25.0,30.0,33.0,39.0,40.0,42.0,61.0,82.0
336.0,245.0,120.0,95.0,357.0,10.0,312.0,260.0,2.0,10.0,13.0,22.0,24.0,29.0,34.0,38.0,40.0,52.0,79.0,81.0
110.0,37.0,120.0,66.0,42.0,30.0,117.0,20.0,5.0,10.0,12.0,22.0,25.0,27.0,34.0,39.0,40.0,42.0,61.0,81.0
106.0,3120.0,60.0,43.0,4160.0,30.0,78.0,28.0,1.0,9.0,16.0,21.0,25.0,28.0,33.0,36.0,41.0,52.0,60.0,81.0
108.0,68.0,60.0,74.0,76.0,20.0,130.0,60.0,2.0,10.0,11.0,22.0,24.0,29.0,34.0,38.0,40.0,43.0,60.0,81.0
95.0,28.0,30.0,54.0,32.0,30.0,90.0,50.0,2.0,9.0,11.0,20.0,24.0,29.0,33.0,35.0,40.0,43.0,77.0,81.0
157.0,130.0,120.0,73.0,172.0,10.0,136.0,95.0,2.0,9.0,13.0,22.0,25.0,28.0,34.0,37.0,40.0,57.0,60.0,81.0
192.0,83.0,60.0,47.0,108.0,10.0,160.0,145.0,2.0,10.0,15.0,21.0,25.0,31.0,34.0,37.0,40.0,57.0,60.0,81.0
247.0,140.0,120.0,92.0,168.0,30.0,152.0,143.0,0.0,9.0,18.0,22.0,25.0,29.0,33.0,38.0,40.0,52.0,77.0,81.0
51.0,3120.0,120.0,32.0,4160.0,10.0,0.0,0.0,1.0,9.0,16.0,21.0,25.0,28.0,34.0,37.0,41.0,59.0,77.0,81.0
171.0,74.0,30.0,69.0,109.0,30.0,169.0,72.0,2.0,10.0,11.0,23.0,24.0,31.0,34.0,38.0,40.0,43.0,72.0,81.0
200.0,94.0,30.0,71.0,109.0,10.0,152.0,140.0,2.0,10.0,11.0,22.0,24.0,28.0,34.0,38.0,40.0,59.0,60.0,81.0
159.0,23.0,60.0,61.0,25.0,10.0,180.0,72.0,2.0,10.0,16.0,22.0,24.0,28.0,34.0,38.0,40.0,52.0,61.0,81.0
222.0,111.0,120.0,82.0,149.0,10.0,221.0,123.0,0.0,9.0,13.0,21.0,24.0,29.0,34.0,38.0,40.0,57.0,60.0,81.0
103.0,44.0,60.0,31.0,56.0,10.0,64.0,45.0,2.0,10.0,11.0,22.0,24.0,29.0,34.0,38.0,40.0,57.0,61.0,81.0
109.0,72.0,30.0,58.0,97.0,20.0,0.0,0.0,2.0,10.0,11.0,21.0,25.0,29.0,34.0,37.0,40.0,42.0,61.0,82.0
114.0,36.0,30.0,55.0,43.0,30.0,110.0,35.0,2.0,9.0,11.0,21.0,25.0,28.0,33.0,38.0,40.0,59.0,61.0,81.0
267.0,81.0,60.0,167.0,99.0,10.0,221.0,143.0,0.0,10.0,11.0,21.0,25.0,30.0,34.0,38.0,40.0,57.0,60.0,81.0
149.0,68.0,120.0,91.0,90.0,10.0,110.0,40.0,2.0,10.0,11.0,23.0,25.0,29.0,33.0,36.0,40.0,43.0,60.0,81.0
203.0,67.0,30.0,69.0,112.0,20.0,169.0,90.0,2.0,10.0,11.0,23.0,24.0,31.0,34.0,38.0,40.0,43.0,72.0,81.0
240.0,77.0,30.0,90.0,86.0,10.0,299.0,182.0,1.0,9.0,11.0,21.0,24.0,30.0,34.0,37.0,40.0,57.0,72.0,81.0
324.0,146.0,120.0,103.0,168.0,30.0,270.0,160.0,2.0,10.0,11.0,23.0,25.0,29.0,34.0,38.0,40.0,59.0,72.0,81.0
115.0,89.0,60.0,73.0,94.0,10.0,110.0,52.0,2.0,10.0,11.0,22.0,25.0,30.0,34.0,37.0,40.0,43.0,60.0,81.0
281.0,79.0,120.0,176.0,80.0,30.0,270.0,180.0,2.0,9.0,11.0,22.0,25.0,29.0,34.0,37.0,40.0,57.0,73.0,81.0
82.0,3120.0,30.0,31.0,3120.0,10.0,97.0,52.0,1.0,9.0,16.0,21.0,25.0,28.0,33.0,37.0,41.0,42.0,61.0,81.0
117.0,82.0,60.0,59.0,84.0,20.0,72.0,48.0,2.0,10.0,11.0,22.0,25.0,30.0,34.0,38.0,40.0,43.0,60.0,81.0
45.0,10.0,60.0,12.0,12.0,10.0,0.0,0.0,2.0,9.0,12.0,21.0,25.0,27.0,34.0,36.0,40.0,59.0,77.0,81.0
151.0,76.0,120.0,111.0,88.0,20.0,120.0,91.0,1.0,10.0,11.0,23.0,25.0,29.0,34.0,38.0,40.0,52.0,61.0,81.0
305.0,132.0,60.0,236.0,144.0,20.0,247.0,105.0,3.0,9.0,13.0,21.0,24.0,30.0,34.0,37.0,40.0,57.0,72.0,81.0
264.0,109.0,30.0,103.0,122.0,10.0,260.0,172.0,3.0,10.0,11.0,21.0,25.0,30.0,34.0,38.0,40.0,59.0,64.0,81.0
196.0,89.0,60.0,59.0,97.0,20.0,152.0,44.0,0.0,9.0,14.0,22.0,24.0,29.0,34.0,37.0,40.0,59.0,60.0,81.0
236.0,79.0,120.0,128.0,88.0,20.0,312.0,155.0,3.0,9.0,11.0,21.0,24.0,29.0,34.0,38.0,40.0,57.0,75.0,81.0
276.0,2600.0,60.0,174.0,3380.0,10.0,0.0,0.0,2.0,9.0,16.0,21.0,25.0,27.0,34.0,39.0,41.0,57.0,61.0,81.0
74.0,235.0,120.0,43.0,376.0,10.0,78.0,39.0,1.0,9.0,18.0,22.0,25.0,28.0,33.0,37.0,40.0,59.0,77.0,82.0
106.0,72.0,120.0,69.0,83.0,30.0,130.0,52.0,2.0,9.0,13.0,22.0,24.0,29.0,34.0,39.0,40.0,43.0,60.0,81.0
193.0,114.0,60.0,85.0,156.0,30.0,180.0,120.0,3.0,9.0,13.0,21.0,24.0,30.0,34.0,38.0,40.0,57.0,60.0,81.0
106.0,63.0,30.0,34.0,91.0,20.0,117.0,55.0,2.0,9.0,13.0,21.0,24.0,29.0,34.0,37.0,40.0,42.0,61.0,81.0
176.0,81.0,60.0,113.0,118.0,30.0,120.0,123.0,2.0,10.0,11.0,23.0,25.0,28.0,34.0,37.0,40.0,52.0,65.0,81.0
105.0,130.0,60.0,64.0,147.0,20.0,0.0,0.0,0.0,10.0,13.0,22.0,25.0,28.0,33.0,38.0,40.0,42.0,61.0,82.0
200.0,148.0,120.0,71.0,165.0,20.0,351.0,160.0,3.0,9.0,13.0,21.0,25.0,31.0,34.0,37.0,40.0,59.0,60.0,81.0
222.0,50.0,30.0,156.0,54.0,10.0,140.0,72.0,3.0,9.0,11.0,21.0,25.0,31.0,33.0,39.0,40.0,57.0,74.0,81.0
273.0,210.0,120.0,100.0,301.0,10.0,286.0,195.0,2.0,10.0,13.0,22.0,25.0,29.0,34.0,38.0,40.0,42.0,79.0,81.0
221.0,106.0,120.0,116.0,116.0,30.0,120.0,169.0,2.0,9.0,13.0,22.0,25.0,30.0,34.0,38.0,40.0,43.0,72.0,81.0
133.0,12.0,60.0,93.0,21.0,30.0,96.0,91.0,3.0,10.0,17.0,21.0,24.0,31.0,34.0,38.0,40.0,43.0,75.0,81.0
162.0,101.0,30.0,58.0,109.0,10.0,143.0,123.0,0.0,10.0,11.0,22.0,25.0,29.0,33.0,38.0,40.0,52.0,61.0,81.0
227.0,170.0,30.0,79.0,245.0,20.0,234.0,135.0,2.0,10.0,13.0,22.0,25.0,28.0,34.0,38.0,40.0,57.0,60.0,81.0
140.0,200.0,30.0,96.0,210.0,10.0,182.0,123.0,0.0,10.0,13.0,21.0,24.0,29.0,34.0,38.0,40.0,57.0,60.0,81.0
300.0,119.0,120.0,133.0,144.0,20.0,176.0,116.0,2.0,9.0,13.0,22.0,25.0,29.0,34.0,38.0,40.0,42.0,79.0,81.0
195.0,83.0,60.0,94.0,100.0,20.0,325.0,205.0,0.0,10.0,15.0,22.0,25.0,29.0,34.0,38.0,40.0,59.0,60.0,82.0
190.0,38.0,30.0,120.0,49.0,10.0,110.0,52.0,3.0,9.0,11.0,21.0,25.0,29.0,34.0,37.0,40.0,43.0,60.0,81.0
181.0,54.0,30.0,135.0,54.0,10.0,143.0,78.0,2.0,9.0,11.0,21.0,25.0,29.0,34.0,36.0,40.0,52.0,61.0,81.0
99.0,54.0,120.0,90.0,60.0,30.0,0.0,0.0,2.0,10.0,11.0,21.0,25.0,28.0,34.0,39.0,40.0,59.0,65.0,81.0
119.0,3120.0,30.0,91.0,3380.0,30.0,0.0,0.0,2.0,9.0,16.0,21.0,25.0,27.0,33.0,36.0,41.0,59.0,65.0,81.0
138.0,96.0,30.0,68.0,123.0,20.0,120.0,91.0,2.0,9.0,13.0,21.0,25.0,31.0,34.0,36.0,40.0,59.0,61.0,81.0
171.0,91.0,120.0,92.0,116.0,10.0,156.0,104.0,2.0,9.0,13.0,21.0,24.0,28.0,34.0,37.0,40.0,43.0,60.0,81.0
193.0,176.0,30.0,64.0,194.0,10.0,170.0,100.0,2.0,10.0,13.0,22.0,25.0,29.0,34.0,37.0,40.0,57.0,60.0,81.0
205.0,50.0,120.0,91.0,70.0,10.0,160.0,88.0,3.0,9.0,11.0,21.0,24.0,28.0,34.0,38.0,40.0,57.0,63.0,81.0
257.0,3120.0,30.0,109.0,3380.0,30.0,144.0,65.0,2.0,9.0,16.0,21.0,26.0,28.0,34.0,38.0,41.0,42.0,78.0,81.0
170.0,62.0,120.0,84.0,82.0,10.0,0.0,0.0,0.0,9.0,11.0,21.0,25.0,28.0,33.0,36.0,40.0,57.0,60.0,81.0
199.0,113.0,30.0,102.0,122.0,10.0,208.0,130.0,2.0,10.0,11.0,22.0,25.0,29.0,34.0,38.0,40.0,43.0,72.0,81.0
182.0,126.0,120.0,81.0,168.0,10.0,168.0,140.0,1.0,10.0,11.0,21.0,24.0,31.0,34.0,38.0,40.0,59.0,60.0,81.0
116.0,42.0,60.0,73.0,54.0,30.0,140.0,65.0,3.0,9.0,11.0,21.0,25.0,30.0,34.0,36.0,40.0,42.0,65.0,81.0
116.0,23.0,120.0,99.0,26.0,30.0,91.0,36.0,3.0,9.0,11.0,21.0,25.0,28.0,33.0,36.0,40.0,59.0,77.0,81.0
344.0,284.0,60.0,174.0,374.0,30.0,351.0,144.0,2.0,10.0,13.0,22.0,24.0,29.0,34.0,39.0,40.0,55.0,79.0,81.0
240.0,130.0,30.0,145.0,139.0,30.0,136.0,149.0,3.0,9.0,13.0,21.0,25.0,29.0,34.0,37.0,40.0,53.0,61.0,81.0
209.0,158.0,120.0,76.0,194.0,20.0,136.0,88.0,0.0,10.0,13.0,22.0,24.0,28.0,34.0,38.0,40.0,57.0,60.0,81.0
92.0,24.0,60.0,66.0,26.0,20.0,80.0,32.0,1.0,9.0,12.0,22.0,26.0,28.0,34.0,39.0,40.0,58.0,79.0,81.0
170.0,43.0,120.0,119.0,48.0,30.0,80.0,71.0,3.0,9.0,11.0,20.0,24.0,30.0,34.0,35.0,40.0,52.0,61.0,81.0
148.0,156.0,30.0,68.0,176.0,30.0,80.0,84.0,2.0,10.0,13.0,20.0,24.0,30.0,34.0,35.0,40.0,43.0,60.0,81.0
121.0,259.0,120.0,49.0,259.0,30.0,0.0,0.0,2.0,9.0,19.0,21.0,25.0,31.0,33.0,36.0,40.0,42.0,61.0,82.0
119.0,4200.0,120.0,70.0,5040.0,30.0,0.0,0.0,2.0,10.0,16.0,21.0,25.0,31.0,33.0,36.0,41.0,42.0,70.0,81.0
61.0,3480.0,120.0,37.0,3770.0,20.0,0.0,0.0,2.0,10.0,17.0,21.0,25.0,31.0,33.0,39.0,41.0,57.0,79.0,81.0
150.0,106.0,120.0,64.0,140.0,10.0,136.0,105.0,2.0,10.0,11.0,23.0,24.0,29.0,33.0,36.0,40.0,57.0,60.0,81.0
70.0,24.0,120.0,37.0,32.0,10.0,0.0,0.0,2.0,9.0,11.0,21.0,25.0,28.0,34.0,36.0,40.0,57.0,79.0,82.0
247.0,154.0,120.0,80.0,177.0,20.0,286.0,130.0,2.0,9.0,13.0,21.0,24.0,30.0,34.0,37.0,40.0,52.0,77.0,81.0
242.0,2340.0,120.0,66.0,4160.0,10.0,0.0,0.0,2.0,9.0,16.0,21.0,24.0,27.0,34.0,39.0,41.0,57.0,72.0,81.0
85.0,54.0,120.0,37.0,65.0,30.0,117.0,40.0,2.0,10.0,11.0,23.0,24.0,29.0,34.0,38.0,40.0,43.0,60.0,81.0
466.0,274.0,30.0,355.0,281.0,10.0,240.0,116.0,3.0,10.0,13.0,21.0,25.0,31.0,34.0,37.0,40.0,57.0,76.0,81.0
196.0,203.0,60.0,152.0,210.0,20.0,120.0,68.0,2.0,10.0,13.0,22.0,25.0,30.0,34.0,37.0,40.0,55.0,65.0,81.0
239.0,94.0,60.0,114.0,122.0,10.0,273.0,175.0,2.0,10.0,11.0,22.0,24.0,30.0,33.0,38.0,40.0,52.0,77.0,81.0
116.0,31.0,30.0,77.0,38.0,30.0,0.0,0.0,2.0,9.0,11.0,21.0,25.0,27.0,33.0,36.0,40.0,43.0,77.0,81.0
236.0,126.0,120.0,63.0,133.0,30.0,210.0,125.0,0.0,10.0,11.0,21.0,24.0,28.0,34.0,37.0,40.0,59.0,60.0,81.0
108.0,58.0,60.0,61.0,81.0,30.0,96.0,91.0,2.0,10.0,11.0,23.0,25.0,30.0,34.0,38.0,40.0,43.0,60.0,81.0
169.0,5040.0,120.0,135.0,6720.0,10.0,0.0,0.0,2.0,10.0,16.0,21.0,24.0,31.0,34.0,36.0,41.0,43.0,73.0,81.0
256.0,127.0,120.0,138.0,132.0,30.0,170.0,115.0,1.0,9.0,13.0,21.0,24.0,29.0,34.0,38.0,40.0,59.0,67.0,81.0
148.0,2600.0,60.0,93.0,4160.0,30.0,90.0,60.0,0.0,9.0,16.0,22.0,25.0,29.0,34.0,38.0,41.0,54.0,61.0,81.0
95.0,156.0,60.0,55.0,176.0,10.0,90.0,44.0,2.0,10.0,13.0,22.0,24.0,29.0,34.0,37.0,40.0,43.0,60.0,81.0
104.0,48.0,120.0,45.0,62.0,10.0,88.0,65.0,2.0,9.0,11.0,21.0,25.0,28.0,34.0,37.0,40.0,43.0,79.0,81.0
193.0,158.0,60.0,56.0,181.0,20.0,170.0,136.0,2.0,10.0,13.0,22.0,24.0,28.0,34.0,38.0,40.0,42.0,77.0,81.0
190.0,103.0,60.0,82.0,144.0,30.0,150.0,125.0,3.0,9.0,13.0,21.0,24.0,30.0,34.0,39.0,40.0,57.0,60.0,81.0
153.0,61.0,120.0,72.0,84.0,10.0,110.0,52.0,2.0,10.0,11.0,21.0,25.0,28.0,33.0,37.0,40.0,59.0,61.0,81.0
214.0,97.0,60.0,114.0,123.0,10.0,260.0,156.0,2.0,9.0,13.0,22.0,24.0,30.0,34.0,38.0,40.0,57.0,60.0,81.0
44.0,3120.0,60.0,18.0,3120.0,20.0,40.0,20.0,1.0,9.0,16.0,23.0,25.0,28.0,33.0,36.0,41.0,59.0,77.0,81.0
128.0,128.0,60.0,53.0,147.0,20.0,100.0,84.0,2.0,10.0,13.0,22.0,24.0,29.0,34.0,38.0,40.0,43.0,60.0,81.0
106.0,60.0,30.0,41.0,71.0,10.0,90.0,48.0,3.0,10.0,11.0,21.0,24.0,28.0,34.0,38.0,40.0,42.0,61.0,81.0
66.0,2600.0,30.0,45.0,4160.0,20.0,0.0,0.0,1.0,9.0,16.0,23.0,25.0,29.0,34.0,38.0,41.0,57.0,79.0,81.0
90.0,1665.0,120.0,44.0,2220.0,30.0,0.0,0.0,2.0,9.0,17.0,21.0,25.0,27.0,34.0,36.0,41.0,42.0,72.0,81.0
103.0,29.0,60.0,94.0,32.0,10.0,130.0,84.0,2.0,9.0,11.0,21.0,24.0,29.0,34.0,37.0,40.0,59.0,65.0,81.0
130.0,64.0,30.0,60.0,84.0,20.0,117.0,65.0,3.0,10.0,11.0,21.0,25.0,29.0,34.0,38.0,40.0,43.0,60.0,81.0
130.0,31.0,120.0,77.0,38.0,20.0,91.0,100.0,0.0,9.0,11.0,22.0,25.0,29.0,34.0,37.0,40.0,42.0,72.0,81.0
258.0,79.0,120.0,236.0,91.0,10.0,144.0,105.0,3.0,9.0,11.0,21.0,25.0,31.0,33.0,37.0,40.0,43.0,76.0,81.0
92.0,35.0,60.0,37.0,49.0,30.0,80.0,45.0,2.0,9.0,11.0,21.0,25.0,28.0,34.0,37.0,40.0,42.0,61.0,81.0
117.0,42.0,60.0,59.0,45.0,20.0,80.0,48.0,0.0,9.0,11.0,21.0,25.0,28.0,34.0,37.0,40.0,57.0,61.0,81.0
106.0,39.0,30.0,36.0,62.0,20.0,78.0,40.0,3.0,9.0,13.0,21.0,24.0,28.0,33.0,37.0,40.0,52.0,60.0,81.0
103.0,50.0,120.0,34.0,76.0,10.0,91.0,58.0,3.0,9.0,13.0,21.0,25.0,31.0,33.0,38.0,40.0,57.0,61.0,81.0
236.0,189.0,60.0,71.0,218.0,20.0,210.0,175.0,2.0,10.0,13.0,22.0,24.0,30.0,34.0,38.0,40.0,59.0,60.0,81.0
114.0,61.0,120.0,49.0,71.0,30.0,143.0,64.0,2.0,10.0,11.0,21.0,24.0,30.0,34.0,38.0,40.0,59.0,61.0,81.0
203.0,97.0,30.0,95.0,114.0,10.0,136.0,90.0,3.0,9.0,13.0,22.0,24.0,29.0,34.0,38.0,40.0,42.0,77.0,81.0
120.0,97.0,120.0,94.0,111.0,20.0,88.0,52.0,1.0,10.0,13.0,23.0,24.0,30.0,34.0,37.0,40.0,59.0,65.0,81.0
114.0,80.0,60.0,55.0,90.0,20.0,143.0,75.0,3.0,9.0,13.0,23.0,24.0,28.0,34.0,37.0,40.0,59.0,61.0,81.0
144.0,73.0,30.0,89.0,84.0,30.0,150.0,105.0,2.0,10.0,11.0,22.0,24.0,29.0,34.0,38.0,40.0,43.0,79.0,81.0
200.0,105.0,60.0,71.0,146.0,30.0,190.0,165.0,0.0,10.0,11.0,21.0,24.0,28.0,34.0,38.0,40.0,59.0,60.0,81.0
161.0,83.0,60.0,77.0,100.0,20.0,195.0,100.0,0.0,10.0,15.0,22.0,25.0,28.0,34.0,38.0,40.0,57.0,60.0,82.0
178.0,12.0,30.0,93.0,21.0,20.0,156.0,70.0,3.0,10.0,17.0,21.0,24.0,31.0,34.0,38.0,40.0,43.0,75.0,81.0
125.0,96.0,30.0,55.0,123.0,20.0,110.0,97.0,3.0,9.0,13.0,23.0,24.0,28.0,34.0,37.0,40.0,59.0,61.0,81.0
148.0,2610.0,120.0,107.0,3480.0,30.0,0.0,0.0,2.0,10.0,17.0,21.0,25.0,31.0,33.0,36.0,41.0,43.0,72.0,81.0
224.0,109.0,60.0,92.0,122.0,20.0,260.0,135.0,2.0,10.0,11.0,22.0,24.0,30.0,34.0,38.0,40.0,57.0,72.0,81.0
132.0,5040.0,120.0,77.0,5460.0,20.0,117.0,65.0,0.0,10.0,16.0,22.0,25.0,30.0,34.0,38.0,41.0,42.0,61.0,81.0
230.0,83.0,60.0,122.0,133.0,30.0,0.0,0.0,2.0,10.0,15.0,21.0,25.0,31.0,33.0,39.0,40.0,57.0,60.0,81.0
312.0,202.0,60.0,95.0,237.0,20.0,240.0,221.0,2.0,10.0,13.0,22.0,25.0,29.0,34.0,38.0,40.0,57.0,72.0,81.0
225.0,99.0,120.0,159.0,114.0,20.0,160.0,130.0,3.0,9.0,13.0,21.0,25.0,30.0,34.0,37.0,40.0,59.0,61.0,81.0
95.0,43.0,120.0,54.0,57.0,10.0,64.0,65.0,2.0,9.0,11.0,22.0,25.0,29.0,34.0,37.0,40.0,42.0,61.0,81.0
155.0,95.0,60.0,118.0,103.0,20.0,0.0,0.0,2.0,9.0,13.0,21.0,25.0,27.0,33.0,39.0,40.0,42.0,61.0,82.0
95.0,1665.0,30.0,53.0,2405.0,30.0,0.0,0.0,2.0,9.0,17.0,22.0,25.0,27.0,33.0,36.0,41.0,52.0,60.0,81.0
151.0,78.0,60.0,108.0,97.0,30.0,140.0,100.0,2.0,10.0,11.0,22.0,24.0,31.0,34.0,38.0,40.0,57.0,60.0,81.0
140.0,64.0,30.0,116.0,70.0,10.0,72.0,55.0,3.0,9.0,13.0,21.0,25.0,30.0,34.0,36.0,40.0,59.0,78.0,81.0
206.0,218.0,120.0,91.0,266.0,20.0,200.0,130.0,6.0,10.0,13.0,21.0,26.0,29.0,34.0,37.0,40.0,42.0,79.0,81.0
292.0,128.0,60.0,71.0,156.0,10.0,176.0,135.0,2.0,9.0,13.0,22.0,24.0,28.0,34.0,37.0,40.0,57.0,72.0,81.0
172.0,4200.0,120.0,67.0,5040.0,30.0,0.0,0.0,2.0,10.0,16.0,22.0,24.0,28.0,33.0,36.0,41.0,52.0,61.0,81.0
56.0,154.0,30.0,37.0,222.0,30.0,50.0,20.0,1.0,10.0,18.0,21.0,25.0,27.0,34.0,36.0,40.0,59.0,77.0,81.0
90.0,230.0,120.0,34.0,410.0,10.0,0.0,0.0,1.0,9.0,18.0,21.0,25.0,28.0,33.0,36.0,40.0,52.0,60.0,81.0
85.0,43.0,60.0,38.0,50.0,10.0,80.0,36.0,6.0,9.0,11.0,21.0,24.0,30.0,33.0,37.0,40.0,43.0,60.0,82.0
64.0,3120.0,60.0,35.0,4160.0,30.0,78.0,20.0,1.0,9.0,16.0,21.0,25.0,28.0,33.0,38.0,41.0,59.0,77.0,81.0
87.0,4200.0,120.0,38.0,5040.0,30.0,0.0,0.0,1.0,10.0,16.0,21.0,25.0,29.0,34.0,37.0,41.0,52.0,60.0,81.0
55.0,114.0,60.0,37.0,123.0,20.0,273.0,50.0,1.0,9.0,13.0,22.0,24.0,27.0,33.0,36.0,40.0,42.0,79.0,82.0
81.0,2220.0,120.0,48.0,2220.0,30.0,0.0,0.0,1.0,9.0,17.0,21.0,25.0,27.0,34.0,37.0,41.0,57.0,79.0,82.0
133.0,48.0,30.0,68.0,52.0,10.0,0.0,0.0,2.0,9.0,11.0,21.0,25.0,30.0,33.0,39.0,40.0,42.0,61.0,81.0
292.0,98.0,30.0,113.0,140.0,20.0,286.0,135.0,2.0,10.0,11.0,22.0,24.0,29.0,34.0,38.0,40.0,47.0,79.0,81.0
132.0,2340.0,30.0,56.0,3120.0,10.0,0.0,0.0,2.0,9.0,16.0,21.0,25.0,27.0,33.0,39.0,41.0,59.0,61.0,82.0
164.0,158.0,60.0,64.0,194.0,10.0,221.0,123.0,2.0,10.0,13.0,21.0,24.0,28.0,34.0,37.0,40.0,57.0,60.0,81.0
107.0,38.0,120.0,38.0,52.0,10.0,0.0,0.0,2.0,9.0,11.0,21.0,25.0,27.0,34.0,36.0,40.0,43.0,60.0,82.0
164.0,43.0,30.0,89.0,48.0,10.0,110.0,52.0,3.0,9.0,11.0,21.0,24.0,30.0,34.0,39.0,40.0,42.0,61.0,81.0
96.0,2600.0,60.0,24.0,3380.0,10.0,72.0,100.0,1.0,9.0,16.0,21.0,25.0,29.0,34.0,38.0,41.0,43.0,60.0,81.0
251.0,33.0,120.0,96.0,40.0,20.0,0.0,0.0,2.0,9.0,12.0,21.0,24.0,27.0,34.0,39.0,40.0,42.0,79.0,82.0
88.0,2220.0,120.0,47.0,2960.0,10.0,0.0,0.0,2.0,9.0,17.0,22.0,24.0,27.0,33.0,36.0,41.0,52.0,60.0,81.0
125.0,90.0,60.0,99.0,98.0,20.0,195.0,95.0,2.0,9.0,13.0,21.0,25.0,29.0,34.0,37.0,40.0,57.0,60.0,81.0
232.0,45.0,30.0,84.0,80.0,20.0,221.0,115.0,2.0,9.0,15.0,21.0,25.0,29.0,33.0,37.0,40.0,57.0,60.0,81.0
203.0,20.0,30.0,98.0,27.0,20.0,160.0,149.0,0.0,9.0,19.0,21.0,25.0,29.0,33.0,36.0,40.0,48.0,72.0,82.0
115.0,156.0,30.0,68.0,162.0,10.0,117.0,84.0,0.0,10.0,13.0,22.0,24.0,30.0,33.0,37.0,40.0,42.0,61.0,81.0
146.0,48.0,60.0,55.0,62.0,30.0,143.0,68.0,3.0,9.0,11.0,21.0,25.0,29.0,34.0,38.0,40.0,59.0,61.0,81.0
174.0,118.0,30.0,123.0,132.0,20.0,170.0,123.0,3.0,9.0,13.0,21.0,25.0,28.0,34.0,38.0,40.0,57.0,67.0,81.0
102.0,2600.0,30.0,89.0,3380.0,30.0,0.0,0.0,2.0,9.0,16.0,21.0,25.0,27.0,33.0,36.0,41.0,59.0,65.0,82.0
108.0,40.0,60.0,68.0,45.0,20.0,169.0,80.0,3.0,9.0,11.0,23.0,25.0,29.0,34.0,38.0,40.0,42.0,61.0,81.0
132.0,5040.0,120.0,77.0,5460.0,20.0,117.0,50.0,5.0,10.0,16.0,22.0,25.0,29.0,34.0,38.0,41.0,43.0,60.0,81.0
136.0,184.0,30.0,85.0,218.0,20.0,120.0,97.0,2.0,10.0,13.0,22.0,24.0,28.0,34.0,38.0,40.0,50.0,61.0,81.0
114.0,58.0,30.0,39.0,81.0,20.0,117.0,55.0,2.0,10.0,11.0,22.0,25.0,29.0,34.0,38.0,40.0,43.0,60.0,81.0
115.0,62.0,120.0,80.0,76.0,10.0,104.0,71.0,3.0,9.0,13.0,21.0,25.0,28.0,33.0,37.0,40.0,59.0,65.0,81.0
82.0,25.0,120.0,31.0,32.0,20.0,70.0,26.0,2.0,9.0,11.0,21.0,24.0,30.0,33.0,37.0,40.0,43.0,77.0,81.0
199.0,49.0,120.0,85.0,70.0,10.0,170.0,76.0,2.0,9.0,11.0,22.0,24.0,28.0,34.0,37.0,40.0,57.0,60.0,81.0
205.0,87.0,60.0,170.0,109.0,30.0,136.0,136.0,2.0,10.0,11.0,21.0,25.0,30.0,34.0,37.0,40.0,53.0,61.0,81.0
150.0,68.0,30.0,72.0,95.0,20.0,0.0,0.0,1.0,9.0,13.0,21.0,25.0,27.0,33.0,36.0,40.0,42.0,61.0,81.0
139.0,1665.0,120.0,83.0,2960.0,10.0,0.0,0.0,2.0,9.0,17.0,21.0,25.0,27.0,33.0,39.0,41.0,52.0,62.0,81.0
193.0,106.0,60.0,64.0,140.0,30.0,221.0,84.0,2.0,10.0,11.0,23.0,25.0,28.0,34.0,37.0,40.0,42.0,77.0,81.0
101.0,32.0,30.0,90.0,50.0,10.0,48.0,30.0,0.0,10.0,11.0,22.0,24.0,28.0,34.0,38.0,40.0,52.0,60.0,81.0
92.0,52.0,60.0,36.0,62.0,20.0,48.0,32.0,3.0,9.0,13.0,21.0,24.0,28.0,33.0,37.0,40.0,52.0,60.0,81.0
284.0,74.0,30.0,184.0,94.0,20.0,220.0,234.0,2.0,9.0,11.0,22.0,25.0,29.0,34.0,37.0,40.0,58.0,60.0,81.0
170.0,66.0,60.0,115.0,80.0,30.0,180.0,85.0,6.0,9.0,11.0,21.0,25.0,27.0,33.0,36.0,40.0,55.0,74.0,81.0
81.0,26.0,60.0,35.0,32.0,10.0,0.0,0.0,2.0,9.0,11.0,22.0,25.0,27.0,33.0,39.0,40.0,52.0,60.0,82.0
106.0,72.0,30.0,37.0,84.0,30.0,72.0,78.0,2.0,10.0,11.0,22.0,24.0,29.0,34.0,38.0,40.0,42.0,61.0,81.0
181.0,42.0,60.0,148.0,45.0,20.0,156.0,80.0,3.0,9.0,11.0,21.0,25.0,28.0,34.0,37.0,40.0,43.0,77.0,81.0
206.0,97.0,120.0,112.0,112.0,20.0,180.0,149.0,3.0,10.0,11.0,21.0,25.0,30.0,33.0,39.0,40.0,57.0,60.0,81.0
64.0,223.0,60.0,31.0,290.0,10.0,72.0,35.0,1.0,9.0,18.0,21.0,25.0,28.0,33.0,38.0,40.0,57.0,79.0,81.0
92.0,163.0,30.0,44.0,167.0,10.0,117.0,78.0,2.0,10.0,13.0,22.0,24.0,29.0,34.0,38.0,40.0,42.0,61.0,81.0
230.0,127.0,60.0,123.0,149.0,30.0,234.0,72.0,3.0,9.0,13.0,21.0,25.0,29.0,34.0,37.0,40.0,59.0,67.0,81.0
188.0,211.0,30.0,137.0,225.0,20.0,160.0,136.0,2.0,10.0,13.0,22.0,24.0,29.0,34.0,38.0,40.0,57.0,67.0,81.0
131.0,121.0,120.0,62.0,175.0,20.0,0.0,0.0,0.0,9.0,18.0,21.0,25.0,27.0,33.0,36.0,40.0,52.0,60.0,82.0
116.0,38.0,30.0,73.0,43.0,10.0,112.0,65.0,3.0,9.0,11.0,21.0,25.0,30.0,34.0,36.0,40.0,42.0,65.0,81.0
258.0,59.0,30.0,236.0,66.0,30.0,180.0,105.0,3.0,9.0,11.0,21.0,25.0,31.0,33.0,37.0,40.0,43.0,76.0,81.0
228.0,184.0,30.0,93.0,210.0,10.0,210.0,88.0,0.0,10.0,13.0,22.0,25.0,29.0,34.0,37.0,40.0,57.0,60.0,81.0
69.0,22.0,30.0,46.0,25.0,10.0,65.0,32.0,2.0,9.0,11.0,23.0,24.0,30.0,34.0,38.0,40.0,59.0,77.0,81.0
228.0,62.0,60.0,55.0,72.0,10.0,0.0,0.0,1.0,9.0,11.0,21.0,25.0,28.0,34.0,38.0,40.0,59.0,60.0,81.0
263.0,2340.0,120.0,126.0,3380.0,20.0,120.0,60.0,0.0,9.0,16.0,23.0,25.0,30.0,34.0,37.0,41.0,52.0,61.0,82.0
168.0,94.0,120.0,113.0,105.0,20.0,143.0,80.0,2.0,10.0,11.0,22.0,24.0,29.0,34.0,38.0,40.0,52.0,61.0,81.0
233.0,64.0,30.0,88.0,72.0,30.0,136.0,136.0,2.0,9.0,11.0,21.0,25.0,29.0,34.0,37.0,40.0,42.0,77.0,81.0
142.0,67.0,30.0,106.0,76.0,30.0,120.0,85.0,2.0,10.0,11.0,22.0,24.0,29.0,34.0,38.0,40.0,57.0,67.0,81.0
194.0,47.0,30.0,109.0,56.0,30.0,140.0,85.0,3.0,9.0,11.0,21.0,25.0,31.0,34.0,36.0,40.0,43.0,70.0,81.0
186.0,101.0,60.0,125.0,109.0,10.0,170.0,96.0,2.0,10.0,11.0,22.0,24.0,30.0,34.0,38.0,40.0,59.0,66.0,81.0
142.0,96.0,60.0,61.0,103.0,20.0,96.0,60.0,1.0,9.0,13.0,21.0,25.0,30.0,34.0,39.0,40.0,59.0,61.0,81.0
159.0,22.0,60.0,128.0,24.0,20.0,1560.0,10.0,0.0,9.0,12.0,21.0,25.0,27.0,33.0,36.0,40.0,42.0,72.0,82.0
108.0,18.0,30.0,66.0,23.0,20.0,130.0,40.0,1.0,9.0,12.0,22.0,26.0,28.0,34.0,39.0,40.0,58.0,79.0,81.0
159.0,138.0,120.0,98.0,162.0,20.0,88.0,160.0,2.0,10.0,13.0,21.0,26.0,30.0,34.0,38.0,40.0,48.0,60.0,82.0
225.0,49.0,60.0,114.0,54.0,10.0,112.0,90.0,3.0,9.0,11.0,21.0,24.0,29.0,34.0,37.0,40.0,59.0,80.0,81.0
182.0,189.0,120.0,71.0,218.0,30.0,247.0,92.0,3.0,10.0,13.0,23.0,24.0,31.0,34.0,36.0,40.0,59.0,60.0,81.0
150.0,79.0,120.0,56.0,90.0,30.0,234.0,76.0,2.0,10.0,11.0,21.0,25.0,30.0,33.0,39.0,40.0,57.0,60.0,81.0
172.0,128.0,120.0,136.0,142.0,30.0,169.0,64.0,0.0,10.0,13.0,22.0,24.0,30.0,34.0,38.0,40.0,57.0,74.0,81.0
200.0,49.0,30.0,122.0,53.0,10.0,120.0,64.0,2.0,9.0,11.0,22.0,25.0,28.0,34.0,37.0,40.0,52.0,61.0,81.0
163.0,52.0,120.0,61.0,62.0,20.0,140.0,97.0,2.0,9.0,11.0,22.0,24.0,28.0,34.0,37.0,40.0,43.0,72.0,81.0
181.0,52.0,60.0,138.0,64.0,30.0,150.0,85.0,2.0,9.0,11.0,23.0,24.0,31.0,34.0,37.0,40.0,42.0,77.0,81.0
292.0,98.0,60.0,80.0,112.0,20.0,260.0,156.0,2.0,10.0,11.0,22.0,25.0,29.0,34.0,38.0,40.0,57.0,72.0,81.0
302.0,84.0,120.0,139.0,86.0,30.0,210.0,135.0,3.0,9.0,11.0,21.0,25.0,30.0,34.0,37.0,40.0,53.0,77.0,81.0
147.0,100.0,30.0,111.0,130.0,20.0,117.0,60.0,0.0,10.0,13.0,22.0,25.0,29.0,34.0,38.0,40.0,59.0,65.0,81.0
200.0,210.0,120.0,81.0,237.0,30.0,168.0,214.0,2.0,10.0,13.0,22.0,24.0,29.0,34.0,38.0,40.0,59.0,60.0,81.0
211.0,92.0,120.0,172.0,99.0,30.0,120.0,117.0,2.0,10.0,11.0,22.0,24.0,30.0,34.0,38.0,40.0,57.0,64.0,81.0
104.0,42.0,30.0,59.0,53.0,20.0,80.0,40.0,3.0,9.0,11.0,21.0,24.0,28.0,33.0,37.0,40.0,47.0,61.0,81.0
220.0,50.0,120.0,102.0,72.0,10.0,195.0,97.0,3.0,9.0,11.0,21.0,24.0,28.0,33.0,37.0,40.0,43.0,72.0,81.0
206.0,110.0,120.0,59.0,118.0,30.0,150.0,100.0,2.0,10.0,11.0,22.0,24.0,28.0,34.0,37.0,40.0,57.0,60.0,81.0
104.0,70.0,60.0,51.0,84.0,20.0,64.0,36.0,2.0,10.0,11.0,22.0,24.0,29.0,34.0,38.0,40.0,43.0,60.0,81.0
246.0,262.0,120.0,117.0,301.0,20.0,286.0,160.0,2.0,10.0,13.0,22.0,25.0,29.0,34.0,38.0,40.0,42.0,79.0,81.0
237.0,99.0,60.0,133.0,133.0,30.0,200.0,110.0,2.0,10.0,11.0,22.0,25.0,28.0,34.0,37.0,40.0,57.0,72.0,81.0
171.0,67.0,30.0,75.0,92.0,10.0,104.0,90.0,2.0,10.0,11.0,23.0,24.0,31.0,34.0,38.0,40.0,43.0,72.0,81.0
98.0,3120.0,30.0,47.0,4160.0,20.0,70.0,39.0,2.0,9.0,16.0,21.0,25.0,31.0,34.0,37.0,41.0,43.0,77.0,82.0
168.0,44.0,30.0,118.0,49.0,10.0,96.0,80.0,2.0,9.0,11.0,22.0,25.0,28.0,34.0,37.0,40.0,52.0,61.0,81.0
227.0,34.0,60.0,191.0,48.0,30.0,0.0,0.0,2.0,9.0,11.0,21.0,24.0,28.0,33.0,37.0,40.0,43.0,60.0,82.0
206.0,97.0,30.0,98.0,114.0,10.0,0.0,0.0,2.0,9.0,13.0,21.0,25.0,28.0,33.0,36.0,40.0,42.0,77.0,82.0
120.0,38.0,120.0,90.0,42.0,30.0,100.0,65.0,2.0,9.0,11.0,21.0,24.0,29.0,34.0,37.0,40.0,59.0,65.0,81.0
263.0,127.0,120.0,102.0,132.0,30.0,150.0,130.0,2.0,9.0,13.0,22.0,25.0,30.0,34.0,38.0,40.0,43.0,72.0,81.0
125.0,48.0,120.0,49.0,53.0,20.0,143.0,75.0,3.0,9.0,11.0,21.0,25.0,28.0,33.0,36.0,40.0,59.0,61.0,81.0
205.0,48.0,120.0,139.0,54.0,20.0,140.0,123.0,2.0,9.0,11.0,22.0,25.0,30.0,34.0,38.0,40.0,43.0,79.0,81.0
128.0,109.0,60.0,87.0,116.0,10.0,110.0,64.0,2.0,9.0,13.0,23.0,25.0,28.0,34.0,39.0,40.0,43.0,69.0,81.0
124.0,3120.0,60.0,66.0,3120.0,20.0,72.0,48.0,4.0,9.0,16.0,23.0,25.0,28.0,34.0,36.0,41.0,43.0,60.0,81.0
165.0,60.0,30.0,63.0,60.0,10.0,182.0,104.0,0.0,9.0,15.0,22.0,25.0,29.0,34.0,38.0,40.0,52.0,61.0,81.0
189.0,52.0,60.0,119.0,64.0,30.0,130.0,44.0,2.0,9.0,11.0,22.0,24.0,28.0,34.0,38.0,40.0,43.0,60.0,81.0
263.0,94.0,60.0,159.0,127.0,30.0,170.0,110.0,2.0,10.0,11.0,22.0,25.0,29.0,34.0,38.0,40.0,57.0,60.0,81.0
106.0,107.0,60.0,37.0,130.0,20.0,90.0,84.0,2.0,10.0,13.0,22.0,24.0,28.0,34.0,38.0,40.0,43.0,60.0,81.0
124.0,111.0,30.0,111.0,130.0,30.0,117.0,48.0,0.0,10.0,13.0,22.0,25.0,29.0,34.0,38.0,40.0,59.0,65.0,81.0
204.0,75.0,120.0,68.0,108.0,20.0,112.0,64.0,2.0,10.0,15.0,21.0,25.0,30.0,33.0,38.0,40.0,52.0,61.0,82.0
54.0,40.0,120.0,30.0,50.0,20.0,52.0,30.0,3.0,9.0,13.0,21.0,24.0,28.0,34.0,37.0,40.0,59.0,77.0,81.0
148.0,2340.0,30.0,62.0,3380.0,30.0,0.0,0.0,1.0,9.0,16.0,21.0,25.0,28.0,34.0,36.0,41.0,57.0,60.0,81.0
254.0,111.0,120.0,109.0,149.0,10.0,234.0,169.0,2.0,9.0,13.0,21.0,24.0,29.0,34.0,36.0,40.0,57.0,60.0,81.0
198.0,152.0,60.0,122.0,176.0,20.0,140.0,136.0,3.0,10.0,13.0,21.0,24.0,30.0,34.0,37.0,40.0,52.0,65.0,81.0
102.0,2340.0,120.0,57.0,3120.0,30.0,0.0,0.0,1.0,9.0,16.0,21.0,25.0,27.0,33.0,39.0,41.0,43.0,60.0,81.0
180.0,152.0,120.0,114.0,189.0,30.0,182.0,72.0,2.0,10.0,13.0,22.0,24.0,28.0,34.0,37.0,40.0,52.0,61.0,81.0
92.0,119.0,30.0,34.0,147.0,30.0,104.0,44.0,2.0,10.0,13.0,22.0,24.0,28.0,34.0,38.0,40.0,42.0,61.0,81.0
85.0,107.0,60.0,34.0,155.0,30.0,64.0,71.0,2.0,10.0,13.0,22.0,24.0,28.0,34.0,38.0,40.0,42.0,61.0,81.0
85.0,54.0,120.0,37.0,65.0,30.0,117.0,48.0,2.0,10.0,11.0,22.0,25.0,30.0,34.0,38.0,40.0,43.0,60.0,81.0
87.0,2340.0,120.0,31.0,4160.0,10.0,0.0,0.0,2.0,9.0,16.0,21.0,25.0,31.0,33.0,37.0,41.0,42.0,72.0,81.0
120.0,42.0,60.0,83.0,52.0,30.0,91.0,16.0,1.0,9.0,14.0,22.0,24.0,31.0,34.0,36.0,40.0,59.0,77.0,81.0
213.0,100.0,30.0,94.0,133.0,20.0,250.0,266.0,0.0,10.0,15.0,22.0,25.0,29.0,34.0,38.0,40.0,59.0,60.0,82.0
265.0,98.0,60.0,191.0,133.0,30.0,176.0,162.0,2.0,10.0,11.0,22.0,24.0,29.0,34.0,37.0,40.0,57.0,72.0,81.0
254.0,112.0,60.0,127.0,133.0,20.0,364.0,220.0,2.0,10.0,11.0,23.0,25.0,29.0,34.0,38.0,40.0,52.0,77.0,81.0
287.0,128.0,30.0,126.0,144.0,10.0,210.0,104.0,3.0,9.0,13.0,21.0,25.0,29.0,34.0,37.0,40.0,59.0,60.0,81.0
107.0,259.0,30.0,56.0,346.0,20.0,0.0,0.0,2.0,9.0,19.0,21.0,25.0,31.0,33.0,36.0,40.0,42.0,61.0,82.0
336.0,72.0,30.0,109.0,82.0,10.0,320.0,136.0,3.0,9.0,11.0,21.0,24.0,28.0,33.0,37.0,40.0,59.0,72.0,81.0
153.0,2340.0,30.0,51.0,4160.0,20.0,0.0,0.0,2.0,9.0,16.0,21.0,25.0,27.0,33.0,39.0,41.0,59.0,61.0,81.0
156.0,91.0,120.0,123.0,103.0,20.0,110.0,91.0,3.0,9.0,13.0,21.0,24.0,29.0,33.0,37.0,40.0,47.0,65.0,81.0
228.0,98.0,60.0,113.0,118.0,10.0,286.0,175.0,1.0,10.0,11.0,21.0,25.0,30.0,34.0,37.0,40.0,42.0,79.0,81.0
170.0,109.0,120.0,84.0,114.0,30.0,110.0,80.0,2.0,9.0,13.0,23.0,25.0,28.0,34.0,39.0,40.0,43.0,69.0,81.0
173.0,99.0,120.0,145.0,111.0,20.0,140.0,117.0,3.0,9.0,13.0,21.0,25.0,30.0,34.0,38.0,40.0,57.0,60.0,81.0
109.0,2600.0,60.0,69.0,3120.0,20.0,117.0,55.0,0.0,9.0,16.0,22.0,25.0,29.0,34.0,38.0,41.0,42.0,61.0,82.0
103.0,4200.0,60.0,61.0,5040.0,20.0,0.0,0.0,1.0,10.0,16.0,23.0,25.0,28.0,34.0,39.0,41.0,42.0,61.0,82.0
79.0,16.0,60.0,48.0,19.0,20.0,50.0,32.0,2.0,9.0,11.0,23.0,24.0,30.0,34.0,38.0,40.0,59.0,77.0,81.0
307.0,329.0,60.0,232.0,349.0,10.0,250.0,112.0,2.0,10.0,13.0,23.0,25.0,29.0,34.0,37.0,40.0,56.0,77.0,81.0
92.0,54.0,60.0,41.0,68.0,10.0,117.0,91.0,2.0,10.0,11.0,23.0,25.0,29.0,34.0,38.0,40.0,42.0,61.0,81.0
257.0,65.0,60.0,84.0,97.0,30.0,216.0,247.0,3.0,9.0,11.0,21.0,25.0,29.0,33.0,37.0,40.0,59.0,72.0,81.0
231.0,76.0,120.0,131.0,88.0,20.0,136.0,96.0,2.0,10.0,11.0,22.0,24.0,30.0,34.0,38.0,40.0,59.0,66.0,81.0
177.0,94.0,30.0,108.0,99.0,30.0,112.0,130.0,2.0,10.0,11.0,22.0,24.0,31.0,34.0,38.0,40.0,57.0,60.0,81.0
173.0,64.0,60.0,91.0,74.0,20.0,110.0,84.0,2.0,10.0,11.0,22.0,25.0,30.0,34.0,38.0,40.0,43.0,60.0,81.0
90.0,29.0,30.0,89.0,32.0,30.0,100.0,40.0,2.0,9.0,11.0,21.0,25.0,31.0,33.0,39.0,40.0,59.0,65.0,81.0
238.0,116.0,120.0,140.0,118.0,30.0,210.0,125.0,1.0,10.0,11.0,21.0,25.0,29.0,33.0,36.0,40.0,48.0,73.0,81.0
135.0,4200.0,60.0,96.0,5040.0,20.0,0.0,0.0,2.0,10.0,16.0,21.0,25.0,30.0,33.0,39.0,41.0,58.0,61.0,82.0
298.0,166.0,30.0,134.0,237.0,20.0,234.0,135.0,2.0,10.0,13.0,22.0,24.0,29.0,34.0,38.0,40.0,42.0,77.0,81.0
207.0,76.0,30.0,175.0,84.0,30.0,160.0,80.0,3.0,10.0,11.0,21.0,24.0,30.0,33.0,37.0,40.0,57.0,62.0,81.0
142.0,56.0,30.0,99.0,70.0,20.0,104.0,45.0,3.0,9.0,13.0,21.0,24.0,30.0,34.0,38.0,40.0,59.0,65.0,81.0
92.0,32.0,60.0,88.0,60.0,30.0,48.0,39.0,0.0,10.0,11.0,22.0,24.0,28.0,34.0,38.0,40.0,52.0,60.0,81.0
282.0,103.0,30.0,172.0,114.0,10.0,180.0,80.0,3.0,9.0,13.0,21.0,24.0,28.0,34.0,38.0,40.0,59.0,62.0,81.0
157.0,108.0,30.0,65.0,149.0,20.0,136.0,76.0,2.0,9.0,13.0,22.0,25.0,28.0,34.0,37.0,40.0,57.0,60.0,81.0
204.0,90.0,60.0,58.0,109.0,10.0,128.0,115.0,2.0,10.0,11.0,22.0,25.0,29.0,34.0,39.0,40.0,42.0,77.0,81.0
236.0,139.0,60.0,143.0,156.0,20.0,325.0,155.0,2.0,9.0,13.0,22.0,24.0,28.0,34.0,39.0,40.0,52.0,79.0,81.0
267.0,220.0,120.0,108.0,266.0,30.0,325.0,128.0,2.0,10.0,13.0,22.0,25.0,30.0,34.0,38.0,40.0,51.0,79.0,81.0
173.0,2600.0,30.0,97.0,3120.0,10.0,90.0,48.0,0.0,9.0,16.0,22.0,25.0,29.0,34.0,38.0,41.0,54.0,61.0,81.0
114.0,96.0,30.0,44.0,99.0,10.0,143.0,91.0,3.0,9.0,13.0,21.0,24.0,30.0,34.0,37.0,40.0,59.0,61.0,81.0
238.0,45.0,30.0,109.0,60.0,10.0,0.0,0.0,0.0,9.0,15.0,23.0,25.0,28.0,34.0,39.0,40.0,47.0,79.0,82.0
124.0,2340.0,30.0,71.0,3120.0,10.0,0.0,0.0,0.0,9.0,16.0,21.0,25.0,28.0,33.0,36.0,41.0,42.0,72.0,82.0
43.0,33.0,30.0,24.0,40.0,30.0,0.0,0.0,2.0,9.0,13.0,21.0,26.0,27.0,34.0,36.0,40.0,57.0,79.0,81.0
109.0,5040.0,60.0,46.0,6720.0,30.0,78.0,56.0,1.0,10.0,16.0,23.0,25.0,28.0,34.0,37.0,41.0,42.0,72.0,81.0
256.0,48.0,60.0,186.0,56.0,10.0,221.0,149.0,3.0,9.0,11.0,21.0,25.0,29.0,34.0,38.0,40.0,59.0,62.0,81.0
193.0,106.0,120.0,123.0,114.0,30.0,144.0,136.0,3.0,9.0,13.0,21.0,24.0,29.0,33.0,38.0,40.0,59.0,67.0,81.0
174.0,44.0,120.0,55.0,64.0,10.0,140.0,64.0,2.0,9.0,11.0,22.0,24.0,28.0,34.0,38.0,40.0,43.0,72.0,81.0
176.0,67.0,120.0,95.0,90.0,10.0,120.0,60.0,3.0,10.0,11.0,21.0,24.0,30.0,34.0,37.0,40.0,59.0,61.0,81.0
124.0,52.0,30.0,80.0,53.0,10.0,143.0,104.0,3.0,9.0,11.0,21.0,25.0,30.0,34.0,39.0,40.0,42.0,61.0,81.0
90.0,1286.0,60.0,41.0,2286.0,30.0,56.0,52.0,2.0,10.0,18.0,21.0,25.0,29.0,34.0,37.0,41.0,42.0,72.0,82.0
141.0,2600.0,30.0,69.0,3120.0,10.0,0.0,0.0,2.0,9.0,16.0,21.0,25.0,30.0,34.0,38.0,41.0,42.0,61.0,81.0
120.0,62.0,30.0,101.0,91.0,20.0,0.0,0.0,2.0,9.0,13.0,21.0,25.0,29.0,33.0,36.0,40.0,42.0,72.0,82.0
61.0,3120.0,120.0,28.0,3120.0,30.0,50.0,60.0,1.0,9.0,16.0,23.0,25.0,28.0,33.0,37.0,41.0,59.0,77.0,82.0
100.0,99.0,60.0,59.0,116.0,10.0,56.0,40.0,2.0,10.0,13.0,21.0,26.0,30.0,34.0,36.0,40.0,58.0,79.0,81.0
164.0,138.0,30.0,109.0,153.0,10.0,120.0,90.0,2.0,10.0,13.0,22.0,25.0,28.0,34.0,37.0,40.0,54.0,77.0,81.0
102.0,40.0,120.0,46.0,63.0,10.0,60.0,40.0,0.0,9.0,13.0,22.0,25.0,28.0,34.0,37.0,40.0,51.0,60.0,81.0
193.0,184.0,60.0,85.0,254.0,30.0,210.0,110.0,0.0,10.0,13.0,22.0,25.0,29.0,34.0,37.0,40.0,57.0,60.0,81.0
306.0,270.0,120.0,125.0,293.0,30.0,210.0,170.0,3.0,10.0,13.0,21.0,25.0,29.0,33.0,39.0,40.0,59.0,60.0,81.0
237.0,79.0,120.0,96.0,97.0,20.0,112.0,68.0,2.0,10.0,11.0,21.0,24.0,29.0,33.0,38.0,40.0,52.0,61.0,82.0
94.0,3780.0,120.0,59.0,5460.0,20.0,80.0,40.0,1.0,10.0,16.0,22.0,25.0,29.0,34.0,39.0,41.0,57.0,79.0,82.0
125.0,74.0,60.0,99.0,80.0,20.0,64.0,36.0,3.0,9.0,13.0,21.0,24.0,30.0,34.0,38.0,40.0,59.0,65.0,81.0
173.0,71.0,60.0,118.0,92.0,30.0,135.0,70.0,0.0,10.0,11.0,22.0,25.0,28.0,33.0,37.0,40.0,43.0,63.0,81.0
49.0,92.0,120.0,28.0,122.0,30.0,52.0,20.0,1.0,9.0,18.0,21.0,25.0,28.0,33.0,37.0,40.0,57.0,79.0,81.0
140.0,43.0,30.0,82.0,49.0,30.0,143.0,52.0,3.0,9.0,11.0,21.0,24.0,30.0,34.0,39.0,40.0,42.0,61.0,81.0
879.0,239.0,60.0,760.0,281.0,10.0,351.0,214.0,3.0,10.0,13.0,21.0,25.0,29.0,34.0,38.0,40.0,59.0,73.0,81.0
220.0,189.0,60.0,101.0,237.0,10.0,286.0,188.0,2.0,10.0,13.0,22.0,24.0,29.0,34.0,38.0,40.0,42.0,79.0,81.0
46.0,268.0,120.0,27.0,357.0,10.0,0.0,0.0,1.0,9.0,18.0,21.0,25.0,28.0,34.0,37.0,40.0,57.0,79.0,81.0
101.0,31.0,30.0,29.0,46.0,20.0,0.0,0.0,2.0,9.0,11.0,21.0,25.0,27.0,34.0,36.0,40.0,43.0,60.0,81.0
284.0,213.0,60.0,165.0,254.0,10.0,312.0,201.0,3.0,10.0,13.0,21.0,25.0,29.0,34.0,38.0,40.0,59.0,72.0,81.0
283.0,218.0,30.0,120.0,245.0,10.0,230.0,104.0,3.0,10.0,13.0,21.0,24.0,30.0,33.0,38.0,40.0,59.0,60.0,81.0
200.0,127.0,60.0,108.0,144.0,10.0,150.0,104.0,2.0,9.0,13.0,22.0,25.0,30.0,34.0,38.0,40.0,43.0,72.0,81.0
88.0,1665.0,30.0,47.0,2405.0,30.0,0.0,0.0,2.0,9.0,17.0,22.0,24.0,27.0,33.0,36.0,41.0,52.0,60.0,81.0
51.0,40.0,120.0,31.0,53.0,30.0,58.0,24.0,2.0,9.0,19.0,21.0,25.0,30.0,34.0,36.0,40.0,59.0,77.0,81.0
142.0,74.0,30.0,101.0,80.0,30.0,64.0,58.0,3.0,9.0,13.0,21.0,24.0,30.0,34.0,38.0,40.0,59.0,65.0,81.0
219.0,103.0,120.0,82.0,144.0,10.0,195.0,162.0,3.0,9.0,13.0,21.0,24.0,30.0,34.0,39.0,40.0,57.0,60.0,81.0
216.0,2600.0,30.0,138.0,3120.0,10.0,0.0,0.0,1.0,9.0,16.0,21.0,25.0,28.0,33.0,36.0,41.0,43.0,72.0,81.0
252.0,176.0,60.0,98.0,210.0,10.0,128.0,105.0,2.0,10.0,13.0,22.0,25.0,29.0,34.0,38.0,40.0,43.0,72.0,81.0
240.0,94.0,60.0,86.0,112.0,10.0,128.0,120.0,2.0,10.0,11.0,22.0,24.0,29.0,34.0,38.0,40.0,57.0,60.0,81.0
100.0,65.0,120.0,49.0,71.0,30.0,72.0,78.0,0.0,10.0,11.0,23.0,24.0,29.0,34.0,38.0,40.0,43.0,60.0,81.0
87.0,26.0,120.0,39.0,34.0,20.0,80.0,58.0,3.0,9.0,11.0,21.0,24.0,31.0,34.0,39.0,40.0,43.0,77.0,81.0
70.0,29.0,30.0,37.0,34.0,30.0,0.0,0.0,2.0,9.0,11.0,21.0,25.0,28.0,34.0,36.0,40.0,57.0,79.0,81.0
157.0,77.0,30.0,102.0,86.0,10.0,96.0,75.0,3.0,9.0,13.0,21.0,25.0,28.0,33.0,36.0,40.0,57.0,67.0,81.0
54.0,18.0,30.0,25.0,21.0,10.0,0.0,0.0,2.0,9.0,11.0,21.0,24.0,28.0,34.0,37.0,40.0,59.0,77.0,81.0
132.0,26.0,60.0,52.0,32.0,10.0,56.0,40.0,0.0,9.0,11.0,21.0,24.0,29.0,33.0,37.0,40.0,57.0,61.0,81.0
90.0,22.0,60.0,48.0,26.0,20.0,0.0,0.0,0.0,9.0,11.0,22.0,25.0,29.0,34.0,37.0,40.0,52.0,60.0,82.0
229.0,76.0,30.0,126.0,84.0,10.0,150.0,80.0,2.0,10.0,11.0,22.0,25.0,29.0,34.0,38.0,40.0,43.0,79.0,81.0
150.0,147.0,120.0,80.0,167.0,30.0,104.0,110.0,2.0,10.0,13.0,22.0,24.0,28.0,34.0,38.0,40.0,43.0,79.0,81.0
164.0,176.0,30.0,50.0,210.0,30.0,221.0,100.0,2.0,10.0,13.0,22.0,25.0,29.0,34.0,37.0,40.0,57.0,60.0,81.0
138.0,107.0,30.0,100.0,130.0,30.0,90.0,60.0,3.0,10.0,13.0,21.0,25.0,31.0,34.0,37.0,40.0,51.0,74.0,81.0
141.0,67.0,60.0,71.0,78.0,10.0,169.0,130.0,2.0,10.0,11.0,20.0,24.0,30.0,34.0,35.0,40.0,43.0,79.0,81.0
269.0,105.0,120.0,174.0,118.0,30.0,152.0,149.0,2.0,10.0,11.0,22.0,24.0,29.0,34.0,38.0,40.0,57.0,72.0,81.0
271.0,101.0,60.0,116.0,127.0,10.0,299.0,156.0,2.0,10.0,11.0,21.0,25.0,30.0,34.0,38.0,40.0,57.0,72.0,81.0
86.0,2600.0,30.0,57.0,3120.0,10.0,0.0,0.0,2.0,9.0,16.0,21.0,25.0,27.0,33.0,36.0,41.0,57.0,79.0,81.0
227.0,128.0,30.0,114.0,189.0,20.0,176.0,104.0,2.0,9.0,13.0,22.0,25.0,29.0,34.0,37.0,40.0,55.0,77.0,81.0
106.0,60.0,30.0,41.0,71.0,10.0,80.0,48.0,2.0,10.0,11.0,21.0,24.0,29.0,34.0,38.0,40.0,43.0,60.0,81.0
304.0,154.0,30.0,204.0,189.0,20.0,190.0,162.0,2.0,9.0,13.0,23.0,24.0,29.0,34.0,38.0,40.0,50.0,77.0,81.0
202.0,79.0,60.0,64.0,92.0,20.0,170.0,136.0,2.0,10.0,11.0,22.0,24.0,28.0,34.0,37.0,40.0,57.0,60.0,81.0
141.0,76.0,60.0,61.0,90.0,10.0,80.0,55.0,3.0,9.0,13.0,21.0,25.0,30.0,34.0,37.0,40.0,43.0,60.0,81.0
106.0,58.0,30.0,64.0,82.0,20.0,0.0,0.0,0.0,10.0,14.0,21.0,25.0,30.0,34.0,38.0,40.0,54.0,72.0,81.0
210.0,10.0,30.0,110.0,13.0,20.0,220.0,156.0,3.0,9.0,17.0,21.0,24.0,27.0,34.0,36.0,40.0,57.0,60.0,81.0
85.0,2340.0,120.0,27.0,4160.0,10.0,0.0,0.0,0.0,9.0,16.0,22.0,25.0,29.0,33.0,38.0,41.0,42.0,61.0,81.0
85.0,1850.0,60.0,30.0,2960.0,30.0,0.0,0.0,1.0,9.0,17.0,21.0,26.0,27.0,34.0,39.0,41.0,43.0,77.0,81.0
158.0,45.0,120.0,67.0,65.0,20.0,80.0,32.0,1.0,9.0,15.0,22.0,25.0,28.0,34.0,36.0,40.0,43.0,79.0,82.0
214.0,100.0,60.0,130.0,133.0,30.0,182.0,68.0,0.0,10.0,15.0,22.0,25.0,28.0,34.0,37.0,40.0,55.0,61.0,81.0
116.0,3120.0,60.0,51.0,4160.0,30.0,0.0,0.0,2.0,9.0,16.0,21.0,25.0,28.0,33.0,36.0,41.0,43.0,60.0,81.0
233.0,53.0,120.0,175.0,62.0,20.0,170.0,149.0,3.0,9.0,11.0,21.0,25.0,29.0,34.0,38.0,40.0,59.0,62.0,81.0
257.0,122.0,30.0,95.0,178.0,20.0,216.0,132.0,3.0,10.0,11.0,21.0,25.0,29.0,34.0,37.0,40.0,59.0,72.0,81.0
138.0,31.0,30.0,59.0,42.0,20.0,130.0,60.0,0.0,9.0,11.0,21.0,25.0,28.0,34.0,37.0,40.0,57.0,61.0,81.0
103.0,40.0,60.0,63.0,43.0,20.0,150.0,117.0,1.0,9.0,11.0,22.0,25.0,28.0,34.0,37.0,40.0,59.0,78.0,81.0
251.0,98.0,30.0,122.0,112.0,10.0,168.0,150.0,2.0,10.0,11.0,22.0,24.0,29.0,34.0,38.0,40.0,54.0,79.0,81.0
202.0,130.0,120.0,116.0,172.0,10.0,136.0,100.0,2.0,9.0,13.0,21.0,26.0,28.0,33.0,36.0,40.0,42.0,77.0,81.0
157.0,153.0,30.0,99.0,167.0,30.0,221.0,76.0,3.0,10.0,13.0,21.0,25.0,31.0,33.0,38.0,40.0,57.0,67.0,81.0
241.0,23.0,60.0,160.0,23.0,20.0,136.0,80.0,3.0,10.0,16.0,21.0,25.0,29.0,34.0,38.0,40.0,59.0,62.0,81.0
168.0,100.0,30.0,119.0,111.0,20.0,130.0,84.0,2.0,9.0,13.0,23.0,25.0,29.0,34.0,37.0,40.0,43.0,72.0,81.0
271.0,225.0,60.0,104.0,322.0,30.0,210.0,135.0,3.0,10.0,13.0,21.0,25.0,30.0,34.0,38.0,40.0,57.0,72.0,81.0
143.0,108.0,60.0,104.0,111.0,10.0,140.0,68.0,3.0,9.0,13.0,21.0,25.0,30.0,34.0,37.0,40.0,57.0,67.0,81.0
182.0,111.0,120.0,71.0,128.0,30.0,273.0,120.0,3.0,9.0,13.0,20.0,24.0,28.0,34.0,37.0,40.0,59.0,60.0,81.0
92.0,54.0,60.0,41.0,78.0,30.0,64.0,65.0,0.0,10.0,11.0,21.0,25.0,29.0,34.0,38.0,40.0,43.0,60.0,82.0
132.0,1850.0,30.0,89.0,2960.0,20.0,72.0,40.0,2.0,9.0,17.0,21.0,25.0,27.0,34.0,36.0,41.0,42.0,61.0,81.0
160.0,11.0,120.0,123.0,14.0,30.0,169.0,76.0,3.0,9.0,16.0,21.0,24.0,30.0,34.0,37.0,40.0,57.0,62.0,81.0
103.0,36.0,30.0,67.0,43.0,30.0,90.0,65.0,0.0,9.0,11.0,21.0,24.0,29.0,33.0,37.0,40.0,43.0,60.0,81.0
196.0,60.0,30.0,77.0,60.0,10.0,273.0,149.0,2.0,9.0,15.0,21.0,25.0,28.0,33.0,39.0,40.0,42.0,79.0,81.0
174.0,211.0,30.0,70.0,225.0,10.0,182.0,110.0,2.0,10.0,13.0,21.0,25.0,29.0,34.0,38.0,40.0,43.0,72.0,81.0
314.0,88.0,60.0,230.0,98.0,20.0,140.0,123.0,3.0,9.0,13.0,21.0,24.0,28.0,33.0,37.0,40.0,59.0,61.0,81.0
224.0,113.0,120.0,74.0,122.0,30.0,170.0,115.0,2.0,10.0,11.0,23.0,25.0,29.0,34.0,37.0,40.0,57.0,60.0,81.0
268.0,83.0,120.0,122.0,133.0,10.0,0.0,0.0,2.0,10.0,15.0,21.0,25.0,31.0,33.0,39.0,40.0,57.0,60.0,82.0
76.0,4200.0,120.0,45.0,6720.0,10.0,0.0,0.0,1.0,10.0,16.0,23.0,25.0,30.0,34.0,38.0,41.0,59.0,77.0,82.0
114.0,82.0,30.0,44.0,84.0,10.0,156.0,104.0,3.0,10.0,11.0,21.0,24.0,29.0,33.0,38.0,40.0,59.0,61.0,81.0
236.0,54.0,60.0,156.0,62.0,30.0,156.0,64.0,3.0,9.0,11.0,21.0,25.0,28.0,34.0,39.0,40.0,43.0,77.0,81.0
308.0,67.0,30.0,150.0,80.0,10.0,216.0,150.0,3.0,9.0,11.0,21.0,25.0,28.0,34.0,38.0,40.0,59.0,71.0,81.0
213.0,101.0,60.0,132.0,105.0,20.0,120.0,76.0,1.0,10.0,11.0,21.0,25.0,29.0,34.0,38.0,40.0,54.0,79.0,81.0
61.0,420.0,30.0,30.0,455.0,30.0,40.0,32.0,1.0,10.0,18.0,22.0,25.0,28.0,34.0,37.0,40.0,57.0,79.0,81.0
111.0,83.0,120.0,44.0,133.0,10.0,78.0,45.0,0.0,10.0,15.0,22.0,25.0,29.0,34.0,38.0,40.0,42.0,72.0,82.0
232.0,123.0,60.0,154.0,132.0,20.0,260.0,115.0,2.0,9.0,13.0,20.0,24.0,28.0,34.0,35.0,40.0,52.0,77.0,81.0
99.0,72.0,30.0,30.0,84.0,30.0,72.0,78.0,4.0,10.0,11.0,22.0,25.0,29.0,34.0,38.0,40.0,43.0,60.0,81.0
77.0,62.0,30.0,55.0,80.0,20.0,70.0,52.0,3.0,9.0,13.0,21.0,25.0,31.0,34.0,36.0,40.0,59.0,77.0,81.0
141.0,3120.0,30.0,97.0,3120.0,10.0,0.0,0.0,2.0,9.0,16.0,22.0,25.0,27.0,33.0,39.0,41.0,58.0,61.0,81.0
318.0,179.0,30.0,144.0,248.0,20.0,250.0,214.0,3.0,9.0,13.0,21.0,24.0,28.0,33.0,37.0,40.0,52.0,79.0,81.0
230.0,95.0,60.0,117.0,106.0,20.0,180.0,117.0,3.0,9.0,13.0,21.0,25.0,29.0,34.0,37.0,40.0,59.0,67.0,81.0
106.0,35.0,120.0,37.0,49.0,10.0,117.0,78.0,3.0,9.0,11.0,21.0,25.0,30.0,33.0,36.0,40.0,42.0,61.0,81.0
236.0,123.0,60.0,63.0,144.0,10.0,168.0,155.0,2.0,9.0,13.0,23.0,24.0,30.0,34.0,37.0,40.0,59.0,60.0,81.0
258.0,131.0,60.0,149.0,140.0,20.0,200.0,124.0,2.0,10.0,11.0,23.0,24.0,29.0,34.0,38.0,40.0,57.0,72.0,81.0
145.0,78.0,30.0,90.0,88.0,30.0,130.0,48.0,2.0,10.0,11.0,22.0,24.0,29.0,34.0,38.0,40.0,43.0,60.0,81.0
147.0,111.0,120.0,113.0,142.0,10.0,117.0,78.0,0.0,10.0,13.0,22.0,25.0,29.0,34.0,38.0,40.0,59.0,65.0,81.0
54.0,40.0,120.0,30.0,50.0,20.0,65.0,30.0,0.0,9.0,13.0,22.0,24.0,28.0,34.0,38.0,40.0,59.0,77.0,81.0
72.0,22.0,120.0,48.0,26.0,20.0,65.0,25.0,2.0,9.0,11.0,23.0,24.0,30.0,34.0,38.0,40.0,59.0,77.0,81.0
90.0,40.0,30.0,87.0,46.0,20.0,96.0,40.0,0.0,10.0,12.0,22.0,26.0,28.0,34.0,37.0,40.0,48.0,79.0,81.0
196.0,53.0,60.0,88.0,72.0,30.0,170.0,105.0,2.0,9.0,11.0,21.0,25.0,29.0,34.0,37.0,40.0,42.0,77.0,81.0
133.0,43.0,30.0,61.0,54.0,20.0,0.0,0.0,2.0,9.0,11.0,21.0,25.0,30.0,33.0,39.0,40.0,42.0,61.0,81.0
141.0,84.0,60.0,108.0,90.0,20.0,234.0,105.0,2.0,10.0,11.0,22.0,25.0,28.0,34.0,38.0,40.0,55.0,61.0,81.0
220.0,166.0,30.0,165.0,184.0,10.0,144.0,105.0,2.0,10.0,13.0,22.0,25.0,30.0,34.0,38.0,40.0,42.0,77.0,81.0
182.0,126.0,60.0,71.0,140.0,10.0,190.0,104.0,2.0,10.0,11.0,21.0,25.0,28.0,34.0,37.0,40.0,42.0,79.0,81.0
105.0,29.0,30.0,50.0,34.0,10.0,72.0,55.0,2.0,9.0,11.0,21.0,24.0,29.0,34.0,38.0,40.0,57.0,61.0,81.0
159.0,4200.0,120.0,82.0,6720.0,10.0,117.0,78.0,2.0,10.0,16.0,21.0,25.0,30.0,34.0,38.0,41.0,43.0,74.0,82.0
146.0,75.0,60.0,70.0,86.0,20.0,90.0,65.0,1.0,9.0,13.0,21.0,25.0,28.0,34.0,36.0,40.0,54.0,61.0,81.0
238.0,83.0,120.0,95.0,99.0,20.0,136.0,92.0,2.0,10.0,11.0,22.0,25.0,30.0,34.0,37.0,40.0,43.0,72.0,81.0
77.0,13.0,120.0,55.0,16.0,30.0,56.0,19.0,5.0,9.0,12.0,21.0,25.0,29.0,34.0,37.0,40.0,59.0,77.0,81.0
242.0,163.0,120.0,102.0,198.0,20.0,144.0,88.0,3.0,10.0,13.0,21.0,24.0,30.0,34.0,38.0,40.0,43.0,70.0,81.0
100.0,2600.0,120.0,49.0,3380.0,20.0,0.0,0.0,0.0,9.0,16.0,21.0,25.0,28.0,34.0,37.0,41.0,42.0,61.0,81.0
219.0,93.0,30.0,76.0,132.0,20.0,195.0,125.0,3.0,9.0,13.0,21.0,24.0,30.0,34.0,39.0,40.0,57.0,60.0,81.0
200.0,111.0,120.0,63.0,156.0,10.0,210.0,96.0,0.0,9.0,13.0,21.0,25.0,27.0,34.0,36.0,40.0,59.0,60.0,81.0
116.0,40.0,60.0,61.0,52.0,30.0,135.0,100.0,0.0,9.0,11.0,21.0,25.0,28.0,34.0,38.0,40.0,54.0,61.0,81.0
164.0,72.0,120.0,68.0,90.0,20.0,96.0,56.0,2.0,9.0,13.0,21.0,25.0,31.0,34.0,36.0,40.0,59.0,61.0,81.0
193.0,227.0,60.0,79.0,245.0,20.0,144.0,108.0,2.0,10.0,13.0,22.0,25.0,28.0,34.0,38.0,40.0,57.0,60.0,81.0
187.0,79.0,30.0,151.0,90.0,30.0,150.0,105.0,2.0,10.0,11.0,22.0,25.0,28.0,34.0,38.0,40.0,52.0,61.0,81.0
122.0,72.0,30.0,63.0,86.0,30.0,0.0,0.0,0.0,9.0,13.0,21.0,24.0,28.0,34.0,39.0,40.0,59.0,61.0,81.0
103.0,60.0,30.0,34.0,76.0,30.0,56.0,45.0,3.0,9.0,13.0,21.0,24.0,30.0,34.0,37.0,40.0,57.0,61.0,81.0
194.0,76.0,60.0,132.0,97.0,30.0,120.0,123.0,1.0,10.0,11.0,21.0,25.0,29.0,34.0,38.0,40.0,54.0,79.0,81.0
277.0,84.0,30.0,219.0,94.0,30.0,169.0,64.0,3.0,10.0,11.0,21.0,25.0,29.0,34.0,37.0,40.0,42.0,78.0,81.0
201.0,163.0,120.0,145.0,181.0,30.0,247.0,124.0,2.0,10.0,13.0,22.0,25.0,29.0,34.0,38.0,40.0,54.0,79.0,81.0
150.0,103.0,30.0,56.0,144.0,20.0,136.0,68.0,3.0,9.0,13.0,21.0,25.0,28.0,34.0,39.0,40.0,42.0,77.0,81.0
159.0,2600.0,60.0,69.0,3120.0,20.0,0.0,0.0,0.0,9.0,16.0,21.0,25.0,28.0,34.0,37.0,41.0,52.0,61.0,82.0
203.0,2900.0,60.0,53.0,3770.0,10.0,0.0,0.0,2.0,10.0,17.0,21.0,25.0,31.0,33.0,36.0,41.0,52.0,61.0,81.0
162.0,22.0,30.0,85.0,24.0,10.0,60.0,28.0,1.0,9.0,12.0,21.0,25.0,27.0,34.0,39.0,40.0,58.0,61.0,81.0
111.0,1665.0,30.0,58.0,2220.0,10.0,0.0,0.0,2.0,9.0,17.0,21.0,25.0,31.0,33.0,36.0,41.0,52.0,60.0,82.0
117.0,50.0,120.0,80.0,62.0,10.0,88.0,60.0,2.0,9.0,11.0,23.0,24.0,28.0,33.0,37.0,40.0,42.0,61.0,81.0
61.0,104.0,60.0,38.0,186.0,30.0,0.0,0.0,2.0,9.0,19.0,21.0,25.0,27.0,33.0,39.0,40.0,59.0,77.0,82.0
78.0,1665.0,120.0,20.0,2960.0,10.0,0.0,0.0,1.0,9.0,17.0,21.0,25.0,27.0,34.0,36.0,41.0,57.0,61.0,81.0
129.0,23.0,120.0,103.0,32.0,10.0,0.0,0.0,2.0,9.0,11.0,21.0,25.0,30.0,33.0,37.0,40.0,57.0,79.0,81.0
260.0,270.0,60.0,121.0,310.0,10.0,220.0,148.0,0.0,10.0,13.0,22.0,24.0,30.0,34.0,37.0,40.0,57.0,72.0,81.0
85.0,60.0,30.0,37.0,84.0,20.0,88.0,48.0,2.0,10.0,11.0,20.0,24.0,29.0,34.0,35.0,40.0,43.0,60.0,81.0
182.0,210.0,120.0,63.0,245.0,20.0,210.0,175.0,3.0,10.0,13.0,21.0,25.0,30.0,34.0,38.0,40.0,59.0,60.0,81.0
106.0,54.0,60.0,37.0,65.0,20.0,90.0,78.0,2.0,10.0,11.0,21.0,24.0,29.0,34.0,37.0,40.0,42.0,61.0,81.0
180.0,54.0,30.0,91.0,74.0,20.0,136.0,76.0,2.0,9.0,11.0,22.0,24.0,28.0,34.0,37.0,40.0,57.0,60.0,81.0
214.0,83.0,60.0,123.0,108.0,10.0,112.0,85.0,0.0,10.0,15.0,22.0,25.0,28.0,34.0,37.0,40.0,55.0,61.0,81.0
185.0,3780.0,120.0,66.0,6720.0,10.0,140.0,72.0,2.0,10.0,16.0,21.0,25.0,30.0,34.0,38.0,41.0,51.0,61.0,81.0
112.0,4200.0,60.0,57.0,6720.0,30.0,120.0,75.0,0.0,10.0,16.0,21.0,25.0,29.0,34.0,38.0,41.0,43.0,60.0,81.0
235.0,103.0,120.0,174.0,116.0,20.0,170.0,130.0,3.0,9.0,13.0,21.0,24.0,30.0,34.0,38.0,40.0,59.0,62.0,81.0
260.0,139.0,30.0,125.0,161.0,30.0,325.0,144.0,2.0,9.0,13.0,20.0,25.0,29.0,34.0,38.0,40.0,52.0,79.0,81.0
118.0,31.0,30.0,74.0,36.0,10.0,91.0,130.0,0.0,9.0,11.0,22.0,25.0,29.0,34.0,37.0,40.0,42.0,72.0,81.0
110.0,41.0,60.0,70.0,46.0,20.0,117.0,25.0,5.0,10.0,12.0,22.0,25.0,27.0,34.0,39.0,40.0,42.0,61.0,82.0
275.0,126.0,30.0,123.0,137.0,30.0,160.0,175.0,0.0,10.0,11.0,22.0,24.0,30.0,34.0,37.0,40.0,57.0,64.0,81.0
252.0,194.0,120.0,106.0,266.0,10.0,234.0,162.0,2.0,10.0,13.0,22.0,24.0,30.0,34.0,38.0,40.0,57.0,60.0,81.0
63.0,2340.0,120.0,33.0,3380.0,20.0,0.0,0.0,1.0,9.0,16.0,23.0,25.0,28.0,34.0,37.0,41.0,57.0,79.0,82.0
124.0,81.0,30.0,87.0,95.0,30.0,110.0,60.0,3.0,9.0,13.0,21.0,25.0,29.0,34.0,38.0,40.0,42.0,61.0,81.0
136.0,19.0,60.0,60.0,31.0,30.0,120.0,85.0,3.0,10.0,16.0,21.0,25.0,30.0,34.0,37.0,40.0,43.0,79.0,81.0
124.0,108.0,30.0,80.0,111.0,10.0,143.0,78.0,3.0,9.0,13.0,21.0,25.0,29.0,34.0,38.0,40.0,42.0,61.0,81.0
85.0,143.0,120.0,41.0,189.0,10.0,72.0,65.0,2.0,10.0,13.0,22.0,24.0,28.0,34.0,38.0,40.0,43.0,60.0,81.0
80.0,2600.0,30.0,34.0,4160.0,20.0,0.0,0.0,0.0,9.0,16.0,21.0,25.0,28.0,33.0,37.0,41.0,52.0,60.0,81.0
149.0,82.0,120.0,94.0,90.0,20.0,0.0,0.0,1.0,10.0,11.0,21.0,24.0,29.0,33.0,36.0,40.0,43.0,60.0,81.0
203.0,74.0,120.0,75.0,122.0,10.0,169.0,117.0,2.0,10.0,11.0,23.0,24.0,31.0,34.0,38.0,40.0,43.0,72.0,81.0
94.0,3780.0,60.0,72.0,5460.0,10.0,156.0,91.0,1.0,10.0,16.0,21.0,25.0,29.0,34.0,38.0,41.0,58.0,79.0,81.0
331.0,133.0,30.0,160.0,146.0,10.0,280.0,160.0,6.0,10.0,11.0,21.0,24.0,28.0,34.0,37.0,40.0,53.0,79.0,81.0
190.0,73.0,120.0,91.0,84.0,20.0,120.0,72.0,2.0,10.0,11.0,21.0,25.0,31.0,34.0,38.0,40.0,43.0,79.0,82.0
224.0,131.0,30.0,105.0,174.0,20.0,220.0,149.0,3.0,10.0,11.0,21.0,25.0,30.0,34.0,37.0,40.0,42.0,79.0,81.0
195.0,50.0,120.0,102.0,65.0,20.0,160.0,136.0,0.0,9.0,18.0,22.0,24.0,29.0,33.0,38.0,40.0,42.0,77.0,81.0
239.0,218.0,60.0,110.0,301.0,30.0,230.0,130.0,3.0,10.0,13.0,21.0,24.0,30.0,33.0,38.0,40.0,59.0,60.0,81.0
119.0,78.0,60.0,61.0,84.0,20.0,96.0,56.0,2.0,10.0,11.0,23.0,25.0,30.0,34.0,38.0,40.0,43.0,60.0,81.0
114.0,54.0,120.0,46.0,71.0,20.0,72.0,48.0,2.0,10.0,11.0,20.0,24.0,29.0,34.0,35.0,40.0,43.0,60.0,81.0
144.0,1665.0,30.0,89.0,2220.0,10.0,80.0,40.0,2.0,9.0,17.0,22.0,25.0,27.0,34.0,36.0,41.0,43.0,60.0,82.0
106.0,54.0,60.0,37.0,65.0,20.0,90.0,84.0,2.0,10.0,11.0,23.0,24.0,29.0,34.0,38.0,40.0,42.0,61.0,81.0
223.0,2340.0,60.0,126.0,3380.0,10.0,195.0,97.0,0.0,9.0,16.0,23.0,25.0,30.0,34.0,37.0,41.0,52.0,61.0,81.0
244.0,2340.0,120.0,107.0,4160.0,10.0,0.0,0.0,2.0,9.0,16.0,21.0,25.0,31.0,34.0,37.0,41.0,42.0,79.0,81.0
190.0,126.0,30.0,97.0,127.0,10.0,208.0,143.0,3.0,10.0,11.0,21.0,25.0,29.0,34.0,38.0,40.0,47.0,77.0,81.0
182.0,252.0,30.0,63.0,266.0,10.0,273.0,175.0,2.0,10.0,13.0,22.0,24.0,30.0,34.0,38.0,40.0,59.0,60.0,81.0
124.0,37.0,60.0,54.0,48.0,30.0,117.0,40.0,2.0,9.0,11.0,20.0,24.0,29.0,33.0,35.0,40.0,43.0,77.0,81.0
165.0,158.0,60.0,65.0,225.0,30.0,96.0,123.0,2.0,10.0,13.0,21.0,25.0,29.0,33.0,37.0,40.0,57.0,60.0,82.0
114.0,100.0,120.0,74.0,123.0,10.0,72.0,50.0,1.0,9.0,13.0,21.0,25.0,28.0,34.0,36.0,40.0,54.0,61.0,81.0
176.0,55.0,60.0,121.0,56.0,20.0,104.0,52.0,2.0,9.0,11.0,22.0,25.0,29.0,34.0,37.0,40.0,42.0,61.0,81.0
300.0,225.0,30.0,157.0,245.0,10.0,240.0,112.0,2.0,10.0,13.0,22.0,25.0,30.0,34.0,38.0,40.0,57.0,72.0,81.0
186.0,67.0,60.0,102.0,74.0,20.0,120.0,110.0,2.0,10.0,11.0,22.0,24.0,29.0,34.0,38.0,40.0,57.0,67.0,81.0
147.0,78.0,30.0,116.0,99.0,20.0,128.0,64.0,2.0,10.0,11.0,22.0,25.0,29.0,34.0,38.0,40.0,57.0,60.0,81.0
181.0,58.0,60.0,120.0,62.0,10.0,150.0,72.0,2.0,9.0,11.0,22.0,25.0,30.0,34.0,38.0,40.0,43.0,79.0,81.0
214.0,62.0,120.0,101.0,70.0,20.0,182.0,85.0,3.0,9.0,11.0,21.0,25.0,31.0,34.0,36.0,40.0,43.0,70.0,81.0
232.0,123.0,120.0,140.0,144.0,20.0,200.0,149.0,2.0,9.0,13.0,20.0,24.0,28.0,34.0,35.0,40.0,52.0,77.0,81.0
315.0,113.0,30.0,159.0,127.0,30.0,136.0,143.0,2.0,10.0,11.0,22.0,25.0,29.0,34.0,38.0,40.0,57.0,60.0,81.0
182.0,105.0,60.0,81.0,118.0,20.0,260.0,115.0,2.0,10.0,11.0,22.0,24.0,29.0,34.0,38.0,40.0,59.0,60.0,81.0
119.0,82.0,30.0,74.0,99.0,20.0,100.0,78.0,2.0,10.0,11.0,22.0,24.0,29.0,34.0,38.0,40.0,43.0,60.0,81.0
866.0,137.0,30.0,796.0,165.0,20.0,200.0,169.0,0.0,9.0,13.0,23.0,24.0,30.0,34.0,37.0,40.0,59.0,74.0,81.0
193.0,211.0,60.0,64.0,281.0,30.0,221.0,112.0,2.0,10.0,13.0,22.0,25.0,29.0,34.0,38.0,40.0,42.0,77.0,81.0
79.0,40.0,30.0,65.0,45.0,30.0,150.0,90.0,1.0,9.0,11.0,22.0,25.0,28.0,34.0,37.0,40.0,59.0,78.0,81.0
233.0,89.0,30.0,67.0,100.0,30.0,152.0,71.0,0.0,9.0,14.0,22.0,24.0,29.0,34.0,37.0,40.0,59.0,60.0,81.0
108.0,16.0,60.0,50.0,16.0,20.0,80.0,64.0,2.0,10.0,17.0,23.0,25.0,31.0,34.0,37.0,40.0,42.0,61.0,81.0
133.0,58.0,30.0,64.0,62.0,30.0,0.0,0.0,2.0,9.0,11.0,21.0,25.0,30.0,33.0,39.0,40.0,42.0,61.0,81.0
264.0,77.0,60.0,191.0,82.0,10.0,190.0,96.0,3.0,9.0,11.0,21.0,24.0,29.0,34.0,38.0,40.0,52.0,65.0,81.0
59.0,3120.0,120.0,26.0,3120.0,30.0,0.0,0.0,1.0,9.0,16.0,21.0,25.0,28.0,33.0,37.0,41.0,57.0,79.0,82.0
125.0,96.0,120.0,49.0,106.0,20.0,156.0,80.0,2.0,9.0,13.0,20.0,24.0,30.0,34.0,35.0,40.0,59.0,61.0,81.0
275.0,166.0,120.0,129.0,210.0,20.0,168.0,88.0,2.0,10.0,13.0,22.0,24.0,29.0,34.0,38.0,40.0,57.0,60.0,81.0
103.0,1850.0,30.0,38.0,2220.0,10.0,0.0,0.0,1.0,9.0,17.0,21.0,25.0,27.0,33.0,36.0,41.0,43.0,77.0,81.0
211.0,54.0,120.0,111.0,62.0,30.0,128.0,136.0,2.0,9.0,11.0,22.0,25.0,28.0,34.0,37.0,40.0,42.0,77.0,81.0
142.0,136.0,30.0,104.0,162.0,20.0,112.0,84.0,2.0,10.0,13.0,22.0,25.0,29.0,34.0,38.0,40.0,43.0,72.0,81.0
180.0,19.0,120.0,112.0,31.0,10.0,156.0,97.0,3.0,10.0,16.0,21.0,25.0,29.0,34.0,37.0,40.0,42.0,65.0,81.0
106.0,84.0,60.0,41.0,111.0,30.0,143.0,48.0,2.0,9.0,13.0,21.0,24.0,28.0,34.0,36.0,40.0,43.0,60.0,81.0
149.0,62.0,60.0,75.0,90.0,30.0,91.0,32.0,0.0,9.0,13.0,21.0,24.0,29.0,33.0,36.0,40.0,43.0,77.0,81.0
85.0,14.0,60.0,37.0,15.0,10.0,80.0,40.0,1.0,9.0,16.0,21.0,25.0,29.0,34.0,37.0,40.0,43.0,60.0,81.0
174.0,2600.0,120.0,69.0,3120.0,30.0,0.0,0.0,0.0,9.0,16.0,21.0,25.0,28.0,34.0,37.0,41.0,52.0,61.0,81.0
180.0,110.0,120.0,72.0,127.0,20.0,221.0,120.0,3.0,10.0,11.0,21.0,25.0,30.0,34.0,38.0,40.0,57.0,60.0,81.0
114.0,100.0,30.0,67.0,103.0,10.0,117.0,65.0,1.0,9.0,13.0,21.0,25.0,28.0,34.0,36.0,40.0,54.0,61.0,81.0
138.0,85.0,30.0,93.0,105.0,20.0,100.0,84.0,2.0,10.0,11.0,23.0,25.0,29.0,34.0,37.0,40.0,43.0,60.0,81.0
157.0,184.0,30.0,65.0,254.0,20.0,136.0,100.0,2.0,10.0,13.0,22.0,24.0,29.0,34.0,38.0,40.0,57.0,60.0,81.0
165.0,38.0,60.0,125.0,45.0,30.0,96.0,78.0,2.0,9.0,11.0,21.0,25.0,28.0,34.0,37.0,40.0,43.0,72.0,81.0
254.0,118.0,60.0,125.0,161.0,30.0,180.0,165.0,2.0,10.0,11.0,21.0,25.0,29.0,34.0,39.0,40.0,55.0,79.0,81.0
247.0,98.0,120.0,71.0,140.0,10.0,220.0,100.0,2.0,10.0,11.0,22.0,24.0,29.0,34.0,38.0,40.0,52.0,77.0,81.0
104.0,156.0,30.0,59.0,198.0,20.0,90.0,71.0,2.0,10.0,13.0,22.0,24.0,29.0,34.0,37.0,40.0,43.0,60.0,81.0
353.0,74.0,60.0,224.0,99.0,30.0,240.0,150.0,3.0,9.0,11.0,23.0,25.0,30.0,34.0,38.0,40.0,59.0,73.0,81.0
148.0,152.0,30.0,126.0,181.0,30.0,140.0,105.0,3.0,10.0,13.0,21.0,24.0,30.0,34.0,37.0,40.0,52.0,65.0,81.0
130.0,2220.0,30.0,79.0,2960.0,20.0,0.0,0.0,6.0,9.0,17.0,21.0,25.0,27.0,34.0,36.0,41.0,42.0,61.0,82.0
283.0,122.0,60.0,95.0,178.0,30.0,270.0,170.0,2.0,10.0,11.0,22.0,25.0,29.0,34.0,37.0,40.0,59.0,72.0,81.0
114.0,1665.0,60.0,63.0,2405.0,10.0,0.0,0.0,1.0,9.0,17.0,22.0,25.0,27.0,33.0,36.0,41.0,42.0,61.0,81.0
148.0,45.0,30.0,93.0,52.0,30.0,156.0,56.0,2.0,9.0,11.0,22.0,25.0,29.0,34.0,39.0,40.0,43.0,75.0,81.0
108.0,128.0,120.0,50.0,169.0,10.0,100.0,52.0,2.0,10.0,13.0,22.0,24.0,29.0,34.0,38.0,40.0,43.0,60.0,81.0
162.0,36.0,30.0,80.0,49.0,20.0,156.0,60.0,1.0,9.0,11.0,21.0,25.0,28.0,33.0,36.0,40.0,42.0,61.0,81.0
240.0,108.0,30.0,103.0,123.0,10.0,170.0,72.0,3.0,9.0,13.0,22.0,24.0,29.0,34.0,38.0,40.0,42.0,77.0,81.0
234.0,158.0,120.0,98.0,194.0,20.0,128.0,92.0,2.0,10.0,13.0,22.0,24.0,28.0,34.0,38.0,40.0,52.0,61.0,81.0
98.0,25.0,60.0,45.0,36.0,30.0,60.0,40.0,2.0,9.0,11.0,22.0,24.0,28.0,33.0,37.0,40.0,42.0,72.0,81.0
110.0,18.0,30.0,71.0,20.0,10.0,90.0,16.0,8.0,9.0,12.0,21.0,25.0,28.0,33.0,36.0,40.0,58.0,79.0,81.0
219.0,67.0,60.0,100.0,84.0,10.0,0.0,0.0,2.0,9.0,14.0,21.0,24.0,28.0,34.0,36.0,40.0,59.0,60.0,81.0
85.0,3120.0,30.0,36.0,3120.0,10.0,78.0,39.0,0.0,9.0,16.0,23.0,25.0,28.0,34.0,37.0,41.0,52.0,60.0,81.0
170.0,79.0,60.0,112.0,82.0,20.0,144.0,68.0,6.0,9.0,11.0,21.0,25.0,27.0,33.0,36.0,40.0,55.0,74.0,81.0
116.0,46.0,120.0,61.0,52.0,20.0,117.0,55.0,3.0,9.0,11.0,21.0,24.0,29.0,34.0,37.0,40.0,43.0,60.0,81.0
272.0,110.0,60.0,128.0,140.0,10.0,351.0,208.0,2.0,10.0,11.0,23.0,25.0,29.0,34.0,38.0,40.0,59.0,72.0,81.0
161.0,36.0,30.0,59.0,50.0,20.0,97.0,70.0,2.0,9.0,11.0,21.0,25.0,31.0,33.0,36.0,40.0,59.0,61.0,81.0
53.0,308.0,60.0,34.0,334.0,10.0,60.0,32.0,1.0,9.0,18.0,23.0,25.0,28.0,33.0,36.0,40.0,57.0,79.0,82.0
114.0,18.0,60.0,61.0,24.0,30.0,0.0,0.0,2.0,9.0,12.0,21.0,25.0,28.0,33.0,39.0,40.0,52.0,64.0,81.0
146.0,72.0,120.0,55.0,86.0,20.0,96.0,68.0,2.0,9.0,13.0,22.0,25.0,28.0,34.0,37.0,40.0,43.0,79.0,81.0
145.0,266.0,30.0,96.0,266.0,10.0,0.0,0.0,2.0,10.0,19.0,21.0,25.0,30.0,33.0,38.0,40.0,42.0,75.0,81.0
144.0,109.0,60.0,89.0,114.0,20.0,96.0,64.0,2.0,9.0,13.0,21.0,24.0,28.0,34.0,37.0,40.0,43.0,60.0,81.0
200.0,108.0,30.0,142.0,123.0,30.0,221.0,92.0,3.0,9.0,13.0,21.0,25.0,29.0,34.0,37.0,40.0,53.0,61.0,81.0
254.0,118.0,30.0,117.0,137.0,30.0,234.0,132.0,2.0,10.0,11.0,21.0,25.0,29.0,34.0,39.0,40.0,55.0,79.0,82.0
126.0,26.0,60.0,60.0,40.0,30.0,130.0,24.0,0.0,9.0,11.0,21.0,25.0,30.0,34.0,38.0,40.0,42.0,72.0,81.0
206.0,40.0,30.0,195.0,45.0,20.0,88.0,56.0,3.0,9.0,11.0,21.0,25.0,30.0,34.0,38.0,40.0,59.0,78.0,81.0
224.0,109.0,30.0,80.0,155.0,20.0,176.0,100.0,2.0,10.0,11.0,22.0,24.0,29.0,34.0,38.0,40.0,52.0,77.0,81.0
133.0,2600.0,120.0,85.0,3380.0,20.0,0.0,0.0,2.0,9.0,16.0,21.0,24.0,28.0,33.0,36.0,41.0,43.0,60.0,81.0
225.0,43.0,120.0,126.0,50.0,20.0,120.0,72.0,2.0,9.0,11.0,22.0,25.0,30.0,34.0,38.0,40.0,43.0,79.0,81.0
154.0,22.0,60.0,84.0,30.0,30.0,88.0,52.0,0.0,9.0,12.0,21.0,24.0,29.0,34.0,38.0,40.0,43.0,79.0,82.0
179.0,23.0,120.0,103.0,28.0,20.0,88.0,24.0,0.0,9.0,12.0,22.0,25.0,28.0,33.0,36.0,40.0,42.0,61.0,82.0
51.0,33.0,30.0,30.0,52.0,20.0,32.0,24.0,3.0,9.0,13.0,21.0,24.0,28.0,34.0,37.0,40.0,59.0,77.0,81.0
147.0,117.0,60.0,71.0,136.0,20.0,90.0,84.0,0.0,10.0,13.0,22.0,24.0,30.0,33.0,37.0,40.0,42.0,61.0,81.0
157.0,83.0,60.0,59.0,118.0,30.0,120.0,130.0,3.0,10.0,11.0,21.0,25.0,31.0,34.0,38.0,40.0,42.0,77.0,81.0
311.0,84.0,120.0,222.0,105.0,10.0,169.0,104.0,3.0,10.0,11.0,21.0,25.0,29.0,34.0,37.0,40.0,42.0,78.0,81.0
100.0,38.0,60.0,97.0,42.0,10.0,0.0,0.0,2.0,9.0,11.0,21.0,25.0,31.0,33.0,36.0,40.0,48.0,79.0,82.0
191.0,92.0,120.0,99.0,109.0,20.0,160.0,143.0,2.0,10.0,11.0,22.0,24.0,30.0,34.0,38.0,40.0,42.0,77.0,81.0
86.0,72.0,30.0,35.0,94.0,20.0,110.0,65.0,0.0,10.0,11.0,22.0,25.0,28.0,33.0,39.0,40.0,43.0,60.0,82.0
220.0,45.0,120.0,146.0,52.0,20.0,112.0,76.0,3.0,9.0,11.0,21.0,24.0,31.0,34.0,37.0,40.0,42.0,77.0,81.0
78.0,54.0,60.0,27.0,78.0,30.0,72.0,78.0,4.0,10.0,11.0,22.0,25.0,29.0,34.0,38.0,40.0,43.0,60.0,82.0
164.0,211.0,60.0,50.0,225.0,20.0,136.0,84.0,2.0,10.0,13.0,23.0,24.0,29.0,34.0,38.0,40.0,57.0,60.0,81.0
236.0,213.0,120.0,133.0,237.0,30.0,325.0,120.0,2.0,10.0,13.0,22.0,24.0,29.0,34.0,38.0,40.0,52.0,79.0,81.0
205.0,118.0,60.0,69.0,161.0,30.0,195.0,80.0,3.0,9.0,13.0,21.0,25.0,28.0,33.0,37.0,40.0,52.0,61.0,81.0
162.0,94.0,120.0,86.0,105.0,20.0,195.0,115.0,2.0,10.0,11.0,22.0,25.0,29.0,34.0,38.0,40.0,43.0,79.0,81.0
92.0,89.0,120.0,39.0,111.0,20.0,78.0,30.0,2.0,10.0,13.0,22.0,25.0,29.0,34.0,38.0,40.0,52.0,60.0,81.0
160.0,89.0,30.0,111.0,97.0,20.0,130.0,110.0,3.0,10.0,11.0,21.0,25.0,29.0,33.0,38.0,40.0,52.0,66.0,81.0
193.0,127.0,120.0,117.0,132.0,20.0,234.0,90.0,3.0,9.0,13.0,21.0,25.0,29.0,34.0,37.0,40.0,59.0,67.0,81.0
96.0,91.0,120.0,55.0,114.0,10.0,88.0,75.0,2.0,9.0,13.0,22.0,25.0,30.0,34.0,38.0,40.0,43.0,60.0,81.0
283.0,122.0,30.0,84.0,150.0,30.0,351.0,136.0,2.0,10.0,11.0,22.0,25.0,29.0,34.0,37.0,40.0,59.0,72.0,81.0
143.0,74.0,120.0,92.0,81.0,30.0,96.0,91.0,0.0,10.0,11.0,22.0,24.0,29.0,34.0,37.0,40.0,48.0,60.0,81.0
295.0,124.0,120.0,174.0,128.0,30.0,170.0,100.0,3.0,9.0,13.0,21.0,24.0,30.0,34.0,38.0,40.0,59.0,62.0,81.0
230.0,95.0,120.0,123.0,108.0,20.0,144.0,84.0,3.0,9.0,13.0,21.0,24.0,29.0,33.0,38.0,40.0,59.0,67.0,81.0
136.0,153.0,120.0,85.0,167.0,30.0,96.0,97.0,2.0,10.0,13.0,22.0,24.0,28.0,34.0,38.0,40.0,50.0,61.0,81.0
182.0,111.0,60.0,63.0,156.0,30.0,168.0,162.0,2.0,9.0,13.0,23.0,25.0,28.0,34.0,38.0,40.0,59.0,60.0,81.0
79.0,3120.0,120.0,65.0,4160.0,10.0,56.0,40.0,2.0,9.0,16.0,21.0,25.0,27.0,34.0,36.0,41.0,57.0,79.0,81.0
105.0,26.0,120.0,54.0,32.0,30.0,56.0,58.0,0.0,9.0,11.0,21.0,24.0,28.0,34.0,37.0,40.0,57.0,61.0,81.0
205.0,98.0,120.0,61.0,139.0,10.0,182.0,123.0,2.0,9.0,13.0,22.0,25.0,29.0,34.0,37.0,40.0,43.0,72.0,81.0
249.0,46.0,60.0,191.0,48.0,20.0,0.0,0.0,2.0,9.0,11.0,21.0,24.0,28.0,33.0,37.0,40.0,43.0,60.0,81.0
110.0,3780.0,120.0,72.0,5460.0,20.0,96.0,56.0,1.0,10.0,16.0,21.0,25.0,29.0,34.0,38.0,41.0,58.0,79.0,82.0
193.0,94.0,60.0,80.0,137.0,30.0,176.0,208.0,2.0,10.0,11.0,23.0,24.0,29.0,34.0,38.0,40.0,42.0,79.0,81.0
146.0,83.0,30.0,53.0,133.0,20.0,160.0,116.0,2.0,10.0,15.0,21.0,25.0,31.0,34.0,37.0,40.0,57.0,60.0,81.0
172.0,60.0,60.0,53.0,60.0,20.0,0.0,0.0,2.0,9.0,15.0,21.0,25.0,30.0,33.0,36.0,40.0,43.0,72.0,81.0
147.0,40.0,120.0,101.0,53.0,10.0,0.0,0.0,1.0,9.0,11.0,21.0,25.0,28.0,33.0,37.0,40.0,42.0,65.0,81.0
151.0,91.0,60.0,114.0,99.0,10.0,120.0,56.0,1.0,10.0,11.0,23.0,25.0,29.0,34.0,38.0,40.0,52.0,61.0,82.0
271.0,59.0,120.0,95.0,86.0,10.0,230.0,116.0,0.0,9.0,11.0,21.0,24.0,28.0,34.0,36.0,40.0,57.0,72.0,81.0
145.0,26.0,30.0,92.0,29.0,10.0,88.0,40.0,5.0,9.0,11.0,22.0,24.0,30.0,33.0,37.0,40.0,52.0,60.0,82.0
199.0,52.0,120.0,112.0,53.0,30.0,100.0,55.0,3.0,9.0,11.0,20.0,24.0,30.0,34.0,35.0,40.0,52.0,61.0,81.0
208.0,186.0,30.0,118.0,189.0,30.0,112.0,110.0,2.0,10.0,13.0,22.0,24.0,30.0,34.0,38.0,40.0,57.0,67.0,81.0
140.0,130.0,60.0,60.0,153.0,10.0,96.0,70.0,2.0,10.0,13.0,23.0,25.0,28.0,34.0,38.0,40.0,43.0,60.0,81.0
227.0,106.0,120.0,114.0,122.0,20.0,195.0,90.0,2.0,10.0,11.0,22.0,24.0,29.0,34.0,38.0,40.0,52.0,61.0,81.0
213.0,94.0,30.0,88.0,109.0,10.0,176.0,160.0,2.0,10.0,11.0,23.0,24.0,29.0,34.0,38.0,40.0,42.0,79.0,81.0
150.0,39.0,30.0,138.0,46.0,30.0,150.0,30.0,2.0,9.0,14.0,21.0,24.0,27.0,33.0,39.0,40.0,58.0,79.0,81.0
142.0,80.0,60.0,62.0,95.0,10.0,80.0,60.0,0.0,9.0,13.0,21.0,24.0,29.0,34.0,37.0,40.0,43.0,74.0,81.0
61.0,4200.0,120.0,38.0,5460.0,20.0,0.0,0.0,1.0,10.0,16.0,22.0,25.0,28.0,34.0,38.0,41.0,59.0,77.0,81.0
186.0,128.0,60.0,137.0,142.0,10.0,182.0,104.0,2.0,10.0,13.0,23.0,24.0,29.0,34.0,38.0,40.0,43.0,72.0,81.0
185.0,20.0,60.0,90.0,22.0,10.0,160.0,92.0,0.0,9.0,19.0,21.0,25.0,29.0,33.0,36.0,40.0,48.0,72.0,82.0
318.0,196.0,30.0,156.0,266.0,20.0,286.0,115.0,0.0,10.0,13.0,22.0,25.0,29.0,34.0,37.0,40.0,57.0,72.0,81.0
55.0,2340.0,60.0,33.0,3380.0,10.0,0.0,0.0,1.0,9.0,16.0,23.0,25.0,28.0,34.0,37.0,41.0,57.0,79.0,81.0
254.0,74.0,60.0,95.0,99.0,30.0,0.0,0.0,2.0,9.0,11.0,21.0,25.0,28.0,34.0,39.0,40.0,42.0,79.0,81.0
112.0,26.0,60.0,56.0,32.0,20.0,0.0,0.0,2.0,9.0,11.0,21.0,25.0,28.0,34.0,37.0,40.0,42.0,72.0,81.0
108.0,24.0,30.0,68.0,26.0,30.0,80.0,52.0,1.0,9.0,12.0,22.0,26.0,28.0,34.0,39.0,40.0,58.0,79.0,81.0
189.0,217.0,60.0,94.0,245.0,10.0,180.0,88.0,3.0,10.0,13.0,21.0,24.0,30.0,34.0,38.0,40.0,43.0,70.0,81.0
280.0,68.0,60.0,170.0,80.0,30.0,273.0,100.0,2.0,9.0,11.0,21.0,24.0,28.0,34.0,37.0,40.0,54.0,79.0,81.0
152.0,100.0,60.0,115.0,103.0,10.0,130.0,52.0,2.0,9.0,13.0,23.0,25.0,29.0,34.0,37.0,40.0,43.0,72.0,81.0
116.0,42.0,120.0,77.0,50.0,10.0,0.0,0.0,2.0,9.0,11.0,21.0,25.0,27.0,33.0,36.0,40.0,43.0,77.0,81.0
101.0,2600.0,60.0,31.0,3380.0,10.0,0.0,0.0,0.0,9.0,16.0,21.0,25.0,28.0,33.0,37.0,41.0,52.0,60.0,81.0
193.0,95.0,120.0,112.0,123.0,10.0,180.0,72.0,3.0,9.0,13.0,21.0,25.0,29.0,34.0,37.0,40.0,59.0,67.0,81.0
95.0,38.0,60.0,92.0,42.0,10.0,100.0,52.0,2.0,9.0,11.0,21.0,24.0,29.0,34.0,37.0,40.0,59.0,65.0,81.0
346.0,173.0,60.0,171.0,220.0,30.0,312.0,120.0,3.0,9.0,13.0,21.0,25.0,30.0,34.0,37.0,40.0,55.0,79.0,81.0
146.0,122.0,30.0,44.0,169.0,20.0,156.0,80.0,2.0,10.0,13.0,21.0,25.0,28.0,34.0,37.0,40.0,59.0,61.0,81.0
351.0,213.0,60.0,128.0,245.0,20.0,250.0,208.0,2.0,10.0,13.0,22.0,25.0,30.0,34.0,38.0,40.0,57.0,72.0,81.0
272.0,146.0,30.0,128.0,211.0,20.0,270.0,208.0,2.0,10.0,11.0,23.0,25.0,29.0,34.0,38.0,40.0,59.0,72.0,81.0
54.0,1500.0,30.0,28.0,1950.0,30.0,65.0,24.0,1.0,9.0,19.0,22.0,25.0,27.0,33.0,36.0,41.0,57.0,79.0,82.0
106.0,84.0,30.0,37.0,98.0,30.0,64.0,58.0,2.0,9.0,13.0,21.0,24.0,29.0,34.0,37.0,40.0,42.0,61.0,81.0
116.0,32.0,30.0,52.0,38.0,10.0,0.0,0.0,0.0,9.0,11.0,22.0,25.0,28.0,34.0,37.0,40.0,52.0,74.0,81.0
94.0,52.0,30.0,36.0,65.0,30.0,91.0,36.0,0.0,9.0,13.0,22.0,24.0,31.0,34.0,38.0,40.0,57.0,61.0,82.0
61.0,4200.0,60.0,42.0,5040.0,20.0,0.0,0.0,1.0,10.0,16.0,22.0,25.0,28.0,34.0,38.0,41.0,59.0,77.0,82.0
103.0,3120.0,120.0,61.0,4160.0,10.0,0.0,0.0,2.0,9.0,16.0,21.0,25.0,29.0,34.0,36.0,41.0,52.0,60.0,81.0
125.0,2600.0,60.0,86.0,3120.0,20.0,130.0,60.0,4.0,9.0,16.0,21.0,25.0,29.0,33.0,37.0,41.0,43.0,72.0,82.0
283.0,128.0,60.0,186.0,142.0,20.0,130.0,110.0,2.0,10.0,13.0,22.0,24.0,30.0,34.0,37.0,40.0,57.0,74.0,81.0
79.0,45.0,30.0,63.0,50.0,20.0,120.0,72.0,1.0,9.0,11.0,22.0,25.0,28.0,34.0,37.0,40.0,59.0,78.0,81.0
95.0,19.0,120.0,44.0,23.0,30.0,88.0,97.0,0.0,10.0,16.0,21.0,24.0,29.0,34.0,38.0,40.0,43.0,60.0,81.0
128.0,74.0,60.0,71.0,81.0,20.0,169.0,100.0,2.0,10.0,11.0,20.0,24.0,30.0,34.0,35.0,40.0,43.0,79.0,81.0
152.0,41.0,120.0,116.0,46.0,30.0,143.0,48.0,1.0,9.0,11.0,21.0,25.0,29.0,34.0,37.0,40.0,43.0,60.0,81.0
236.0,252.0,30.0,71.0,281.0,30.0,168.0,175.0,2.0,10.0,13.0,22.0,25.0,28.0,34.0,38.0,40.0,42.0,79.0,81.0
191.0,170.0,30.0,140.0,189.0,20.0,130.0,104.0,0.0,10.0,13.0,22.0,24.0,30.0,34.0,38.0,40.0,57.0,74.0,81.0
63.0,4200.0,120.0,44.0,5460.0,20.0,50.0,45.0,1.0,10.0,16.0,21.0,25.0,29.0,34.0,38.0,41.0,57.0,77.0,81.0
176.0,103.0,60.0,79.0,144.0,30.0,144.0,156.0,3.0,9.0,13.0,21.0,24.0,30.0,34.0,38.0,40.0,57.0,60.0,81.0
111.0,5040.0,60.0,48.0,6720.0,30.0,0.0,0.0,0.0,10.0,16.0,21.0,25.0,30.0,34.0,36.0,41.0,42.0,72.0,81.0
236.0,123.0,120.0,71.0,172.0,10.0,273.0,162.0,2.0,9.0,13.0,23.0,25.0,28.0,34.0,38.0,40.0,59.0,60.0,81.0
131.0,34.0,30.0,53.0,48.0,20.0,117.0,50.0,2.0,9.0,11.0,22.0,25.0,29.0,34.0,37.0,40.0,43.0,60.0,81.0
139.0,61.0,60.0,88.0,74.0,10.0,130.0,130.0,2.0,10.0,11.0,21.0,25.0,28.0,34.0,38.0,40.0,42.0,61.0,81.0
106.0,54.0,30.0,34.0,78.0,20.0,117.0,60.0,3.0,10.0,11.0,21.0,24.0,28.0,34.0,38.0,40.0,42.0,61.0,81.0
280.0,57.0,60.0,159.0,64.0,10.0,168.0,125.0,2.0,9.0,11.0,21.0,24.0,28.0,34.0,37.0,40.0,54.0,79.0,81.0
116.0,1850.0,60.0,46.0,2405.0,10.0,0.0,0.0,2.0,9.0,17.0,22.0,25.0,27.0,33.0,36.0,41.0,52.0,60.0,81.0
98.0,37.0,60.0,40.0,40.0,20.0,56.0,40.0,1.0,9.0,11.0,21.0,24.0,30.0,34.0,38.0,40.0,57.0,61.0,81.0
152.0,153.0,60.0,69.0,169.0,10.0,104.0,70.0,0.0,10.0,13.0,21.0,24.0,29.0,34.0,37.0,40.0,43.0,60.0,81.0
191.0,78.0,60.0,81.0,90.0,10.0,120.0,115.0,2.0,10.0,11.0,22.0,25.0,29.0,34.0,38.0,40.0,43.0,79.0,81.0
80.0,3120.0,120.0,38.0,4160.0,10.0,0.0,0.0,0.0,9.0,16.0,21.0,25.0,28.0,33.0,37.0,41.0,52.0,60.0,81.0
276.0,92.0,120.0,124.0,127.0,10.0,221.0,201.0,2.0,10.0,11.0,21.0,25.0,29.0,34.0,38.0,40.0,42.0,77.0,81.0
214.0,126.0,120.0,85.0,146.0,20.0,260.0,125.0,2.0,10.0,11.0,22.0,25.0,30.0,34.0,38.0,40.0,42.0,79.0,81.0
61.0,14.0,120.0,40.0,18.0,30.0,0.0,0.0,2.0,9.0,11.0,21.0,26.0,30.0,34.0,36.0,40.0,59.0,77.0,81.0
153.0,3120.0,60.0,92.0,4160.0,30.0,0.0,0.0,2.0,9.0,16.0,21.0,24.0,28.0,33.0,39.0,41.0,48.0,60.0,81.0
248.0,221.0,60.0,134.0,237.0,20.0,144.0,108.0,2.0,10.0,13.0,22.0,24.0,29.0,34.0,38.0,40.0,42.0,77.0,81.0
300.0,202.0,30.0,143.0,274.0,20.0,312.0,140.0,2.0,10.0,13.0,22.0,25.0,30.0,34.0,38.0,40.0,57.0,72.0,81.0
115.0,6.0,120.0,62.0,6.0,20.0,0.0,0.0,8.0,9.0,19.0,21.0,25.0,27.0,34.0,36.0,40.0,52.0,60.0,81.0
392.0,158.0,120.0,222.0,165.0,30.0,190.0,105.0,3.0,9.0,13.0,21.0,24.0,30.0,34.0,37.0,40.0,57.0,72.0,81.0
242.0,90.0,120.0,98.0,122.0,10.0,195.0,117.0,2.0,10.0,11.0,22.0,25.0,30.0,34.0,38.0,40.0,52.0,61.0,81.0
164.0,39.0,30.0,82.0,52.0,20.0,143.0,65.0,3.0,9.0,11.0,21.0,24.0,30.0,34.0,39.0,40.0,42.0,61.0,81.0
146.0,73.0,30.0,114.0,84.0,30.0,150.0,95.0,2.0,10.0,11.0,22.0,24.0,28.0,34.0,38.0,40.0,43.0,72.0,81.0
242.0,90.0,30.0,106.0,105.0,10.0,150.0,72.0,2.0,10.0,11.0,22.0,25.0,30.0,34.0,38.0,40.0,52.0,61.0,81.0
118.0,54.0,60.0,74.0,71.0,30.0,80.0,84.0,2.0,10.0,11.0,22.0,24.0,29.0,34.0,38.0,40.0,52.0,66.0,81.0
57.0,201.0,120.0,31.0,357.0,10.0,90.0,28.0,1.0,9.0,18.0,21.0,25.0,28.0,33.0,38.0,40.0,57.0,79.0,81.0
137.0,39.0,60.0,94.0,52.0,30.0,72.0,65.0,3.0,9.0,11.0,21.0,25.0,28.0,34.0,36.0,40.0,43.0,60.0,81.0
321.0,225.0,120.0,145.0,310.0,10.0,312.0,188.0,2.0,10.0,13.0,22.0,25.0,29.0,34.0,37.0,40.0,42.0,79.0,81.0
157.0,98.0,60.0,123.0,103.0,20.0,221.0,95.0,3.0,9.0,13.0,21.0,25.0,28.0,34.0,38.0,40.0,57.0,67.0,81.0
141.0,3120.0,60.0,69.0,4160.0,30.0,130.0,120.0,1.0,9.0,16.0,23.0,25.0,28.0,34.0,37.0,41.0,42.0,61.0,81.0
134.0,4.0,60.0,62.0,6.0,20.0,0.0,0.0,8.0,9.0,19.0,21.0,25.0,27.0,34.0,36.0,40.0,52.0,60.0,81.0
114.0,72.0,60.0,44.0,99.0,30.0,88.0,104.0,0.0,9.0,13.0,23.0,24.0,29.0,33.0,37.0,40.0,59.0,61.0,81.0
184.0,2600.0,60.0,134.0,4160.0,30.0,0.0,0.0,1.0,9.0,16.0,21.0,25.0,28.0,33.0,36.0,41.0,43.0,72.0,81.0
182.0,147.0,120.0,141.0,155.0,30.0,96.0,104.0,2.0,10.0,13.0,22.0,24.0,29.0,34.0,38.0,40.0,52.0,66.0,81.0
326.0,173.0,120.0,106.0,194.0,30.0,260.0,155.0,3.0,9.0,13.0,21.0,24.0,28.0,34.0,36.0,40.0,52.0,79.0,81.0
152.0,83.0,120.0,112.0,91.0,20.0,130.0,84.0,2.0,9.0,13.0,23.0,25.0,29.0,34.0,37.0,40.0,43.0,72.0,81.0
189.0,122.0,30.0,107.0,155.0,20.0,156.0,75.0,2.0,10.0,13.0,22.0,24.0,28.0,34.0,38.0,40.0,57.0,66.0,81.0
81.0,2340.0,120.0,23.0,4160.0,10.0,0.0,0.0,2.0,9.0,16.0,21.0,25.0,28.0,34.0,36.0,41.0,43.0,60.0,81.0
254.0,67.0,120.0,180.0,78.0,20.0,221.0,100.0,2.0,9.0,11.0,21.0,25.0,28.0,34.0,37.0,40.0,55.0,65.0,81.0
54.0,2340.0,60.0,32.0,3380.0,10.0,65.0,78.0,1.0,9.0,16.0,23.0,25.0,28.0,33.0,37.0,41.0,59.0,77.0,81.0
70.0,5040.0,120.0,26.0,6720.0,10.0,72.0,120.0,0.0,10.0,16.0,22.0,25.0,27.0,34.0,37.0,41.0,43.0,60.0,81.0
236.0,94.0,60.0,71.0,109.0,20.0,250.0,169.0,3.0,10.0,11.0,21.0,24.0,30.0,33.0,37.0,40.0,42.0,79.0,81.0
149.0,34.0,30.0,66.0,43.0,20.0,117.0,55.0,3.0,9.0,11.0,21.0,24.0,28.0,34.0,37.0,40.0,57.0,61.0,81.0
207.0,218.0,120.0,94.0,266.0,20.0,230.0,188.0,2.0,10.0,13.0,20.0,24.0,29.0,34.0,35.0,40.0,42.0,79.0,81.0
200.0,126.0,30.0,107.0,133.0,10.0,260.0,156.0,2.0,10.0,11.0,22.0,24.0,28.0,34.0,38.0,40.0,42.0,77.0,81.0
182.0,210.0,60.0,81.0,237.0,20.0,247.0,105.0,3.0,10.0,13.0,21.0,24.0,28.0,34.0,37.0,40.0,59.0,60.0,81.0
92.0,35.0,60.0,37.0,49.0,30.0,90.0,60.0,3.0,9.0,11.0,21.0,25.0,30.0,33.0,36.0,40.0,42.0,61.0,81.0
179.0,50.0,30.0,112.0,54.0,10.0,160.0,64.0,3.0,9.0,11.0,21.0,24.0,30.0,34.0,36.0,40.0,57.0,60.0,81.0
133.0,81.0,60.0,84.0,99.0,30.0,110.0,75.0,2.0,10.0,11.0,20.0,24.0,29.0,34.0,35.0,40.0,43.0,60.0,81.0
85.0,63.0,60.0,34.0,91.0,30.0,72.0,71.0,2.0,9.0,13.0,21.0,24.0,29.0,34.0,37.0,40.0,42.0,61.0,81.0
83.0,230.0,30.0,41.0,333.0,30.0,0.0,0.0,1.0,9.0,18.0,21.0,25.0,28.0,33.0,36.0,40.0,52.0,60.0,81.0
64.0,268.0,60.0,35.0,357.0,30.0,117.0,28.0,1.0,9.0,18.0,21.0,25.0,28.0,33.0,38.0,40.0,57.0,79.0,81.0
61.0,40.0,60.0,32.0,62.0,30.0,52.0,24.0,3.0,9.0,13.0,21.0,24.0,28.0,34.0,37.0,40.0,59.0,77.0,81.0
266.0,131.0,30.0,178.0,140.0,10.0,325.0,188.0,2.0,10.0,11.0,21.0,25.0,27.0,34.0,36.0,40.0,52.0,77.0,81.0
52.0,270.0,120.0,33.0,360.0,30.0,78.0,32.0,1.0,9.0,18.0,22.0,25.0,28.0,34.0,36.0,40.0,57.0,79.0,81.0
182.0,189.0,120.0,71.0,218.0,30.0,273.0,108.0,3.0,10.0,13.0,21.0,25.0,30.0,34.0,38.0,40.0,59.0,60.0,81.0
157.0,106.0,120.0,72.0,140.0,10.0,136.0,105.0,2.0,10.0,11.0,22.0,24.0,28.0,34.0,37.0,40.0,57.0,60.0,81.0
276.0,92.0,30.0,132.0,105.0,10.0,170.0,124.0,2.0,10.0,11.0,21.0,25.0,29.0,34.0,38.0,40.0,42.0,77.0,81.0
196.0,211.0,60.0,82.0,225.0,20.0,136.0,96.0,2.0,10.0,13.0,21.0,24.0,31.0,34.0,38.0,40.0,57.0,60.0,81.0
112.0,2610.0,120.0,86.0,4640.0,10.0,140.0,320.0,2.0,10.0,17.0,21.0,25.0,31.0,34.0,36.0,41.0,58.0,79.0,81.0
46.0,83.0,120.0,23.0,108.0,20.0,0.0,0.0,1.0,10.0,15.0,22.0,25.0,28.0,33.0,37.0,40.0,59.0,77.0,81.0
43.0,173.0,120.0,20.0,225.0,20.0,40.0,26.0,1.0,9.0,18.0,21.0,25.0,27.0,33.0,39.0,40.0,57.0,79.0,81.0
102.0,64.0,60.0,44.0,76.0,20.0,56.0,32.0,0.0,9.0,13.0,23.0,24.0,31.0,33.0,36.0,40.0,57.0,61.0,81.0
100.0,61.0,60.0,52.0,84.0,30.0,88.0,110.0,2.0,10.0,11.0,22.0,24.0,30.0,34.0,38.0,40.0,42.0,61.0,81.0
116.0,34.0,30.0,61.0,40.0,10.0,72.0,50.0,1.0,9.0,11.0,21.0,25.0,29.0,33.0,36.0,40.0,42.0,61.0,82.0
213.0,83.0,120.0,176.0,92.0,30.0,208.0,76.0,3.0,10.0,11.0,21.0,25.0,29.0,34.0,38.0,40.0,53.0,61.0,81.0
118.0,80.0,120.0,73.0,90.0,30.0,80.0,84.0,2.0,9.0,13.0,22.0,24.0,29.0,34.0,39.0,40.0,43.0,60.0,81.0
286.0,60.0,30.0,138.0,65.0,30.0,144.0,136.0,2.0,9.0,15.0,21.0,25.0,28.0,33.0,39.0,40.0,42.0,77.0,81.0
227.0,194.0,60.0,122.0,266.0,30.0,170.0,100.0,3.0,10.0,13.0,21.0,25.0,29.0,34.0,37.0,40.0,43.0,73.0,81.0
324.0,237.0,30.0,187.0,281.0,30.0,338.0,132.0,2.0,10.0,13.0,21.0,24.0,28.0,34.0,38.0,40.0,55.0,79.0,81.0
248.0,184.0,60.0,140.0,254.0,30.0,180.0,135.0,2.0,10.0,13.0,22.0,24.0,29.0,34.0,38.0,40.0,42.0,77.0,81.0
173.0,1850.0,30.0,119.0,2405.0,30.0,0.0,0.0,2.0,9.0,17.0,21.0,25.0,27.0,34.0,36.0,41.0,52.0,61.0,82.0
238.0,44.0,30.0,167.0,57.0,20.0,182.0,80.0,3.0,9.0,11.0,21.0,25.0,30.0,34.0,37.0,40.0,42.0,65.0,81.0
182.0,210.0,60.0,81.0,237.0,20.0,273.0,165.0,2.0,10.0,13.0,22.0,24.0,29.0,34.0,38.0,40.0,59.0,60.0,81.0
64.0,245.0,120.0,31.0,245.0,30.0,60.0,70.0,2.0,10.0,18.0,21.0,25.0,29.0,34.0,38.0,40.0,57.0,79.0,82.0
236.0,94.0,60.0,71.0,109.0,20.0,210.0,182.0,1.0,10.0,11.0,21.0,24.0,31.0,34.0,38.0,40.0,59.0,60.0,81.0
336.0,65.0,30.0,84.0,97.0,20.0,351.0,190.0,3.0,9.0,11.0,21.0,25.0,29.0,33.0,37.0,40.0,59.0,72.0,81.0
59.0,45.0,60.0,35.0,63.0,30.0,70.0,35.0,2.0,9.0,13.0,21.0,26.0,28.0,33.0,36.0,40.0,59.0,77.0,81.0
165.0,87.0,60.0,68.0,122.0,30.0,160.0,162.0,2.0,10.0,11.0,23.0,24.0,30.0,34.0,37.0,40.0,57.0,60.0,81.0
233.0,67.0,30.0,59.0,97.0,20.0,247.0,55.0,0.0,9.0,14.0,22.0,24.0,29.0,34.0,37.0,40.0,59.0,60.0,81.0
292.0,128.0,60.0,71.0,156.0,10.0,160.0,140.0,2.0,9.0,13.0,22.0,25.0,28.0,34.0,37.0,40.0,57.0,72.0,81.0
67.0,211.0,30.0,43.0,282.0,10.0,48.0,30.0,1.0,9.0,18.0,22.0,25.0,28.0,33.0,37.0,40.0,59.0,77.0,82.0
96.0,24.0,120.0,53.0,28.0,20.0,0.0,0.0,4.0,9.0,12.0,21.0,26.0,28.0,34.0,36.0,40.0,42.0,61.0,81.0
81.0,2600.0,120.0,59.0,3120.0,30.0,48.0,52.0,1.0,9.0,16.0,22.0,25.0,28.0,33.0,36.0,41.0,57.0,79.0,81.0
115.0,48.0,60.0,89.0,51.0,30.0,156.0,40.0,0.0,10.0,12.0,22.0,26.0,28.0,34.0,37.0,40.0,48.0,79.0,81.0
156.0,100.0,120.0,74.0,103.0,30.0,110.0,65.0,2.0,9.0,13.0,22.0,25.0,29.0,33.0,37.0,40.0,43.0,72.0,81.0
150.0,158.0,30.0,64.0,194.0,30.0,170.0,140.0,2.0,10.0,13.0,22.0,25.0,29.0,34.0,38.0,40.0,42.0,77.0,81.0
128.0,68.0,60.0,95.0,76.0,10.0,80.0,60.0,3.0,9.0,13.0,21.0,24.0,29.0,33.0,36.0,40.0,59.0,65.0,81.0
108.0,48.0,60.0,64.0,53.0,10.0,130.0,64.0,3.0,9.0,11.0,23.0,25.0,29.0,34.0,38.0,40.0,42.0,61.0,81.0
222.0,133.0,30.0,82.0,149.0,30.0,136.0,123.0,0.0,9.0,13.0,21.0,24.0,29.0,34.0,38.0,40.0,57.0,60.0,81.0
200.0,76.0,60.0,85.0,92.0,20.0,130.0,110.0,3.0,10.0,11.0,21.0,24.0,30.0,34.0,38.0,40.0,43.0,70.0,81.0
107.0,46.0,30.0,38.0,50.0,30.0,0.0,0.0,2.0,9.0,11.0,21.0,25.0,27.0,34.0,36.0,40.0,43.0,60.0,81.0
269.0,94.0,60.0,174.0,112.0,10.0,247.0,149.0,2.0,10.0,11.0,22.0,24.0,29.0,34.0,38.0,40.0,57.0,72.0,81.0
145.0,78.0,60.0,93.0,97.0,30.0,100.0,60.0,2.0,10.0,11.0,22.0,24.0,29.0,34.0,38.0,40.0,43.0,60.0,81.0
116.0,5040.0,60.0,60.0,5040.0,20.0,56.0,36.0,0.0,10.0,16.0,23.0,25.0,29.0,34.0,38.0,41.0,42.0,72.0,81.0
224.0,126.0,120.0,80.0,168.0,30.0,247.0,88.0,0.0,9.0,18.0,22.0,25.0,29.0,33.0,38.0,40.0,52.0,77.0,81.0
203.0,17.0,120.0,98.0,20.0,30.0,128.0,149.0,0.0,9.0,19.0,21.0,25.0,29.0,33.0,36.0,40.0,48.0,72.0,81.0
100.0,91.0,60.0,42.0,98.0,20.0,72.0,40.0,3.0,9.0,13.0,21.0,24.0,28.0,34.0,37.0,40.0,43.0,60.0,81.0
206.0,71.0,120.0,118.0,92.0,10.0,175.0,91.0,0.0,10.0,11.0,22.0,25.0,28.0,33.0,37.0,40.0,43.0,63.0,82.0
184.0,194.0,30.0,100.0,266.0,20.0,136.0,88.0,2.0,10.0,13.0,22.0,25.0,30.0,34.0,38.0,40.0,42.0,77.0,81.0
236.0,54.0,60.0,146.0,66.0,30.0,234.0,52.0,2.0,9.0,11.0,21.0,26.0,28.0,33.0,39.0,40.0,50.0,61.0,81.0
239.0,83.0,60.0,88.0,94.0,20.0,170.0,143.0,3.0,10.0,11.0,23.0,24.0,29.0,34.0,38.0,40.0,43.0,72.0,81.0
190.0,170.0,60.0,151.0,176.0,10.0,100.0,44.0,2.0,10.0,13.0,22.0,24.0,30.0,34.0,38.0,40.0,43.0,78.0,81.0
100.0,58.0,120.0,42.0,81.0,10.0,120.0,48.0,2.0,10.0,11.0,23.0,25.0,29.0,34.0,38.0,40.0,43.0,60.0,81.0
181.0,40.0,30.0,142.0,46.0,30.0,110.0,60.0,2.0,9.0,11.0,21.0,25.0,29.0,34.0,36.0,40.0,52.0,61.0,81.0
279.0,120.0,30.0,150.0,137.0,10.0,224.0,200.0,6.0,10.0,11.0,21.0,24.0,28.0,34.0,37.0,40.0,53.0,79.0,82.0
234.0,108.0,60.0,190.0,112.0,20.0,136.0,84.0,2.0,10.0,11.0,21.0,24.0,29.0,34.0,37.0,40.0,55.0,65.0,81.0
151.0,94.0,60.0,105.0,94.0,20.0,112.0,80.0,2.0,10.0,11.0,22.0,24.0,31.0,34.0,38.0,40.0,57.0,60.0,81.0
193.0,113.0,30.0,100.0,122.0,10.0,221.0,130.0,3.0,10.0,11.0,21.0,24.0,28.0,34.0,38.0,40.0,42.0,77.0,81.0
68.0,38.0,60.0,34.0,48.0,10.0,32.0,20.0,2.0,9.0,13.0,21.0,25.0,31.0,33.0,36.0,40.0,57.0,79.0,81.0
170.0,50.0,120.0,80.0,57.0,30.0,221.0,80.0,1.0,9.0,11.0,21.0,25.0,31.0,34.0,37.0,40.0,42.0,77.0,81.0
120.0,31.0,120.0,107.0,42.0,10.0,0.0,0.0,2.0,9.0,11.0,21.0,25.0,30.0,33.0,37.0,40.0,57.0,79.0,81.0
88.0,5040.0,120.0,35.0,5460.0,20.0,78.0,30.0,1.0,10.0,16.0,22.0,25.0,28.0,34.0,38.0,41.0,42.0,72.0,81.0
104.0,56.0,30.0,59.0,74.0,20.0,64.0,44.0,2.0,10.0,11.0,22.0,25.0,30.0,34.0,37.0,40.0,43.0,77.0,81.0
110.0,52.0,120.0,94.0,71.0,20.0,0.0,0.0,2.0,9.0,13.0,21.0,25.0,29.0,33.0,36.0,40.0,42.0,72.0,81.0
214.0,47.0,120.0,95.0,66.0,10.0,140.0,68.0,3.0,9.0,11.0,21.0,25.0,31.0,34.0,36.0,40.0,43.0,70.0,81.0
82.0,22.0,60.0,31.0,34.0,30.0,56.0,52.0,3.0,9.0,11.0,21.0,25.0,30.0,34.0,37.0,40.0,43.0,77.0,81.0
183.0,94.0,120.0,104.0,97.0,30.0,130.0,80.0,2.0,10.0,11.0,22.0,25.0,29.0,34.0,39.0,40.0,55.0,61.0,81.0
152.0,83.0,60.0,119.0,90.0,20.0,169.0,65.0,2.0,9.0,13.0,23.0,25.0,29.0,34.0,37.0,40.0,43.0,72.0,81.0
275.0,75.0,30.0,87.0,100.0,10.0,0.0,0.0,1.0,10.0,15.0,22.0,25.0,27.0,34.0,39.0,40.0,52.0,79.0,82.0
225.0,119.0,60.0,164.0,132.0,10.0,160.0,80.0,3.0,9.0,13.0,21.0,25.0,30.0,34.0,37.0,40.0,59.0,61.0,81.0
118.0,26.0,30.0,77.0,38.0,20.0,56.0,80.0,0.0,9.0,11.0,22.0,25.0,29.0,34.0,37.0,40.0,42.0,72.0,81.0
230.0,106.0,60.0,112.0,116.0,10.0,144.0,90.0,3.0,9.0,13.0,21.0,25.0,29.0,34.0,37.0,40.0,59.0,67.0,81.0
164.0,119.0,120.0,74.0,161.0,10.0,112.0,90.0,0.0,9.0,13.0,22.0,25.0,29.0,34.0,38.0,40.0,43.0,72.0,81.0
111.0,3780.0,60.0,44.0,5040.0,20.0,0.0,0.0,0.0,10.0,16.0,21.0,25.0,30.0,34.0,36.0,41.0,42.0,72.0,81.0
260.0,94.0,30.0,128.0,105.0,10.0,210.0,132.0,2.0,10.0,11.0,22.0,25.0,30.0,34.0,38.0,40.0,52.0,65.0,81.0
111.0,38.0,60.0,56.0,52.0,30.0,90.0,50.0,2.0,9.0,11.0,22.0,25.0,29.0,34.0,37.0,40.0,43.0,60.0,81.0
182.0,189.0,30.0,81.0,225.0,30.0,210.0,135.0,2.0,10.0,13.0,22.0,24.0,30.0,34.0,38.0,40.0,59.0,60.0,81.0
119.0,5040.0,30.0,70.0,6720.0,20.0,0.0,0.0,2.0,10.0,16.0,21.0,25.0,31.0,33.0,36.0,41.0,42.0,70.0,82.0
200.0,74.0,120.0,71.0,82.0,20.0,325.0,160.0,0.0,9.0,11.0,22.0,25.0,28.0,33.0,37.0,40.0,59.0,60.0,81.0
159.0,42.0,120.0,80.0,53.0,10.0,143.0,71.0,2.0,9.0,11.0,22.0,25.0,28.0,34.0,37.0,40.0,43.0,60.0,81.0
58.0,13.0,30.0,42.0,16.0,30.0,70.0,60.0,2.0,9.0,12.0,21.0,25.0,30.0,34.0,39.0,40.0,59.0,77.0,81.0
120.0,43.0,60.0,62.0,46.0,20.0,80.0,44.0,3.0,9.0,11.0,21.0,25.0,28.0,33.0,36.0,40.0,57.0,61.0,81.0
112.0,71.0,30.0,60.0,81.0,30.0,117.0,52.0,3.0,10.0,11.0,21.0,25.0,29.0,34.0,38.0,40.0,43.0,60.0,81.0
97.0,31.0,30.0,46.0,36.0,10.0,104.0,52.0,0.0,9.0,11.0,21.0,24.0,30.0,34.0,38.0,40.0,43.0,77.0,81.0
132.0,3780.0,120.0,74.0,6720.0,10.0,90.0,52.0,0.0,10.0,16.0,22.0,25.0,30.0,34.0,38.0,41.0,42.0,61.0,81.0
125.0,96.0,120.0,49.0,106.0,20.0,156.0,70.0,2.0,9.0,13.0,20.0,24.0,28.0,34.0,35.0,40.0,43.0,79.0,81.0
66.0,201.0,30.0,33.0,357.0,20.0,52.0,30.0,1.0,9.0,18.0,22.0,25.0,28.0,34.0,38.0,40.0,59.0,77.0,81.0
227.0,119.0,30.0,127.0,155.0,20.0,190.0,182.0,2.0,10.0,11.0,23.0,25.0,29.0,34.0,37.0,40.0,57.0,60.0,81.0
236.0,40.0,60.0,152.0,45.0,20.0,120.0,104.0,3.0,9.0,11.0,21.0,25.0,28.0,34.0,39.0,40.0,43.0,77.0,81.0
182.0,111.0,60.0,63.0,156.0,30.0,152.0,182.0,3.0,9.0,13.0,21.0,24.0,29.0,34.0,38.0,40.0,59.0,60.0,81.0
193.0,211.0,30.0,56.0,237.0,30.0,136.0,136.0,2.0,10.0,13.0,23.0,24.0,29.0,34.0,38.0,40.0,57.0,60.0,81.0
145.0,196.0,30.0,123.0,261.0,20.0,90.0,65.0,2.0,10.0,18.0,21.0,24.0,30.0,33.0,37.0,40.0,59.0,77.0,82.0
213.0,75.0,60.0,94.0,108.0,10.0,325.0,266.0,0.0,10.0,15.0,22.0,25.0,29.0,34.0,38.0,40.0,59.0,60.0,81.0
54.0,1665.0,30.0,21.0,2960.0,20.0,78.0,30.0,1.0,9.0,17.0,21.0,25.0,27.0,34.0,37.0,41.0,57.0,79.0,81.0
240.0,58.0,30.0,111.0,72.0,30.0,230.0,140.0,1.0,9.0,11.0,21.0,24.0,30.0,34.0,37.0,40.0,57.0,72.0,81.0
184.0,55.0,30.0,142.0,57.0,10.0,143.0,97.0,3.0,9.0,11.0,21.0,24.0,31.0,34.0,36.0,40.0,43.0,69.0,81.0
100.0,53.0,120.0,50.0,60.0,20.0,70.0,52.0,2.0,10.0,11.0,21.0,24.0,31.0,34.0,38.0,40.0,57.0,61.0,81.0
129.0,68.0,60.0,72.0,76.0,20.0,143.0,75.0,0.0,10.0,11.0,22.0,24.0,29.0,34.0,37.0,40.0,59.0,61.0,81.0
87.0,2600.0,60.0,43.0,3120.0,20.0,0.0,0.0,1.0,9.0,16.0,21.0,25.0,28.0,34.0,36.0,41.0,43.0,77.0,82.0
169.0,114.0,30.0,118.0,139.0,20.0,0.0,0.0,2.0,9.0,13.0,21.0,25.0,27.0,33.0,39.0,40.0,42.0,61.0,82.0
94.0,62.0,60.0,36.0,71.0,20.0,56.0,36.0,0.0,9.0,13.0,22.0,24.0,31.0,34.0,38.0,40.0,57.0,61.0,81.0
126.0,2340.0,30.0,87.0,3380.0,30.0,80.0,160.0,0.0,9.0,16.0,23.0,26.0,28.0,34.0,38.0,41.0,42.0,61.0,81.0
162.0,38.0,30.0,136.0,42.0,30.0,0.0,0.0,6.0,9.0,11.0,22.0,26.0,27.0,34.0,39.0,40.0,58.0,79.0,82.0
126.0,3780.0,120.0,63.0,5460.0,20.0,80.0,120.0,0.0,10.0,16.0,22.0,25.0,29.0,34.0,38.0,41.0,54.0,72.0,82.0
203.0,89.0,60.0,120.0,105.0,30.0,130.0,48.0,3.0,10.0,11.0,21.0,24.0,30.0,34.0,37.0,40.0,42.0,61.0,81.0
249.0,58.0,120.0,149.0,66.0,30.0,144.0,130.0,0.0,9.0,11.0,21.0,25.0,28.0,34.0,37.0,40.0,57.0,69.0,81.0
85.0,72.0,60.0,37.0,84.0,10.0,90.0,56.0,2.0,10.0,11.0,23.0,25.0,29.0,34.0,38.0,40.0,42.0,61.0,81.0
183.0,136.0,120.0,113.0,153.0,30.0,88.0,104.0,2.0,10.0,13.0,22.0,24.0,30.0,34.0,38.0,40.0,59.0,61.0,81.0
237.0,225.0,30.0,95.0,322.0,20.0,192.0,136.0,2.0,10.0,13.0,22.0,25.0,29.0,34.0,38.0,40.0,57.0,72.0,81.0
146.0,96.0,30.0,49.0,106.0,30.0,88.0,84.0,3.0,9.0,13.0,21.0,24.0,28.0,33.0,37.0,40.0,59.0,61.0,81.0
129.0,121.0,120.0,78.0,153.0,20.0,90.0,78.0,0.0,10.0,13.0,22.0,24.0,30.0,34.0,38.0,40.0,43.0,60.0,81.0
246.0,50.0,30.0,132.0,65.0,30.0,234.0,84.0,2.0,9.0,15.0,21.0,25.0,28.0,33.0,39.0,40.0,42.0,77.0,82.0
54.0,268.0,30.0,31.0,268.0,10.0,117.0,45.0,1.0,9.0,18.0,21.0,25.0,28.0,33.0,38.0,40.0,57.0,79.0,81.0
106.0,61.0,60.0,59.0,84.0,30.0,72.0,78.0,2.0,10.0,11.0,22.0,25.0,30.0,34.0,38.0,40.0,43.0,60.0,81.0
240.0,108.0,120.0,83.0,118.0,30.0,160.0,105.0,2.0,10.0,11.0,22.0,25.0,29.0,34.0,37.0,40.0,43.0,72.0,81.0
194.0,76.0,60.0,108.0,88.0,20.0,140.0,130.0,2.0,10.0,11.0,22.0,24.0,28.0,34.0,39.0,40.0,53.0,61.0,81.0
142.0,77.0,60.0,105.0,103.0,30.0,88.0,84.0,2.0,9.0,13.0,22.0,25.0,30.0,34.0,38.0,40.0,43.0,60.0,81.0
103.0,25.0,60.0,31.0,32.0,10.0,56.0,40.0,2.0,9.0,11.0,21.0,25.0,28.0,33.0,37.0,40.0,57.0,61.0,81.0
300.0,62.0,60.0,194.0,80.0,30.0,200.0,125.0,0.0,9.0,11.0,22.0,24.0,28.0,33.0,36.0,40.0,57.0,72.0,81.0
90.0,35.0,120.0,39.0,43.0,20.0,60.0,65.0,4.0,9.0,11.0,23.0,25.0,29.0,34.0,37.0,40.0,43.0,60.0,81.0
181.0,54.0,120.0,142.0,64.0,10.0,88.0,60.0,2.0,9.0,11.0,21.0,25.0,29.0,34.0,36.0,40.0,52.0,61.0,81.0
281.0,45.0,30.0,101.0,80.0,20.0,0.0,0.0,0.0,9.0,15.0,23.0,25.0,28.0,34.0,39.0,40.0,47.0,79.0,81.0
120.0,96.0,120.0,65.0,106.0,20.0,130.0,60.0,0.0,9.0,13.0,21.0,24.0,29.0,34.0,37.0,40.0,43.0,74.0,81.0
205.0,88.0,30.0,114.0,122.0,20.0,120.0,72.0,2.0,10.0,11.0,22.0,24.0,29.0,34.0,38.0,40.0,52.0,61.0,81.0
184.0,68.0,30.0,84.0,88.0,20.0,190.0,123.0,2.0,9.0,11.0,21.0,25.0,29.0,34.0,37.0,40.0,57.0,60.0,82.0
206.0,17.0,120.0,133.0,25.0,20.0,104.0,64.0,1.0,10.0,16.0,21.0,25.0,29.0,34.0,38.0,40.0,47.0,65.0,81.0
138.0,142.0,30.0,66.0,155.0,10.0,90.0,44.0,2.0,10.0,13.0,22.0,24.0,28.0,34.0,37.0,40.0,47.0,61.0,81.0
92.0,60.0,30.0,44.0,84.0,20.0,64.0,40.0,1.0,10.0,11.0,21.0,25.0,28.0,33.0,37.0,40.0,42.0,61.0,81.0
87.0,3120.0,60.0,39.0,3380.0,10.0,80.0,40.0,2.0,9.0,16.0,21.0,25.0,29.0,33.0,39.0,41.0,43.0,60.0,82.0
61.0,19.0,60.0,40.0,25.0,10.0,0.0,0.0,2.0,9.0,11.0,21.0,26.0,30.0,34.0,36.0,40.0,59.0,77.0,82.0
66.0,268.0,30.0,35.0,290.0,30.0,32.0,39.0,1.0,9.0,18.0,22.0,25.0,28.0,34.0,38.0,40.0,59.0,77.0,81.0
70.0,62.0,60.0,53.0,71.0,10.0,70.0,32.0,3.0,9.0,13.0,21.0,25.0,31.0,34.0,36.0,40.0,59.0,77.0,81.0
127.0,64.0,120.0,75.0,84.0,10.0,100.0,115.0,0.0,10.0,11.0,22.0,25.0,29.0,34.0,37.0,40.0,42.0,61.0,81.0
138.0,40.0,60.0,83.0,52.0,30.0,120.0,60.0,1.0,9.0,11.0,21.0,25.0,28.0,33.0,36.0,40.0,42.0,61.0,81.0
212.0,92.0,60.0,130.0,105.0,20.0,234.0,105.0,0.0,10.0,11.0,22.0,25.0,29.0,34.0,38.0,40.0,57.0,60.0,81.0
174.0,4200.0,30.0,76.0,6720.0,20.0,0.0,0.0,2.0,10.0,16.0,23.0,25.0,31.0,34.0,38.0,41.0,43.0,72.0,81.0
112.0,34.0,60.0,66.0,43.0,30.0,72.0,71.0,3.0,9.0,11.0,21.0,24.0,28.0,34.0,37.0,40.0,57.0,61.0,81.0
195.0,109.0,120.0,123.0,114.0,30.0,110.0,70.0,3.0,9.0,13.0,21.0,24.0,29.0,33.0,37.0,40.0,47.0,65.0,81.0
182.0,105.0,60.0,81.0,118.0,20.0,273.0,165.0,2.0,10.0,11.0,22.0,24.0,29.0,34.0,38.0,40.0,59.0,60.0,81.0
199.0,38.0,60.0,148.0,43.0,10.0,156.0,104.0,3.0,9.0,11.0,21.0,25.0,28.0,34.0,37.0,40.0,43.0,77.0,81.0
255.0,49.0,30.0,95.0,66.0,20.0,208.0,110.0,2.0,9.0,11.0,22.0,25.0,29.0,34.0,38.0,40.0,43.0,72.0,81.0
294.0,50.0,60.0,180.0,62.0,20.0,170.0,130.0,2.0,9.0,11.0,21.0,25.0,28.0,34.0,37.0,40.0,55.0,65.0,81.0
69.0,221.0,30.0,32.0,394.0,20.0,78.0,40.0,1.0,9.0,18.0,23.0,25.0,28.0,33.0,37.0,40.0,57.0,79.0,81.0
236.0,3120.0,120.0,63.0,3120.0,30.0,0.0,0.0,2.0,9.0,16.0,21.0,25.0,28.0,34.0,37.0,41.0,59.0,60.0,82.0
61.0,157.0,120.0,32.0,226.0,20.0,0.0,0.0,0.0,10.0,18.0,22.0,25.0,29.0,33.0,37.0,40.0,59.0,77.0,82.0
106.0,70.0,60.0,34.0,86.0,10.0,72.0,55.0,0.0,9.0,13.0,21.0,24.0,30.0,34.0,37.0,40.0,43.0,60.0,81.0
131.0,50.0,120.0,88.0,54.0,20.0,143.0,70.0,2.0,9.0,11.0,21.0,25.0,30.0,34.0,37.0,40.0,42.0,65.0,81.0
116.0,4200.0,30.0,60.0,5460.0,30.0,91.0,36.0,0.0,10.0,16.0,23.0,25.0,29.0,34.0,38.0,41.0,42.0,72.0,82.0
151.0,91.0,60.0,118.0,98.0,20.0,169.0,85.0,3.0,9.0,13.0,21.0,25.0,28.0,33.0,36.0,40.0,52.0,67.0,81.0
111.0,3780.0,60.0,39.0,5040.0,20.0,75.0,32.0,0.0,10.0,16.0,23.0,25.0,30.0,34.0,39.0,41.0,43.0,60.0,81.0
172.0,81.0,30.0,116.0,88.0,30.0,273.0,88.0,0.0,10.0,11.0,21.0,25.0,28.0,33.0,37.0,40.0,43.0,72.0,82.0
192.0,119.0,120.0,109.0,144.0,20.0,169.0,70.0,2.0,9.0,13.0,21.0,25.0,29.0,33.0,37.0,40.0,51.0,61.0,81.0
105.0,23.0,60.0,54.0,31.0,10.0,91.0,58.0,0.0,9.0,11.0,21.0,24.0,28.0,34.0,37.0,40.0,57.0,61.0,81.0
152.0,3780.0,60.0,77.0,5040.0,20.0,90.0,84.0,0.0,10.0,16.0,22.0,25.0,30.0,34.0,38.0,41.0,42.0,61.0,81.0
115.0,74.0,60.0,77.0,81.0,20.0,143.0,65.0,2.0,10.0,11.0,22.0,25.0,30.0,34.0,37.0,40.0,43.0,60.0,81.0
64.0,201.0,60.0,33.0,268.0,20.0,90.0,45.0,1.0,9.0,18.0,21.0,25.0,28.0,33.0,38.0,40.0,57.0,79.0,81.0
299.0,110.0,60.0,153.0,155.0,30.0,232.0,195.0,3.0,10.0,11.0,21.0,25.0,29.0,34.0,38.0,40.0,55.0,78.0,81.0
124.0,135.0,60.0,52.0,180.0,20.0,60.0,52.0,1.0,9.0,19.0,21.0,25.0,28.0,33.0,37.0,40.0,42.0,72.0,81.0
162.0,194.0,120.0,113.0,210.0,20.0,182.0,85.0,2.0,10.0,13.0,21.0,25.0,28.0,34.0,37.0,40.0,42.0,77.0,81.0
171.0,113.0,30.0,75.0,122.0,10.0,221.0,169.0,2.0,10.0,11.0,22.0,25.0,29.0,34.0,38.0,40.0,57.0,60.0,81.0
71.0,1850.0,60.0,52.0,2220.0,20.0,0.0,0.0,1.0,9.0,17.0,21.0,25.0,27.0,34.0,37.0,41.0,57.0,79.0,82.0
85.0,2610.0,120.0,37.0,3480.0,30.0,0.0,0.0,2.0,10.0,17.0,21.0,25.0,31.0,33.0,36.0,41.0,42.0,61.0,81.0
257.0,110.0,30.0,109.0,137.0,30.0,270.0,165.0,3.0,10.0,11.0,21.0,25.0,29.0,34.0,37.0,40.0,59.0,72.0,81.0
296.0,294.0,30.0,122.0,414.0,20.0,250.0,208.0,2.0,10.0,13.0,22.0,25.0,30.0,34.0,38.0,40.0,51.0,79.0,81.0
119.0,2600.0,120.0,91.0,4160.0,10.0,0.0,0.0,2.0,9.0,16.0,21.0,25.0,27.0,33.0,36.0,41.0,59.0,65.0,82.0
249.0,101.0,60.0,135.0,146.0,30.0,168.0,208.0,1.0,10.0,11.0,23.0,25.0,29.0,34.0,37.0,40.0,52.0,79.0,81.0
146.0,36.0,60.0,49.0,42.0,20.0,110.0,110.0,3.0,9.0,11.0,21.0,25.0,29.0,34.0,38.0,40.0,59.0,61.0,81.0
146.0,85.0,120.0,91.0,92.0,20.0,143.0,65.0,2.0,10.0,11.0,22.0,25.0,30.0,34.0,38.0,40.0,43.0,60.0,81.0
245.0,83.0,120.0,113.0,105.0,20.0,128.0,88.0,2.0,10.0,11.0,22.0,24.0,30.0,34.0,38.0,40.0,42.0,77.0,81.0
182.0,176.0,30.0,141.0,194.0,20.0,120.0,104.0,2.0,10.0,13.0,22.0,24.0,29.0,34.0,38.0,40.0,52.0,66.0,81.0
165.0,136.0,60.0,110.0,167.0,30.0,120.0,75.0,2.0,10.0,13.0,22.0,24.0,28.0,34.0,38.0,40.0,57.0,66.0,81.0
229.0,252.0,60.0,92.0,274.0,20.0,176.0,120.0,2.0,10.0,13.0,22.0,25.0,29.0,34.0,38.0,40.0,42.0,79.0,81.0
137.0,5040.0,120.0,63.0,5040.0,30.0,0.0,0.0,2.0,10.0,16.0,21.0,25.0,31.0,33.0,36.0,41.0,42.0,70.0,82.0
85.0,84.0,120.0,41.0,111.0,10.0,88.0,60.0,2.0,9.0,13.0,21.0,24.0,28.0,34.0,36.0,40.0,43.0,60.0,81.0
137.0,23.0,120.0,101.0,26.0,20.0,56.0,36.0,3.0,9.0,11.0,21.0,25.0,28.0,33.0,36.0,40.0,59.0,77.0,81.0
212.0,44.0,30.0,139.0,56.0,20.0,234.0,95.0,2.0,9.0,11.0,22.0,24.0,29.0,34.0,37.0,40.0,57.0,60.0,81.0
317.0,58.0,60.0,99.0,70.0,20.0,230.0,182.0,1.0,9.0,11.0,21.0,24.0,30.0,34.0,37.0,40.0,57.0,72.0,81.0
177.0,76.0,120.0,58.0,109.0,10.0,110.0,76.0,0.0,10.0,11.0,22.0,25.0,29.0,33.0,38.0,40.0,52.0,61.0,81.0
95.0,5040.0,120.0,42.0,5460.0,20.0,78.0,70.0,1.0,10.0,16.0,23.0,25.0,28.0,34.0,37.0,41.0,42.0,72.0,81.0
54.0,315.0,30.0,30.0,420.0,10.0,40.0,25.0,1.0,10.0,18.0,22.0,25.0,28.0,34.0,37.0,40.0,57.0,79.0,82.0
191.0,176.0,60.0,141.0,194.0,20.0,221.0,125.0,2.0,10.0,13.0,22.0,24.0,30.0,34.0,37.0,40.0,59.0,62.0,81.0
148.0,3120.0,30.0,71.0,3380.0,30.0,0.0,0.0,0.0,9.0,16.0,21.0,25.0,28.0,33.0,36.0,41.0,42.0,72.0,81.0
53.0,44.0,60.0,24.0,63.0,30.0,0.0,0.0,2.0,9.0,13.0,21.0,26.0,27.0,34.0,36.0,40.0,57.0,79.0,81.0
51.0,174.0,60.0,32.0,209.0,20.0,0.0,0.0,0.0,10.0,18.0,22.0,25.0,29.0,33.0,37.0,40.0,59.0,77.0,82.0
92.0,54.0,60.0,41.0,68.0,10.0,117.0,78.0,2.0,10.0,11.0,22.0,24.0,29.0,34.0,38.0,40.0,43.0,60.0,81.0
262.0,130.0,30.0,171.0,156.0,30.0,240.0,150.0,3.0,9.0,13.0,21.0,25.0,30.0,34.0,37.0,40.0,55.0,79.0,81.0
97.0,218.0,120.0,36.0,349.0,10.0,65.0,45.0,0.0,9.0,18.0,21.0,25.0,28.0,33.0,39.0,40.0,52.0,60.0,82.0
154.0,60.0,120.0,77.0,76.0,10.0,130.0,84.0,2.0,10.0,11.0,22.0,24.0,29.0,34.0,38.0,40.0,52.0,66.0,81.0
189.0,136.0,30.0,114.0,147.0,10.0,120.0,60.0,2.0,10.0,13.0,22.0,24.0,28.0,34.0,38.0,40.0,57.0,66.0,81.0
99.0,3120.0,60.0,41.0,3120.0,20.0,0.0,0.0,1.0,9.0,16.0,21.0,25.0,28.0,33.0,36.0,41.0,43.0,60.0,81.0
170.0,67.0,60.0,80.0,74.0,10.0,170.0,80.0,1.0,9.0,11.0,21.0,25.0,31.0,34.0,37.0,40.0,42.0,77.0,81.0
168.0,61.0,120.0,72.0,76.0,20.0,88.0,60.0,0.0,10.0,11.0,22.0,24.0,29.0,34.0,37.0,40.0,59.0,61.0,81.0
182.0,56.0,30.0,81.0,66.0,30.0,210.0,145.0,3.0,9.0,11.0,21.0,25.0,30.0,34.0,37.0,40.0,59.0,60.0,81.0
64.0,3120.0,120.0,40.0,3380.0,20.0,0.0,0.0,0.0,9.0,16.0,21.0,24.0,28.0,33.0,39.0,41.0,59.0,77.0,81.0
341.0,2600.0,60.0,149.0,3380.0,10.0,216.0,95.0,2.0,9.0,16.0,21.0,26.0,31.0,33.0,39.0,41.0,59.0,60.0,81.0
292.0,98.0,120.0,92.0,122.0,20.0,160.0,108.0,2.0,10.0,11.0,22.0,24.0,30.0,34.0,38.0,40.0,57.0,72.0,81.0
175.0,41.0,120.0,102.0,53.0,20.0,48.0,28.0,2.0,10.0,11.0,21.0,25.0,28.0,34.0,37.0,40.0,42.0,72.0,82.0
120.0,80.0,120.0,51.0,103.0,10.0,143.0,84.0,2.0,9.0,13.0,20.0,24.0,29.0,34.0,35.0,40.0,43.0,60.0,81.0
273.0,74.0,60.0,219.0,74.0,20.0,128.0,92.0,3.0,9.0,11.0,21.0,24.0,30.0,34.0,37.0,40.0,52.0,78.0,81.0
326.0,110.0,30.0,106.0,165.0,20.0,338.0,120.0,2.0,10.0,11.0,22.0,24.0,29.0,34.0,38.0,40.0,52.0,79.0,81.0
131.0,38.0,30.0,60.0,43.0,10.0,90.0,40.0,2.0,9.0,11.0,22.0,25.0,29.0,34.0,37.0,40.0,43.0,60.0,81.0
164.0,211.0,30.0,64.0,281.0,20.0,170.0,123.0,2.0,10.0,13.0,22.0,25.0,29.0,34.0,38.0,40.0,42.0,77.0,81.0
143.0,42.0,60.0,67.0,49.0,10.0,80.0,60.0,0.0,9.0,11.0,21.0,25.0,29.0,33.0,37.0,40.0,42.0,61.0,81.0
152.0,200.0,120.0,96.0,355.0,10.0,0.0,0.0,2.0,10.0,19.0,21.0,25.0,30.0,33.0,38.0,40.0,42.0,75.0,81.0
90.0,48.0,120.0,89.0,51.0,10.0,96.0,50.0,0.0,10.0,12.0,22.0,26.0,28.0,34.0,37.0,40.0,48.0,79.0,81.0
151.0,103.0,60.0,88.0,111.0,10.0,130.0,80.0,2.0,9.0,13.0,22.0,25.0,28.0,33.0,36.0,40.0,43.0,79.0,81.0
315.0,110.0,60.0,160.0,133.0,10.0,286.0,188.0,2.0,10.0,11.0,22.0,25.0,29.0,34.0,38.0,40.0,52.0,77.0,81.0
45.0,174.0,120.0,23.0,209.0,30.0,32.0,109.0,1.0,10.0,19.0,23.0,25.0,31.0,34.0,38.0,40.0,57.0,79.0,81.0
163.0,1665.0,60.0,88.0,2220.0,20.0,0.0,0.0,6.0,9.0,17.0,21.0,25.0,28.0,33.0,36.0,41.0,43.0,60.0,81.0
178.0,12.0,120.0,127.0,14.0,30.0,104.0,123.0,3.0,9.0,16.0,21.0,24.0,30.0,34.0,37.0,40.0,57.0,62.0,81.0
130.0,1665.0,30.0,55.0,2960.0,20.0,0.0,0.0,2.0,9.0,17.0,21.0,25.0,31.0,33.0,36.0,41.0,52.0,60.0,81.0
116.0,64.0,120.0,79.0,74.0,30.0,156.0,60.0,2.0,10.0,11.0,22.0,24.0,30.0,34.0,38.0,40.0,43.0,60.0,81.0
173.0,45.0,60.0,101.0,50.0,10.0,0.0,0.0,1.0,9.0,11.0,21.0,25.0,28.0,33.0,37.0,40.0,42.0,65.0,81.0
128.0,142.0,60.0,50.0,167.0,10.0,80.0,65.0,2.0,10.0,13.0,22.0,24.0,29.0,34.0,38.0,40.0,43.0,60.0,81.0
375.0,156.0,120.0,126.0,215.0,10.0,377.0,279.0,1.0,9.0,13.0,23.0,25.0,28.0,34.0,37.0,40.0,59.0,72.0,81.0
92.0,122.0,30.0,51.0,147.0,30.0,90.0,60.0,2.0,10.0,13.0,22.0,24.0,29.0,34.0,38.0,40.0,42.0,61.0,81.0
140.0,43.0,30.0,84.0,50.0,30.0,0.0,0.0,2.0,9.0,11.0,21.0,25.0,27.0,34.0,36.0,40.0,59.0,61.0,81.0
206.0,83.0,120.0,73.0,105.0,20.0,120.0,80.0,2.0,10.0,11.0,22.0,24.0,28.0,34.0,37.0,40.0,57.0,60.0,81.0
229.0,70.0,60.0,153.0,74.0,20.0,273.0,135.0,3.0,9.0,11.0,21.0,25.0,30.0,34.0,37.0,40.0,53.0,77.0,81.0
102.0,21.0,60.0,54.0,28.0,30.0,72.0,32.0,0.0,9.0,12.0,21.0,24.0,27.0,34.0,37.0,40.0,42.0,61.0,82.0
112.0,36.0,120.0,60.0,49.0,10.0,90.0,52.0,0.0,9.0,11.0,21.0,24.0,29.0,33.0,37.0,40.0,43.0,60.0,81.0
182.0,105.0,120.0,63.0,122.0,20.0,190.0,169.0,2.0,10.0,11.0,21.0,25.0,28.0,34.0,37.0,40.0,42.0,79.0,81.0
106.0,35.0,120.0,37.0,49.0,10.0,104.0,58.0,2.0,9.0,11.0,21.0,25.0,28.0,34.0,37.0,40.0,42.0,61.0,81.0
353.0,3120.0,120.0,292.0,4160.0,10.0,168.0,130.0,2.0,9.0,16.0,21.0,25.0,30.0,33.0,36.0,41.0,57.0,76.0,81.0
76.0,2220.0,60.0,30.0,2405.0,10.0,0.0,0.0,0.0,9.0,17.0,21.0,25.0,28.0,33.0,37.0,41.0,52.0,60.0,82.0
117.0,36.0,60.0,62.0,50.0,30.0,0.0,0.0,0.0,9.0,11.0,22.0,25.0,29.0,33.0,37.0,40.0,42.0,61.0,81.0
162.0,38.0,60.0,138.0,45.0,30.0,0.0,0.0,6.0,9.0,11.0,22.0,26.0,27.0,34.0,39.0,40.0,58.0,79.0,81.0
111.0,42.0,120.0,39.0,46.0,30.0,60.0,50.0,4.0,9.0,11.0,23.0,25.0,29.0,34.0,37.0,40.0,43.0,60.0,82.0
159.0,90.0,120.0,108.0,95.0,30.0,112.0,110.0,3.0,9.0,13.0,21.0,25.0,30.0,34.0,37.0,40.0,57.0,67.0,81.0
68.0,10.0,120.0,42.0,14.0,10.0,50.0,19.0,1.0,9.0,12.0,22.0,25.0,27.0,34.0,36.0,40.0,59.0,77.0,81.0
150.0,52.0,120.0,50.0,62.0,20.0,170.0,162.0,2.0,9.0,11.0,22.0,25.0,28.0,34.0,38.0,40.0,57.0,60.0,81.0
139.0,46.0,60.0,102.0,54.0,20.0,78.0,35.0,2.0,10.0,11.0,21.0,25.0,28.0,34.0,37.0,40.0,42.0,72.0,82.0
102.0,109.0,30.0,83.0,121.0,10.0,91.0,65.0,1.0,10.0,13.0,21.0,24.0,30.0,33.0,39.0,40.0,59.0,65.0,81.0
106.0,119.0,30.0,41.0,142.0,10.0,90.0,40.0,2.0,10.0,13.0,23.0,25.0,28.0,34.0,37.0,40.0,42.0,61.0,81.0
217.0,150.0,120.0,150.0,176.0,20.0,144.0,92.0,2.0,10.0,13.0,22.0,25.0,30.0,34.0,38.0,40.0,57.0,60.0,81.0
144.0,50.0,120.0,89.0,54.0,20.0,143.0,70.0,3.0,9.0,11.0,21.0,25.0,31.0,34.0,37.0,40.0,42.0,61.0,81.0
336.0,122.0,60.0,84.0,150.0,10.0,216.0,190.0,2.0,10.0,11.0,21.0,24.0,31.0,34.0,38.0,40.0,59.0,72.0,81.0
161.0,86.0,120.0,110.0,91.0,30.0,112.0,123.0,0.0,9.0,13.0,21.0,25.0,29.0,34.0,37.0,40.0,57.0,62.0,81.0
117.0,2600.0,120.0,66.0,3120.0,30.0,0.0,0.0,2.0,9.0,16.0,21.0,25.0,27.0,33.0,36.0,41.0,47.0,61.0,81.0
237.0,49.0,60.0,91.0,57.0,20.0,170.0,123.0,2.0,9.0,11.0,22.0,24.0,28.0,34.0,37.0,40.0,57.0,60.0,81.0
233.0,87.0,60.0,86.0,99.0,20.0,180.0,149.0,2.0,10.0,11.0,22.0,24.0,30.0,34.0,38.0,40.0,57.0,60.0,81.0
200.0,85.0,120.0,86.0,118.0,10.0,160.0,96.0,2.0,10.0,11.0,22.0,24.0,29.0,34.0,38.0,40.0,57.0,60.0,81.0
788.0,114.0,120.0,785.0,128.0,20.0,200.0,169.0,0.0,9.0,13.0,23.0,24.0,30.0,34.0,37.0,40.0,59.0,74.0,81.0
340.0,329.0,30.0,240.0,393.0,20.0,250.0,182.0,2.0,10.0,13.0,23.0,25.0,29.0,34.0,37.0,40.0,56.0,77.0,81.0
235.0,103.0,60.0,185.0,114.0,20.0,221.0,100.0,3.0,9.0,13.0,21.0,24.0,30.0,34.0,38.0,40.0,59.0,62.0,81.0
95.0,37.0,120.0,54.0,48.0,10.0,72.0,50.0,2.0,9.0,11.0,20.0,24.0,29.0,33.0,35.0,40.0,43.0,77.0,81.0
193.0,176.0,120.0,56.0,245.0,10.0,260.0,169.0,2.0,10.0,13.0,21.0,24.0,30.0,34.0,38.0,40.0,57.0,60.0,81.0
90.0,5040.0,30.0,41.0,5040.0,10.0,0.0,0.0,0.0,10.0,16.0,21.0,25.0,30.0,34.0,36.0,41.0,42.0,72.0,81.0
111.0,74.0,30.0,48.0,89.0,10.0,0.0,0.0,2.0,10.0,13.0,21.0,24.0,28.0,33.0,37.0,40.0,52.0,60.0,81.0
199.0,116.0,120.0,116.0,150.0,10.0,144.0,115.0,0.0,10.0,11.0,22.0,24.0,29.0,34.0,38.0,40.0,57.0,60.0,81.0
125.0,131.0,120.0,44.0,155.0,10.0,220.0,104.0,2.0,10.0,11.0,22.0,24.0,29.0,34.0,38.0,40.0,43.0,79.0,81.0
122.0,3780.0,30.0,81.0,5460.0,30.0,90.0,65.0,0.0,10.0,16.0,22.0,25.0,30.0,34.0,38.0,41.0,42.0,61.0,81.0
45.0,209.0,30.0,23.0,278.0,20.0,40.0,109.0,1.0,10.0,19.0,23.0,25.0,31.0,34.0,38.0,40.0,57.0,79.0,82.0
140.0,167.0,30.0,99.0,210.0,20.0,112.0,76.0,0.0,10.0,13.0,21.0,24.0,29.0,34.0,38.0,40.0,57.0,60.0,81.0
155.0,70.0,60.0,104.0,84.0,10.0,182.0,97.0,2.0,10.0,11.0,22.0,24.0,28.0,34.0,38.0,40.0,57.0,60.0,81.0
150.0,52.0,120.0,50.0,62.0,20.0,170.0,123.0,2.0,9.0,11.0,22.0,25.0,30.0,34.0,37.0,40.0,57.0,60.0,81.0
121.0,170.0,120.0,88.0,210.0,10.0,80.0,50.0,2.0,10.0,13.0,23.0,25.0,29.0,34.0,38.0,40.0,43.0,60.0,81.0
200.0,105.0,30.0,63.0,122.0,30.0,247.0,132.0,0.0,10.0,11.0,21.0,24.0,28.0,34.0,38.0,40.0,59.0,60.0,81.0
77.0,119.0,120.0,63.0,147.0,10.0,56.0,40.0,2.0,10.0,13.0,21.0,26.0,30.0,34.0,36.0,40.0,58.0,79.0,81.0
184.0,48.0,30.0,109.0,52.0,10.0,130.0,64.0,2.0,9.0,11.0,22.0,25.0,29.0,34.0,38.0,40.0,42.0,61.0,81.0
181.0,110.0,60.0,87.0,122.0,10.0,170.0,92.0,2.0,10.0,11.0,22.0,25.0,30.0,34.0,37.0,40.0,43.0,72.0,81.0
105.0,3120.0,60.0,59.0,3380.0,10.0,60.0,28.0,6.0,9.0,16.0,21.0,25.0,27.0,34.0,36.0,41.0,42.0,72.0,82.0
190.0,124.0,60.0,76.0,132.0,20.0,120.0,100.0,3.0,9.0,13.0,21.0,24.0,30.0,34.0,39.0,40.0,57.0,60.0,81.0
163.0,95.0,120.0,76.0,111.0,30.0,273.0,104.0,2.0,9.0,13.0,22.0,25.0,28.0,34.0,37.0,40.0,57.0,60.0,81.0
275.0,175.0,30.0,117.0,245.0,20.0,260.0,115.0,2.0,10.0,13.0,22.0,25.0,28.0,34.0,37.0,40.0,42.0,77.0,81.0
186.0,86.0,120.0,102.0,103.0,10.0,156.0,97.0,3.0,9.0,13.0,21.0,25.0,28.0,33.0,36.0,40.0,57.0,67.0,81.0
241.0,90.0,60.0,133.0,127.0,30.0,170.0,125.0,0.0,10.0,11.0,22.0,24.0,29.0,34.0,38.0,40.0,57.0,60.0,81.0
323.0,77.0,30.0,223.0,94.0,20.0,180.0,169.0,3.0,9.0,11.0,21.0,25.0,28.0,33.0,37.0,40.0,42.0,77.0,81.0
250.0,84.0,30.0,143.0,90.0,10.0,150.0,76.0,1.0,10.0,11.0,21.0,25.0,29.0,34.0,38.0,40.0,54.0,79.0,81.0
146.0,68.0,30.0,55.0,76.0,10.0,120.0,64.0,2.0,10.0,11.0,22.0,24.0,30.0,34.0,38.0,40.0,43.0,79.0,81.0
388.0,193.0,120.0,280.0,210.0,20.0,299.0,165.0,0.0,9.0,13.0,23.0,24.0,29.0,34.0,38.0,40.0,57.0,76.0,81.0
145.0,266.0,120.0,103.0,355.0,10.0,0.0,0.0,2.0,10.0,19.0,21.0,25.0,30.0,33.0,38.0,40.0,42.0,75.0,81.0
151.0,74.0,30.0,93.0,84.0,30.0,143.0,60.0,2.0,10.0,11.0,21.0,25.0,30.0,34.0,38.0,40.0,42.0,61.0,81.0
228.0,97.0,30.0,170.0,109.0,30.0,221.0,84.0,2.0,10.0,11.0,21.0,25.0,30.0,34.0,37.0,40.0,53.0,61.0,81.0
203.0,5040.0,120.0,53.0,5040.0,30.0,0.0,0.0,2.0,10.0,16.0,22.0,24.0,28.0,33.0,36.0,41.0,52.0,61.0,82.0
207.0,58.0,30.0,110.0,72.0,30.0,0.0,0.0,2.0,9.0,11.0,21.0,24.0,28.0,33.0,37.0,40.0,42.0,79.0,81.0
298.0,148.0,120.0,140.0,156.0,30.0,200.0,115.0,2.0,9.0,13.0,20.0,24.0,28.0,34.0,35.0,40.0,52.0,77.0,81.0
91.0,5040.0,60.0,26.0,6720.0,30.0,117.0,96.0,0.0,10.0,16.0,22.0,25.0,27.0,34.0,37.0,41.0,43.0,60.0,81.0
267.0,116.0,30.0,167.0,150.0,20.0,200.0,195.0,2.0,10.0,11.0,23.0,24.0,28.0,34.0,38.0,40.0,42.0,77.0,81.0
328.0,105.0,120.0,171.0,137.0,10.0,247.0,156.0,3.0,10.0,11.0,21.0,25.0,28.0,33.0,36.0,40.0,42.0,77.0,81.0
142.0,3780.0,30.0,111.0,5460.0,30.0,0.0,0.0,2.0,10.0,16.0,21.0,25.0,29.0,34.0,38.0,41.0,43.0,72.0,81.0
284.0,139.0,60.0,165.0,149.0,20.0,152.0,88.0,3.0,9.0,13.0,21.0,25.0,28.0,33.0,37.0,40.0,52.0,61.0,81.0
167.0,4200.0,30.0,103.0,5040.0,10.0,80.0,120.0,0.0,10.0,16.0,22.0,26.0,28.0,34.0,38.0,41.0,48.0,60.0,81.0
115.0,82.0,30.0,69.0,84.0,10.0,117.0,65.0,3.0,10.0,11.0,21.0,25.0,29.0,33.0,37.0,40.0,42.0,61.0,81.0
146.0,80.0,60.0,44.0,91.0,10.0,96.0,80.0,2.0,9.0,13.0,20.0,24.0,30.0,34.0,35.0,40.0,59.0,61.0,81.0
218.0,108.0,60.0,82.0,146.0,30.0,208.0,76.0,3.0,10.0,11.0,21.0,25.0,30.0,34.0,37.0,40.0,42.0,77.0,81.0
98.0,68.0,30.0,97.0,83.0,20.0,80.0,48.0,3.0,9.0,13.0,21.0,24.0,29.0,33.0,36.0,40.0,59.0,65.0,81.0
119.0,43.0,30.0,64.0,48.0,10.0,0.0,0.0,2.0,9.0,11.0,21.0,25.0,30.0,33.0,39.0,40.0,42.0,61.0,82.0
225.0,221.0,120.0,139.0,225.0,30.0,160.0,105.0,0.0,10.0,13.0,22.0,24.0,29.0,34.0,38.0,40.0,57.0,60.0,81.0
221.0,17.0,60.0,160.0,31.0,30.0,136.0,130.0,3.0,10.0,16.0,21.0,25.0,29.0,34.0,38.0,40.0,59.0,62.0,81.0
249.0,38.0,60.0,194.0,50.0,30.0,0.0,0.0,2.0,9.0,11.0,21.0,24.0,28.0,33.0,37.0,40.0,43.0,60.0,81.0
97.0,89.0,60.0,41.0,106.0,20.0,0.0,0.0,2.0,10.0,13.0,21.0,24.0,28.0,33.0,37.0,40.0,52.0,60.0,81.0
108.0,64.0,60.0,57.0,76.0,10.0,130.0,84.0,2.0,10.0,11.0,22.0,24.0,28.0,34.0,38.0,40.0,43.0,60.0,81.0
83.0,26.0,120.0,43.0,38.0,10.0,0.0,0.0,2.0,9.0,11.0,21.0,25.0,28.0,33.0,36.0,40.0,52.0,60.0,81.0
236.0,148.0,60.0,81.0,198.0,30.0,351.0,128.0,3.0,9.0,13.0,21.0,25.0,31.0,34.0,37.0,40.0,59.0,60.0,81.0
115.0,163.0,30.0,45.0,210.0,20.0,0.0,0.0,2.0,10.0,13.0,21.0,26.0,28.0,33.0,39.0,40.0,43.0,79.0,82.0
139.0,2340.0,30.0,80.0,3380.0,30.0,120.0,50.0,1.0,9.0,16.0,22.0,25.0,28.0,34.0,38.0,41.0,59.0,61.0,81.0
146.0,72.0,60.0,49.0,83.0,20.0,110.0,91.0,3.0,9.0,13.0,21.0,25.0,31.0,34.0,37.0,40.0,59.0,61.0,81.0
47.0,2340.0,60.0,25.0,3380.0,10.0,52.0,109.0,0.0,9.0,16.0,23.0,25.0,29.0,34.0,37.0,41.0,59.0,77.0,81.0
181.0,52.0,30.0,135.0,58.0,30.0,195.0,68.0,2.0,9.0,11.0,23.0,24.0,31.0,34.0,37.0,40.0,42.0,77.0,81.0
145.0,176.0,60.0,87.0,181.0,20.0,80.0,40.0,2.0,10.0,13.0,22.0,24.0,29.0,34.0,38.0,40.0,43.0,60.0,81.0
239.0,64.0,60.0,131.0,86.0,30.0,280.0,170.0,3.0,9.0,11.0,21.0,25.0,30.0,34.0,37.0,40.0,57.0,75.0,81.0
63.0,40.0,120.0,41.0,45.0,30.0,32.0,19.0,0.0,10.0,14.0,22.0,24.0,28.0,34.0,39.0,40.0,57.0,79.0,81.0
236.0,189.0,60.0,71.0,218.0,20.0,210.0,208.0,3.0,10.0,13.0,22.0,24.0,31.0,34.0,37.0,40.0,59.0,60.0,81.0
155.0,19.0,60.0,133.0,23.0,20.0,169.0,80.0,1.0,10.0,16.0,21.0,25.0,29.0,34.0,38.0,40.0,47.0,65.0,81.0
214.0,114.0,120.0,120.0,114.0,30.0,150.0,105.0,2.0,9.0,13.0,22.0,25.0,28.0,34.0,37.0,40.0,57.0,74.0,81.0
137.0,3780.0,120.0,70.0,5460.0,20.0,0.0,0.0,2.0,10.0,16.0,21.0,25.0,31.0,33.0,36.0,41.0,42.0,70.0,82.0
227.0,227.0,30.0,85.0,266.0,30.0,144.0,175.0,2.0,10.0,13.0,22.0,25.0,28.0,34.0,38.0,40.0,57.0,60.0,81.0
96.0,31.0,30.0,60.0,36.0,30.0,0.0,0.0,2.0,9.0,11.0,21.0,25.0,31.0,34.0,36.0,40.0,59.0,65.0,81.0
387.0,111.0,60.0,279.0,123.0,10.0,128.0,105.0,3.0,9.0,13.0,21.0,25.0,29.0,34.0,38.0,40.0,42.0,78.0,81.0
69.0,231.0,120.0,36.0,334.0,20.0,48.0,32.0,1.0,9.0,18.0,23.0,25.0,28.0,33.0,36.0,40.0,57.0,79.0,82.0
208.0,163.0,120.0,183.0,181.0,30.0,221.0,68.0,3.0,10.0,13.0,21.0,25.0,31.0,34.0,38.0,40.0,42.0,77.0,81.0
224.0,131.0,120.0,92.0,178.0,10.0,208.0,120.0,2.0,10.0,11.0,22.0,25.0,29.0,34.0,38.0,40.0,57.0,72.0,81.0
164.0,82.0,120.0,81.0,84.0,30.0,100.0,100.0,2.0,10.0,11.0,21.0,25.0,28.0,34.0,38.0,40.0,42.0,61.0,82.0
240.0,68.0,120.0,164.0,72.0,20.0,273.0,125.0,2.0,9.0,11.0,21.0,24.0,28.0,34.0,37.0,40.0,54.0,79.0,81.0
220.0,43.0,60.0,150.0,50.0,10.0,182.0,123.0,2.0,9.0,11.0,22.0,25.0,30.0,34.0,38.0,40.0,43.0,79.0,81.0
215.0,50.0,30.0,163.0,56.0,10.0,136.0,95.0,2.0,9.0,11.0,23.0,25.0,29.0,34.0,38.0,40.0,43.0,75.0,81.0
80.0,31.0,60.0,29.0,46.0,30.0,0.0,0.0,2.0,9.0,11.0,21.0,25.0,27.0,34.0,36.0,40.0,43.0,60.0,82.0
103.0,100.0,60.0,63.0,108.0,10.0,100.0,48.0,0.0,9.0,13.0,21.0,25.0,28.0,34.0,37.0,40.0,43.0,60.0,81.0
115.0,156.0,30.0,64.0,198.0,20.0,0.0,0.0,0.0,10.0,13.0,22.0,25.0,28.0,33.0,38.0,40.0,42.0,61.0,82.0
125.0,40.0,30.0,44.0,46.0,30.0,0.0,0.0,2.0,9.0,11.0,21.0,25.0,29.0,33.0,37.0,40.0,59.0,61.0,82.0
109.0,54.0,60.0,58.0,71.0,10.0,0.0,0.0,2.0,10.0,11.0,21.0,25.0,29.0,34.0,37.0,40.0,42.0,61.0,81.0
225.0,176.0,30.0,96.0,198.0,10.0,170.0,96.0,2.0,10.0,13.0,21.0,24.0,31.0,34.0,38.0,40.0,57.0,60.0,81.0
323.0,58.0,60.0,223.0,66.0,10.0,234.0,169.0,3.0,9.0,11.0,21.0,25.0,28.0,33.0,37.0,40.0,42.0,77.0,81.0
182.0,186.0,30.0,120.0,198.0,30.0,104.0,123.0,2.0,10.0,13.0,23.0,25.0,31.0,34.0,37.0,40.0,42.0,65.0,81.0
200.0,75.0,60.0,56.0,100.0,20.0,150.0,182.0,0.0,10.0,15.0,21.0,25.0,29.0,34.0,38.0,40.0,52.0,61.0,81.0
154.0,2340.0,60.0,57.0,3120.0,20.0,0.0,0.0,1.0,9.0,16.0,21.0,25.0,28.0,34.0,39.0,41.0,43.0,79.0,81.0
177.0,45.0,60.0,142.0,58.0,30.0,112.0,104.0,2.0,9.0,11.0,22.0,25.0,28.0,34.0,37.0,40.0,43.0,72.0,81.0
253.0,70.0,120.0,153.0,74.0,30.0,168.0,175.0,3.0,9.0,11.0,21.0,25.0,30.0,34.0,37.0,40.0,53.0,77.0,81.0
66.0,223.0,120.0,35.0,357.0,10.0,52.0,39.0,1.0,9.0,18.0,22.0,25.0,28.0,34.0,38.0,40.0,59.0,77.0,82.0
313.0,127.0,120.0,133.0,168.0,10.0,0.0,0.0,2.0,10.0,11.0,21.0,26.0,27.0,33.0,36.0,40.0,53.0,79.0,82.0
252.0,211.0,60.0,112.0,281.0,30.0,208.0,84.0,2.0,10.0,13.0,22.0,25.0,29.0,34.0,38.0,40.0,43.0,72.0,81.0
180.0,169.0,60.0,122.0,210.0,20.0,182.0,90.0,2.0,10.0,13.0,22.0,24.0,28.0,34.0,37.0,40.0,52.0,61.0,81.0
170.0,51.0,120.0,76.0,58.0,30.0,247.0,76.0,2.0,9.0,11.0,21.0,25.0,29.0,34.0,37.0,40.0,57.0,60.0,81.0
146.0,40.0,30.0,55.0,45.0,10.0,0.0,0.0,2.0,9.0,11.0,21.0,25.0,29.0,33.0,37.0,40.0,59.0,61.0,81.0
205.0,105.0,60.0,108.0,118.0,20.0,286.0,130.0,3.0,10.0,11.0,21.0,24.0,31.0,34.0,38.0,40.0,42.0,79.0,81.0
150.0,176.0,30.0,56.0,245.0,20.0,136.0,108.0,0.0,10.0,13.0,22.0,24.0,29.0,34.0,38.0,40.0,57.0,60.0,81.0
279.0,105.0,30.0,165.0,122.0,30.0,247.0,96.0,3.0,10.0,11.0,21.0,25.0,28.0,33.0,36.0,40.0,42.0,77.0,81.0
89.0,53.0,120.0,34.0,65.0,20.0,104.0,45.0,2.0,10.0,11.0,22.0,24.0,29.0,34.0,38.0,40.0,57.0,61.0,81.0
244.0,52.0,60.0,119.0,64.0,10.0,104.0,80.0,3.0,9.0,11.0,21.0,24.0,30.0,34.0,37.0,40.0,52.0,61.0,81.0
164.0,79.0,120.0,50.0,112.0,10.0,170.0,84.0,2.0,10.0,11.0,23.0,25.0,28.0,34.0,37.0,40.0,42.0,77.0,81.0
129.0,31.0,120.0,105.0,38.0,20.0,0.0,0.0,2.0,9.0,11.0,21.0,25.0,30.0,33.0,37.0,40.0,57.0,79.0,81.0
196.0,76.0,60.0,120.0,99.0,30.0,150.0,100.0,2.0,10.0,11.0,22.0,25.0,29.0,34.0,38.0,40.0,43.0,79.0,81.0
290.0,134.0,120.0,91.0,194.0,10.0,250.0,124.0,3.0,9.0,13.0,21.0,25.0,30.0,34.0,38.0,40.0,59.0,72.0,81.0
209.0,75.0,120.0,77.0,108.0,20.0,120.0,80.0,0.0,10.0,15.0,22.0,25.0,28.0,34.0,38.0,40.0,57.0,60.0,82.0
142.0,37.0,30.0,93.0,46.0,20.0,0.0,0.0,0.0,9.0,11.0,22.0,25.0,29.0,34.0,36.0,40.0,42.0,72.0,82.0
54.0,26.0,60.0,32.0,32.0,10.0,52.0,32.0,1.0,10.0,11.0,22.0,25.0,28.0,34.0,36.0,40.0,59.0,77.0,81.0
183.0,84.0,60.0,70.0,118.0,30.0,180.0,100.0,2.0,10.0,11.0,22.0,25.0,30.0,34.0,37.0,40.0,43.0,72.0,81.0
173.0,65.0,60.0,59.0,70.0,20.0,136.0,80.0,3.0,9.0,11.0,21.0,25.0,28.0,33.0,36.0,40.0,42.0,77.0,81.0
200.0,126.0,30.0,81.0,168.0,20.0,200.0,149.0,2.0,10.0,11.0,22.0,24.0,29.0,34.0,38.0,40.0,59.0,60.0,81.0
92.0,107.0,120.0,34.0,155.0,10.0,90.0,52.0,2.0,10.0,13.0,22.0,24.0,28.0,34.0,38.0,40.0,43.0,60.0,81.0
74.0,10.0,60.0,50.0,16.0,30.0,60.0,10.0,2.0,9.0,12.0,21.0,25.0,31.0,34.0,37.0,40.0,59.0,77.0,81.0
57.0,2340.0,120.0,31.0,4160.0,10.0,60.0,20.0,1.0,9.0,16.0,21.0,25.0,28.0,33.0,38.0,41.0,59.0,77.0,81.0
99.0,19.0,120.0,77.0,23.0,30.0,56.0,52.0,3.0,10.0,16.0,21.0,25.0,29.0,34.0,37.0,40.0,59.0,77.0,81.0
117.0,42.0,30.0,76.0,53.0,20.0,88.0,48.0,2.0,9.0,11.0,23.0,24.0,28.0,33.0,37.0,40.0,42.0,61.0,81.0
219.0,48.0,120.0,195.0,48.0,20.0,143.0,70.0,3.0,9.0,11.0,21.0,25.0,30.0,34.0,38.0,40.0,59.0,78.0,81.0
115.0,35.0,60.0,74.0,42.0,10.0,0.0,0.0,2.0,9.0,11.0,21.0,25.0,29.0,33.0,36.0,40.0,55.0,60.0,82.0
221.0,4200.0,60.0,66.0,5460.0,10.0,112.0,90.0,2.0,10.0,16.0,21.0,25.0,30.0,34.0,38.0,41.0,51.0,61.0,81.0
78.0,11.0,30.0,49.0,12.0,10.0,85.0,12.0,5.0,9.0,12.0,21.0,24.0,28.0,33.0,36.0,40.0,59.0,77.0,81.0
116.0,70.0,120.0,57.0,93.0,10.0,96.0,80.0,2.0,10.0,19.0,21.0,25.0,29.0,34.0,37.0,40.0,43.0,79.0,81.0
89.0,42.0,30.0,31.0,54.0,30.0,91.0,36.0,0.0,10.0,11.0,22.0,24.0,29.0,34.0,38.0,40.0,57.0,61.0,81.0
188.0,84.0,120.0,95.0,97.0,30.0,120.0,117.0,2.0,10.0,11.0,22.0,24.0,29.0,34.0,38.0,40.0,52.0,61.0,81.0
135.0,38.0,120.0,61.0,52.0,10.0,104.0,65.0,2.0,9.0,11.0,23.0,24.0,28.0,34.0,38.0,40.0,43.0,60.0,81.0
224.0,99.0,60.0,103.0,128.0,10.0,104.0,70.0,2.0,9.0,13.0,21.0,25.0,29.0,33.0,37.0,40.0,51.0,61.0,81.0
94.0,26.0,120.0,47.0,34.0,20.0,70.0,58.0,0.0,9.0,11.0,21.0,24.0,28.0,34.0,37.0,40.0,57.0,61.0,81.0
136.0,121.0,120.0,85.0,142.0,30.0,72.0,78.0,0.0,10.0,13.0,22.0,24.0,30.0,34.0,38.0,40.0,43.0,60.0,81.0
75.0,35.0,120.0,51.0,40.0,20.0,104.0,35.0,2.0,9.0,11.0,21.0,24.0,29.0,34.0,37.0,40.0,48.0,79.0,81.0
375.0,187.0,30.0,126.0,215.0,30.0,232.0,279.0,1.0,9.0,13.0,23.0,25.0,28.0,34.0,37.0,40.0,59.0,72.0,81.0
142.0,122.0,120.0,98.0,142.0,30.0,0.0,0.0,2.0,10.0,13.0,21.0,25.0,29.0,34.0,38.0,40.0,42.0,61.0,81.0
129.0,82.0,120.0,74.0,90.0,20.0,130.0,70.0,0.0,10.0,11.0,21.0,25.0,28.0,34.0,37.0,40.0,43.0,60.0,81.0
248.0,114.0,30.0,125.0,144.0,30.0,112.0,104.0,2.0,9.0,13.0,23.0,24.0,28.0,34.0,36.0,40.0,43.0,72.0,81.0
114.0,72.0,30.0,55.0,86.0,30.0,110.0,70.0,3.0,9.0,13.0,21.0,25.0,31.0,34.0,37.0,40.0,59.0,61.0,81.0
169.0,95.0,120.0,118.0,103.0,30.0,0.0,0.0,2.0,9.0,13.0,21.0,25.0,27.0,33.0,39.0,40.0,42.0,61.0,81.0
412.0,172.0,120.0,293.0,189.0,30.0,224.0,201.0,3.0,9.0,13.0,21.0,24.0,30.0,33.0,36.0,40.0,59.0,73.0,81.0
137.0,1665.0,60.0,90.0,2960.0,30.0,0.0,0.0,6.0,9.0,17.0,21.0,26.0,27.0,34.0,36.0,41.0,43.0,60.0,82.0
109.0,96.0,30.0,62.0,99.0,10.0,130.0,78.0,0.0,9.0,13.0,21.0,24.0,29.0,34.0,37.0,40.0,43.0,74.0,81.0
180.0,47.0,60.0,75.0,56.0,10.0,182.0,97.0,2.0,9.0,11.0,22.0,24.0,28.0,34.0,37.0,40.0,43.0,72.0,81.0
158.0,106.0,120.0,74.0,140.0,10.0,120.0,100.0,3.0,10.0,11.0,21.0,25.0,29.0,34.0,38.0,40.0,57.0,60.0,81.0
182.0,252.0,120.0,81.0,337.0,10.0,168.0,135.0,2.0,10.0,13.0,22.0,24.0,30.0,34.0,38.0,40.0,59.0,60.0,81.0
193.0,158.0,30.0,50.0,225.0,20.0,221.0,105.0,2.0,10.0,13.0,23.0,24.0,29.0,34.0,38.0,40.0,57.0,60.0,81.0
173.0,40.0,60.0,104.0,45.0,20.0,0.0,0.0,1.0,9.0,11.0,21.0,25.0,28.0,33.0,37.0,40.0,42.0,65.0,81.0
120.0,68.0,60.0,72.0,95.0,30.0,0.0,0.0,1.0,9.0,13.0,21.0,25.0,27.0,33.0,36.0,40.0,42.0,61.0,82.0
200.0,83.0,60.0,95.0,99.0,10.0,221.0,149.0,2.0,10.0,11.0,22.0,25.0,30.0,34.0,37.0,40.0,43.0,72.0,81.0
222.0,196.0,60.0,103.0,245.0,10.0,260.0,169.0,2.0,10.0,13.0,22.0,24.0,29.0,34.0,38.0,40.0,59.0,64.0,81.0
299.0,115.0,30.0,109.0,172.0,20.0,286.0,140.0,3.0,9.0,13.0,21.0,25.0,27.0,34.0,36.0,40.0,52.0,77.0,81.0
117.0,5040.0,30.0,50.0,5460.0,30.0,64.0,39.0,0.0,10.0,16.0,22.0,25.0,28.0,34.0,37.0,41.0,42.0,72.0,81.0
236.0,74.0,60.0,81.0,99.0,30.0,273.0,116.0,3.0,9.0,11.0,23.0,24.0,29.0,34.0,37.0,40.0,59.0,60.0,81.0
193.0,47.0,120.0,64.0,57.0,20.0,136.0,100.0,2.0,9.0,11.0,22.0,25.0,28.0,34.0,38.0,40.0,57.0,60.0,81.0
241.0,17.0,30.0,165.0,23.0,10.0,136.0,100.0,3.0,10.0,16.0,21.0,25.0,29.0,34.0,38.0,40.0,59.0,62.0,81.0
71.0,14.0,120.0,42.0,19.0,20.0,0.0,0.0,2.0,9.0,11.0,21.0,25.0,28.0,34.0,36.0,40.0,59.0,77.0,82.0
273.0,81.0,30.0,190.0,105.0,20.0,221.0,105.0,2.0,10.0,11.0,21.0,24.0,29.0,34.0,37.0,40.0,55.0,65.0,81.0
141.0,2600.0,120.0,65.0,4160.0,10.0,0.0,0.0,2.0,9.0,16.0,21.0,25.0,30.0,34.0,38.0,41.0,42.0,61.0,82.0
138.0,81.0,120.0,80.0,106.0,10.0,110.0,48.0,3.0,9.0,13.0,21.0,25.0,29.0,34.0,38.0,40.0,42.0,61.0,81.0
182.0,155.0,30.0,124.0,167.0,10.0,130.0,76.0,2.0,10.0,13.0,23.0,25.0,31.0,34.0,37.0,40.0,42.0,65.0,81.0
178.0,95.0,120.0,127.0,99.0,30.0,120.0,136.0,2.0,9.0,13.0,22.0,25.0,28.0,34.0,37.0,40.0,57.0,74.0,81.0
353.0,67.0,30.0,224.0,78.0,10.0,192.0,150.0,3.0,9.0,11.0,23.0,25.0,30.0,34.0,38.0,40.0,59.0,73.0,81.0
109.0,3780.0,60.0,42.0,5040.0,20.0,60.0,91.0,1.0,10.0,16.0,23.0,25.0,28.0,34.0,37.0,41.0,42.0,72.0,81.0
146.0,86.0,120.0,103.0,95.0,20.0,140.0,123.0,0.0,9.0,13.0,21.0,25.0,29.0,34.0,37.0,40.0,57.0,62.0,81.0
419.0,89.0,30.0,224.0,102.0,30.0,192.0,195.0,3.0,9.0,11.0,23.0,25.0,30.0,34.0,38.0,40.0,59.0,73.0,81.0
197.0,90.0,60.0,84.0,122.0,30.0,160.0,85.0,3.0,10.0,11.0,20.0,24.0,28.0,33.0,35.0,40.0,52.0,61.0,81.0
143.0,90.0,60.0,108.0,95.0,20.0,182.0,85.0,3.0,9.0,13.0,21.0,25.0,30.0,34.0,37.0,40.0,57.0,67.0,81.0
153.0,23.0,60.0,77.0,28.0,20.0,70.0,130.0,0.0,9.0,11.0,22.0,25.0,29.0,34.0,37.0,40.0,42.0,72.0,81.0
202.0,83.0,120.0,120.0,94.0,20.0,120.0,192.0,0.0,10.0,11.0,22.0,25.0,28.0,34.0,38.0,40.0,53.0,61.0,82.0
150.0,52.0,60.0,64.0,57.0,20.0,221.0,95.0,2.0,9.0,11.0,22.0,25.0,30.0,34.0,37.0,40.0,57.0,60.0,81.0
247.0,131.0,120.0,80.0,150.0,20.0,286.0,125.0,2.0,10.0,11.0,22.0,24.0,29.0,34.0,38.0,40.0,52.0,77.0,81.0
200.0,110.0,30.0,95.0,146.0,20.0,170.0,136.0,2.0,10.0,11.0,22.0,24.0,28.0,34.0,38.0,40.0,43.0,72.0,81.0
237.0,83.0,120.0,96.0,99.0,20.0,136.0,88.0,2.0,10.0,11.0,22.0,24.0,28.0,34.0,37.0,40.0,52.0,65.0,81.0
146.0,2340.0,120.0,78.0,3380.0,20.0,72.0,32.0,6.0,9.0,16.0,21.0,25.0,28.0,34.0,36.0,41.0,42.0,72.0,82.0
100.0,53.0,60.0,57.0,58.0,20.0,91.0,40.0,2.0,10.0,11.0,21.0,24.0,31.0,34.0,38.0,40.0,57.0,61.0,82.0
173.0,59.0,30.0,127.0,70.0,20.0,140.0,123.0,3.0,9.0,11.0,21.0,25.0,28.0,34.0,37.0,40.0,52.0,61.0,81.0
285.0,58.0,30.0,125.0,78.0,20.0,364.0,170.0,3.0,9.0,11.0,21.0,25.0,30.0,34.0,37.0,40.0,57.0,75.0,81.0
182.0,94.0,60.0,63.0,133.0,30.0,152.0,182.0,2.0,10.0,11.0,22.0,24.0,28.0,34.0,38.0,40.0,59.0,60.0,81.0
200.0,211.0,30.0,98.0,225.0,10.0,208.0,136.0,2.0,10.0,13.0,22.0,25.0,29.0,34.0,38.0,40.0,43.0,72.0,81.0
120.0,38.0,120.0,64.0,58.0,10.0,60.0,28.0,0.0,10.0,11.0,21.0,25.0,29.0,33.0,37.0,40.0,42.0,72.0,81.0
182.0,210.0,30.0,71.0,293.0,20.0,152.0,112.0,2.0,10.0,13.0,20.0,24.0,29.0,34.0,35.0,40.0,59.0,60.0,81.0
140.0,82.0,60.0,66.0,99.0,30.0,130.0,52.0,2.0,10.0,11.0,21.0,25.0,30.0,33.0,38.0,40.0,42.0,61.0,81.0
257.0,110.0,120.0,95.0,133.0,30.0,351.0,120.0,2.0,10.0,11.0,22.0,25.0,29.0,33.0,37.0,40.0,52.0,79.0,81.0
299.0,128.0,30.0,130.0,149.0,10.0,220.0,112.0,3.0,9.0,13.0,21.0,25.0,27.0,34.0,36.0,40.0,52.0,77.0,81.0
267.0,83.0,120.0,180.0,94.0,20.0,128.0,76.0,3.0,10.0,11.0,21.0,25.0,29.0,34.0,38.0,40.0,53.0,61.0,81.0
142.0,109.0,30.0,91.0,132.0,20.0,110.0,104.0,2.0,9.0,13.0,23.0,25.0,28.0,34.0,39.0,40.0,43.0,69.0,81.0
175.0,68.0,120.0,142.0,76.0,30.0,182.0,76.0,2.0,10.0,11.0,22.0,25.0,29.0,34.0,37.0,40.0,52.0,68.0,81.0
191.0,97.0,120.0,97.0,118.0,20.0,200.0,149.0,2.0,10.0,11.0,21.0,24.0,29.0,34.0,37.0,40.0,57.0,69.0,81.0
185.0,83.0,120.0,99.0,94.0,30.0,234.0,112.0,2.0,10.0,11.0,21.0,24.0,29.0,34.0,38.0,40.0,57.0,60.0,81.0
248.0,95.0,120.0,125.0,144.0,10.0,182.0,104.0,2.0,9.0,13.0,23.0,24.0,28.0,34.0,36.0,40.0,43.0,72.0,81.0
61.0,26.0,120.0,32.0,32.0,20.0,32.0,20.0,1.0,10.0,11.0,22.0,25.0,28.0,34.0,36.0,40.0,59.0,77.0,82.0
199.0,194.0,120.0,176.0,210.0,10.0,112.0,90.0,2.0,10.0,13.0,22.0,25.0,28.0,34.0,38.0,40.0,52.0,68.0,81.0
85.0,72.0,120.0,41.0,94.0,10.0,64.0,50.0,2.0,10.0,11.0,22.0,24.0,29.0,34.0,38.0,40.0,43.0,60.0,81.0
47.0,22.0,60.0,21.0,25.0,20.0,0.0,0.0,2.0,9.0,11.0,21.0,24.0,28.0,34.0,37.0,40.0,59.0,77.0,81.0
250.0,116.0,60.0,116.0,150.0,30.0,234.0,92.0,0.0,10.0,11.0,22.0,24.0,29.0,34.0,38.0,40.0,57.0,60.0,81.0
146.0,80.0,60.0,44.0,91.0,10.0,96.0,80.0,1.0,9.0,13.0,21.0,24.0,28.0,33.0,37.0,40.0,59.0,61.0,81.0
92.0,35.0,30.0,34.0,43.0,30.0,117.0,48.0,3.0,9.0,11.0,21.0,25.0,30.0,33.0,36.0,40.0,42.0,61.0,81.0
118.0,71.0,30.0,78.0,92.0,20.0,80.0,115.0,0.0,10.0,11.0,22.0,25.0,29.0,34.0,37.0,40.0,42.0,61.0,81.0
96.0,2340.0,60.0,27.0,3120.0,20.0,90.0,130.0,1.0,9.0,16.0,21.0,25.0,29.0,34.0,38.0,41.0,43.0,60.0,81.0
148.0,3120.0,60.0,90.0,3120.0,20.0,72.0,48.0,0.0,9.0,16.0,22.0,25.0,29.0,34.0,38.0,41.0,54.0,61.0,81.0
276.0,225.0,120.0,122.0,254.0,30.0,184.0,201.0,2.0,10.0,13.0,22.0,25.0,29.0,34.0,38.0,40.0,52.0,77.0,81.0
54.0,2220.0,30.0,23.0,2405.0,30.0,48.0,39.0,1.0,9.0,17.0,21.0,25.0,27.0,34.0,37.0,41.0,57.0,79.0,81.0
146.0,96.0,60.0,55.0,123.0,30.0,156.0,56.0,2.0,9.0,13.0,20.0,24.0,28.0,34.0,35.0,40.0,43.0,79.0,81.0
180.0,94.0,30.0,95.0,99.0,30.0,88.0,91.0,2.0,10.0,11.0,22.0,25.0,29.0,34.0,38.0,40.0,43.0,69.0,81.0
186.0,4200.0,60.0,104.0,5460.0,10.0,0.0,0.0,2.0,10.0,16.0,21.0,25.0,29.0,34.0,38.0,41.0,43.0,72.0,81.0
176.0,184.0,30.0,87.0,254.0,20.0,120.0,64.0,2.0,10.0,13.0,22.0,24.0,28.0,34.0,37.0,40.0,42.0,77.0,81.0
150.0,47.0,60.0,50.0,66.0,30.0,136.0,136.0,2.0,9.0,11.0,23.0,25.0,28.0,34.0,37.0,40.0,42.0,77.0,81.0
102.0,4200.0,60.0,32.0,5460.0,10.0,48.0,30.0,1.0,10.0,16.0,22.0,25.0,28.0,34.0,38.0,41.0,42.0,72.0,81.0
130.0,49.0,30.0,100.0,65.0,20.0,0.0,0.0,1.0,10.0,11.0,21.0,25.0,28.0,34.0,39.0,40.0,48.0,79.0,81.0
91.0,2600.0,60.0,47.0,3120.0,20.0,91.0,30.0,2.0,9.0,16.0,21.0,25.0,31.0,34.0,37.0,41.0,43.0,77.0,82.0
106.0,67.0,60.0,39.0,82.0,20.0,60.0,39.0,2.0,10.0,13.0,22.0,25.0,29.0,34.0,38.0,40.0,52.0,60.0,81.0
227.0,81.0,60.0,169.0,105.0,30.0,144.0,169.0,2.0,10.0,11.0,21.0,24.0,30.0,34.0,38.0,40.0,59.0,68.0,81.0
153.0,17.0,30.0,112.0,23.0,10.0,96.0,75.0,3.0,10.0,16.0,21.0,25.0,29.0,34.0,37.0,40.0,42.0,65.0,81.0
102.0,373.0,60.0,51.0,539.0,10.0,104.0,156.0,4.0,10.0,19.0,22.0,25.0,30.0,34.0,38.0,40.0,43.0,60.0,81.0
258.0,89.0,120.0,82.0,97.0,30.0,0.0,0.0,2.0,9.0,14.0,21.0,24.0,28.0,34.0,36.0,40.0,59.0,60.0,82.0
58.0,38.0,30.0,27.0,42.0,30.0,84.0,65.0,0.0,9.0,11.0,21.0,25.0,28.0,34.0,37.0,40.0,48.0,79.0,81.0
140.0,117.0,30.0,60.0,162.0,20.0,130.0,65.0,2.0,10.0,13.0,22.0,24.0,28.0,34.0,38.0,40.0,42.0,61.0,81.0
126.0,38.0,60.0,77.0,48.0,10.0,78.0,45.0,0.0,10.0,11.0,22.0,25.0,28.0,34.0,37.0,40.0,42.0,72.0,81.0
181.0,89.0,30.0,96.0,94.0,30.0,88.0,97.0,2.0,10.0,11.0,21.0,25.0,30.0,34.0,38.0,40.0,42.0,61.0,81.0
100.0,26.0,120.0,60.0,40.0,10.0,80.0,30.0,0.0,9.0,11.0,21.0,25.0,30.0,34.0,38.0,40.0,42.0,72.0,81.0
196.0,133.0,120.0,88.0,149.0,20.0,208.0,100.0,3.0,9.0,13.0,21.0,25.0,28.0,34.0,37.0,40.0,57.0,60.0,81.0
200.0,105.0,120.0,81.0,118.0,30.0,152.0,169.0,2.0,10.0,11.0,21.0,25.0,28.0,34.0,37.0,40.0,42.0,79.0,81.0
131.0,2340.0,120.0,85.0,4160.0,10.0,0.0,0.0,2.0,9.0,16.0,21.0,24.0,28.0,33.0,39.0,41.0,48.0,60.0,81.0
269.0,189.0,60.0,97.0,225.0,20.0,210.0,195.0,2.0,10.0,13.0,22.0,25.0,29.0,34.0,38.0,40.0,42.0,79.0,81.0
84.0,5040.0,120.0,44.0,5040.0,30.0,50.0,35.0,1.0,10.0,16.0,21.0,25.0,29.0,34.0,38.0,41.0,57.0,77.0,82.0
142.0,91.0,120.0,91.0,99.0,30.0,88.0,104.0,2.0,9.0,13.0,23.0,25.0,28.0,34.0,39.0,40.0,43.0,69.0,81.0
117.0,82.0,120.0,62.0,88.0,20.0,130.0,65.0,2.0,10.0,11.0,21.0,25.0,30.0,33.0,38.0,40.0,42.0,61.0,81.0
249.0,100.0,120.0,76.0,100.0,30.0,250.0,205.0,0.0,10.0,15.0,22.0,25.0,29.0,34.0,38.0,40.0,59.0,60.0,82.0
156.0,81.0,30.0,72.0,99.0,30.0,160.0,115.0,2.0,10.0,11.0,22.0,25.0,29.0,34.0,39.0,40.0,42.0,77.0,81.0
45.0,157.0,60.0,23.0,226.0,10.0,52.0,109.0,1.0,10.0,19.0,23.0,25.0,31.0,34.0,38.0,40.0,57.0,79.0,81.0
154.0,54.0,30.0,74.0,71.0,20.0,130.0,65.0,2.0,10.0,11.0,22.0,24.0,29.0,34.0,38.0,40.0,52.0,66.0,81.0
103.0,45.0,60.0,34.0,52.0,20.0,70.0,45.0,0.0,9.0,13.0,21.0,24.0,27.0,34.0,36.0,40.0,57.0,61.0,81.0
109.0,80.0,30.0,65.0,106.0,20.0,80.0,48.0,0.0,9.0,13.0,21.0,24.0,29.0,34.0,37.0,40.0,43.0,74.0,81.0
227.0,114.0,30.0,93.0,128.0,10.0,180.0,96.0,3.0,9.0,13.0,21.0,24.0,30.0,34.0,38.0,40.0,57.0,60.0,81.0
98.0,128.0,30.0,57.0,153.0,30.0,100.0,65.0,2.0,10.0,13.0,22.0,24.0,29.0,34.0,38.0,40.0,43.0,60.0,81.0
64.0,16.0,120.0,42.0,20.0,30.0,0.0,0.0,2.0,9.0,11.0,21.0,25.0,28.0,34.0,36.0,40.0,59.0,77.0,81.0
146.0,96.0,30.0,49.0,106.0,30.0,88.0,104.0,3.0,9.0,13.0,21.0,24.0,29.0,34.0,37.0,40.0,59.0,61.0,81.0
186.0,45.0,120.0,140.0,57.0,10.0,160.0,72.0,2.0,9.0,11.0,23.0,25.0,29.0,34.0,38.0,40.0,57.0,60.0,81.0
186.0,126.0,120.0,111.0,161.0,10.0,152.0,140.0,2.0,10.0,11.0,22.0,25.0,29.0,34.0,38.0,40.0,57.0,60.0,81.0
146.0,68.0,120.0,49.0,90.0,10.0,156.0,104.0,2.0,10.0,11.0,22.0,24.0,30.0,34.0,38.0,40.0,43.0,79.0,81.0
182.0,252.0,120.0,81.0,337.0,10.0,168.0,160.0,3.0,10.0,13.0,22.0,24.0,31.0,34.0,37.0,40.0,59.0,60.0,81.0
44.0,2340.0,30.0,20.0,3120.0,10.0,40.0,25.0,1.0,9.0,16.0,23.0,25.0,28.0,33.0,36.0,41.0,59.0,77.0,82.0
233.0,53.0,120.0,88.0,72.0,10.0,221.0,136.0,2.0,9.0,11.0,21.0,25.0,29.0,34.0,37.0,40.0,42.0,77.0,81.0
103.0,130.0,60.0,48.0,176.0,30.0,90.0,55.0,7.0,10.0,13.0,21.0,25.0,29.0,34.0,38.0,40.0,43.0,60.0,81.0
149.0,51.0,60.0,108.0,57.0,20.0,80.0,71.0,3.0,9.0,13.0,21.0,25.0,28.0,33.0,37.0,40.0,59.0,77.0,81.0
148.0,58.0,60.0,46.0,75.0,10.0,96.0,80.0,2.0,10.0,19.0,21.0,25.0,29.0,34.0,37.0,40.0,43.0,79.0,81.0
124.0,150.0,60.0,49.0,195.0,10.0,48.0,40.0,1.0,9.0,19.0,21.0,25.0,28.0,33.0,37.0,40.0,42.0,72.0,81.0
104.0,38.0,60.0,82.0,45.0,10.0,65.0,32.0,3.0,9.0,13.0,21.0,24.0,28.0,34.0,36.0,40.0,59.0,77.0,81.0
237.0,65.0,60.0,99.0,86.0,30.0,221.0,76.0,2.0,9.0,11.0,22.0,24.0,28.0,34.0,37.0,40.0,57.0,60.0,81.0
126.0,1850.0,30.0,86.0,2960.0,20.0,0.0,0.0,2.0,9.0,17.0,21.0,25.0,27.0,33.0,39.0,41.0,52.0,62.0,81.0
85.0,72.0,120.0,41.0,94.0,10.0,72.0,60.0,2.0,10.0,11.0,21.0,24.0,29.0,34.0,37.0,40.0,42.0,61.0,81.0
123.0,31.0,30.0,101.0,40.0,20.0,70.0,58.0,3.0,9.0,11.0,21.0,25.0,28.0,33.0,36.0,40.0,59.0,77.0,81.0
228.0,108.0,30.0,119.0,127.0,30.0,120.0,123.0,2.0,10.0,11.0,23.0,25.0,28.0,34.0,37.0,40.0,52.0,65.0,81.0
143.0,94.0,60.0,100.0,99.0,10.0,140.0,60.0,2.0,10.0,11.0,22.0,24.0,28.0,34.0,38.0,40.0,57.0,60.0,81.0
193.0,62.0,120.0,50.0,66.0,30.0,170.0,105.0,2.0,9.0,11.0,20.0,24.0,29.0,34.0,35.0,40.0,57.0,60.0,81.0
303.0,100.0,30.0,286.0,114.0,30.0,160.0,105.0,3.0,9.0,13.0,21.0,25.0,29.0,34.0,38.0,40.0,42.0,78.0,81.0
117.0,17.0,120.0,77.0,25.0,20.0,56.0,32.0,3.0,10.0,16.0,21.0,25.0,29.0,34.0,37.0,40.0,59.0,77.0,81.0
89.0,56.0,120.0,43.0,63.0,30.0,104.0,44.0,2.0,9.0,13.0,22.0,24.0,29.0,34.0,37.0,40.0,57.0,61.0,81.0
198.0,203.0,60.0,126.0,245.0,30.0,182.0,84.0,3.0,10.0,13.0,21.0,24.0,30.0,34.0,37.0,40.0,52.0,65.0,81.0
130.0,68.0,60.0,50.0,78.0,10.0,96.0,70.0,2.0,10.0,11.0,20.0,24.0,29.0,34.0,35.0,40.0,43.0,60.0,81.0
221.0,221.0,30.0,78.0,254.0,30.0,184.0,156.0,2.0,10.0,13.0,22.0,25.0,30.0,34.0,37.0,40.0,42.0,77.0,81.0
135.0,65.0,30.0,65.0,74.0,10.0,90.0,44.0,2.0,10.0,11.0,21.0,25.0,31.0,34.0,39.0,40.0,42.0,61.0,81.0
171.0,110.0,30.0,120.0,133.0,20.0,150.0,312.0,0.0,10.0,11.0,22.0,25.0,28.0,34.0,38.0,40.0,53.0,61.0,82.0
260.0,225.0,60.0,133.0,254.0,20.0,286.0,185.0,0.0,10.0,13.0,22.0,24.0,30.0,34.0,37.0,40.0,57.0,72.0,81.0
214.0,74.0,120.0,85.0,82.0,20.0,0.0,0.0,2.0,9.0,11.0,21.0,25.0,28.0,34.0,39.0,40.0,42.0,79.0,81.0
206.0,48.0,120.0,197.0,52.0,10.0,88.0,70.0,3.0,9.0,11.0,21.0,25.0,30.0,34.0,38.0,40.0,59.0,78.0,81.0
106.0,5040.0,30.0,37.0,5460.0,30.0,72.0,227.0,4.0,10.0,16.0,22.0,25.0,30.0,34.0,38.0,41.0,43.0,60.0,81.0
202.0,90.0,30.0,144.0,99.0,30.0,221.0,80.0,2.0,10.0,11.0,22.0,25.0,28.0,34.0,37.0,40.0,52.0,61.0,81.0
171.0,77.0,120.0,108.0,91.0,20.0,104.0,52.0,3.0,9.0,13.0,21.0,24.0,30.0,34.0,38.0,40.0,42.0,65.0,81.0
295.0,134.0,60.0,181.0,140.0,20.0,160.0,100.0,3.0,10.0,11.0,21.0,25.0,30.0,34.0,37.0,40.0,42.0,78.0,81.0
57.0,101.0,30.0,36.0,99.0,10.0,143.0,104.0,2.0,10.0,11.0,20.0,24.0,29.0,34.0,35.0,40.0,57.0,61.0,81.0
61.0,29.0,30.0,32.0,34.0,10.0,40.0,24.0,0.0,10.0,11.0,21.0,24.0,29.0,34.0,37.0,40.0,59.0,77.0,81.0
231.0,2600.0,60.0,123.0,4160.0,30.0,210.0,60.0,0.0,9.0,16.0,21.0,25.0,29.0,34.0,37.0,41.0,45.0,77.0,81.0
214.0,94.0,60.0,95.0,118.0,10.0,260.0,169.0,2.0,10.0,11.0,23.0,24.0,28.0,34.0,37.0,40.0,42.0,79.0,81.0
118.0,31.0,60.0,53.0,45.0,30.0,104.0,32.0,0.0,9.0,11.0,21.0,24.0,30.0,34.0,38.0,40.0,43.0,77.0,81.0
189.0,108.0,60.0,81.0,149.0,30.0,170.0,105.0,2.0,9.0,13.0,22.0,24.0,28.0,34.0,37.0,40.0,57.0,60.0,81.0
109.0,30.0,60.0,51.0,34.0,20.0,0.0,0.0,1.0,9.0,11.0,21.0,25.0,29.0,34.0,39.0,40.0,57.0,61.0,81.0
233.0,74.0,30.0,77.0,84.0,10.0,190.0,44.0,0.0,9.0,14.0,22.0,24.0,29.0,34.0,37.0,40.0,59.0,60.0,81.0
144.0,81.0,30.0,83.0,105.0,20.0,120.0,84.0,2.0,10.0,11.0,22.0,24.0,29.0,34.0,38.0,40.0,43.0,79.0,81.0
176.0,73.0,30.0,123.0,81.0,10.0,152.0,115.0,2.0,10.0,11.0,22.0,25.0,29.0,34.0,38.0,40.0,43.0,72.0,81.0
220.0,3780.0,60.0,131.0,5040.0,20.0,0.0,0.0,2.0,10.0,16.0,21.0,24.0,31.0,34.0,36.0,41.0,43.0,73.0,81.0
82.0,134.0,120.0,36.0,179.0,30.0,78.0,32.0,0.0,10.0,18.0,21.0,25.0,29.0,33.0,38.0,40.0,42.0,72.0,81.0
157.0,86.0,30.0,99.0,95.0,30.0,156.0,60.0,3.0,9.0,13.0,21.0,25.0,28.0,33.0,36.0,40.0,57.0,67.0,81.0
235.0,93.0,120.0,179.0,106.0,30.0,221.0,80.0,3.0,9.0,13.0,21.0,24.0,30.0,34.0,38.0,40.0,59.0,62.0,81.0
203.0,211.0,30.0,98.0,274.0,20.0,160.0,149.0,2.0,10.0,13.0,22.0,24.0,28.0,34.0,38.0,40.0,52.0,61.0,81.0
320.0,70.0,60.0,220.0,74.0,30.0,0.0,0.0,0.0,9.0,11.0,21.0,25.0,28.0,34.0,38.0,40.0,56.0,72.0,81.0
224.0,64.0,120.0,71.0,78.0,20.0,220.0,169.0,3.0,9.0,11.0,21.0,25.0,29.0,34.0,38.0,40.0,52.0,77.0,81.0
193.0,81.0,30.0,117.0,90.0,10.0,152.0,155.0,0.0,10.0,11.0,23.0,24.0,29.0,34.0,38.0,40.0,59.0,67.0,81.0
109.0,2600.0,120.0,40.0,4160.0,10.0,117.0,65.0,0.0,9.0,16.0,22.0,25.0,28.0,34.0,38.0,41.0,42.0,61.0,82.0
129.0,61.0,120.0,71.0,84.0,10.0,100.0,56.0,0.0,10.0,11.0,21.0,25.0,28.0,34.0,37.0,40.0,43.0,60.0,81.0
190.0,66.0,30.0,119.0,72.0,10.0,180.0,68.0,6.0,9.0,11.0,21.0,25.0,27.0,33.0,36.0,40.0,55.0,74.0,81.0
174.0,45.0,30.0,120.0,58.0,30.0,140.0,75.0,3.0,9.0,11.0,21.0,24.0,28.0,34.0,37.0,40.0,52.0,61.0,81.0
246.0,67.0,60.0,105.0,88.0,30.0,208.0,88.0,3.0,9.0,11.0,21.0,24.0,28.0,34.0,38.0,40.0,57.0,63.0,81.0
113.0,65.0,60.0,100.0,71.0,20.0,0.0,0.0,1.0,10.0,11.0,21.0,25.0,28.0,34.0,39.0,40.0,48.0,79.0,81.0
77.0,1850.0,120.0,26.0,2405.0,20.0,0.0,0.0,1.0,9.0,17.0,21.0,25.0,27.0,34.0,36.0,41.0,43.0,77.0,81.0
98.0,25.0,30.0,42.0,31.0,30.0,78.0,32.0,2.0,9.0,11.0,22.0,24.0,28.0,33.0,37.0,40.0,42.0,72.0,81.0
61.0,19.0,120.0,28.0,22.0,30.0,40.0,30.0,3.0,9.0,11.0,21.0,24.0,31.0,34.0,36.0,40.0,59.0,77.0,81.0
182.0,17.0,120.0,71.0,23.0,30.0,247.0,92.0,2.0,10.0,16.0,21.0,24.0,30.0,34.0,38.0,40.0,42.0,79.0,81.0
146.0,52.0,60.0,120.0,58.0,20.0,32.0,24.0,0.0,9.0,13.0,21.0,24.0,29.0,34.0,38.0,40.0,59.0,77.0,81.0
200.0,252.0,30.0,81.0,337.0,20.0,210.0,214.0,2.0,10.0,13.0,22.0,24.0,29.0,34.0,38.0,40.0,59.0,60.0,81.0
162.0,3120.0,120.0,54.0,3380.0,20.0,0.0,0.0,1.0,9.0,16.0,21.0,25.0,28.0,34.0,36.0,41.0,57.0,60.0,81.0
125.0,80.0,30.0,44.0,91.0,30.0,143.0,52.0,3.0,9.0,13.0,21.0,24.0,28.0,33.0,37.0,40.0,59.0,61.0,81.0
126.0,83.0,120.0,75.0,91.0,30.0,88.0,97.0,2.0,9.0,13.0,22.0,25.0,28.0,34.0,37.0,40.0,52.0,61.0,81.0
139.0,34.0,60.0,61.0,40.0,20.0,90.0,71.0,3.0,9.0,11.0,21.0,24.0,29.0,34.0,37.0,40.0,43.0,60.0,81.0
287.0,154.0,30.0,116.0,177.0,30.0,168.0,169.0,3.0,9.0,13.0,21.0,25.0,29.0,34.0,37.0,40.0,59.0,60.0,81.0
1022.0,103.0,120.0,796.0,123.0,20.0,160.0,104.0,0.0,9.0,13.0,23.0,24.0,30.0,34.0,37.0,40.0,59.0,74.0,81.0
209.0,81.0,30.0,127.0,84.0,10.0,190.0,92.0,2.0,10.0,11.0,22.0,25.0,29.0,34.0,38.0,40.0,43.0,72.0,81.0
299.0,262.0,30.0,143.0,281.0,30.0,152.0,208.0,3.0,10.0,13.0,23.0,25.0,29.0,34.0,38.0,40.0,42.0,78.0,81.0
182.0,189.0,120.0,71.0,218.0,30.0,247.0,84.0,3.0,10.0,13.0,21.0,24.0,28.0,34.0,37.0,40.0,59.0,60.0,81.0
138.0,36.0,30.0,83.0,42.0,10.0,96.0,60.0,1.0,9.0,11.0,21.0,25.0,28.0,33.0,36.0,40.0,42.0,61.0,82.0
182.0,111.0,30.0,81.0,132.0,30.0,210.0,155.0,2.0,9.0,13.0,23.0,24.0,30.0,34.0,37.0,40.0,59.0,60.0,81.0
236.0,108.0,30.0,84.0,122.0,30.0,128.0,110.0,3.0,10.0,11.0,20.0,24.0,28.0,33.0,35.0,40.0,52.0,61.0,81.0
317.0,337.0,120.0,232.0,422.0,10.0,248.0,170.0,3.0,10.0,13.0,22.0,24.0,29.0,34.0,38.0,40.0,59.0,73.0,81.0
173.0,166.0,60.0,73.0,210.0,10.0,195.0,123.0,2.0,10.0,13.0,22.0,24.0,30.0,34.0,38.0,40.0,57.0,60.0,81.0
174.0,49.0,30.0,55.0,58.0,30.0,195.0,68.0,2.0,9.0,11.0,22.0,25.0,28.0,34.0,37.0,40.0,43.0,72.0,81.0
207.0,54.0,120.0,152.0,56.0,20.0,156.0,80.0,3.0,9.0,11.0,21.0,25.0,28.0,34.0,39.0,40.0,43.0,77.0,81.0
110.0,3120.0,120.0,69.0,4160.0,10.0,80.0,150.0,1.0,9.0,16.0,23.0,25.0,28.0,34.0,37.0,41.0,42.0,61.0,81.0
240.0,64.0,30.0,99.0,91.0,20.0,184.0,112.0,1.0,9.0,11.0,21.0,24.0,30.0,34.0,37.0,40.0,57.0,72.0,81.0
313.0,65.0,60.0,208.0,88.0,30.0,192.0,175.0,3.0,9.0,11.0,21.0,24.0,31.0,33.0,39.0,40.0,59.0,72.0,81.0
206.0,65.0,30.0,65.0,74.0,30.0,136.0,130.0,3.0,9.0,11.0,21.0,25.0,28.0,33.0,36.0,40.0,42.0,77.0,81.0
182.0,148.0,30.0,63.0,156.0,10.0,273.0,175.0,2.0,9.0,13.0,22.0,24.0,28.0,34.0,38.0,40.0,59.0,60.0,81.0
173.0,221.0,30.0,73.0,293.0,20.0,150.0,123.0,2.0,10.0,13.0,22.0,24.0,30.0,34.0,38.0,40.0,57.0,60.0,81.0
53.0,33.0,60.0,22.0,38.0,20.0,0.0,0.0,2.0,9.0,13.0,21.0,26.0,27.0,34.0,36.0,40.0,57.0,79.0,81.0
168.0,45.0,30.0,147.0,52.0,30.0,160.0,90.0,2.0,9.0,11.0,23.0,25.0,29.0,34.0,38.0,40.0,57.0,60.0,81.0
153.0,19.0,30.0,109.0,25.0,30.0,156.0,60.0,3.0,10.0,16.0,21.0,25.0,29.0,34.0,37.0,40.0,42.0,65.0,81.0
58.0,32.0,30.0,29.0,35.0,10.0,105.0,40.0,0.0,9.0,11.0,21.0,25.0,28.0,34.0,37.0,40.0,48.0,79.0,81.0
194.0,80.0,60.0,85.0,95.0,10.0,96.0,85.0,2.0,9.0,13.0,21.0,25.0,29.0,33.0,37.0,40.0,59.0,61.0,81.0
177.0,83.0,120.0,77.0,100.0,30.0,120.0,130.0,0.0,10.0,15.0,22.0,25.0,28.0,34.0,38.0,40.0,57.0,60.0,81.0
191.0,128.0,60.0,140.0,142.0,10.0,169.0,104.0,0.0,10.0,13.0,22.0,24.0,30.0,34.0,38.0,40.0,57.0,74.0,81.0
164.0,106.0,30.0,64.0,140.0,20.0,170.0,156.0,2.0,10.0,11.0,22.0,24.0,29.0,34.0,38.0,40.0,42.0,77.0,81.0
216.0,97.0,120.0,102.0,139.0,10.0,170.0,80.0,2.0,9.0,13.0,21.0,26.0,28.0,33.0,36.0,40.0,42.0,77.0,81.0
236.0,23.0,120.0,63.0,23.0,30.0,190.0,115.0,2.0,10.0,16.0,21.0,24.0,30.0,34.0,38.0,40.0,42.0,79.0,81.0
174.0,200.0,60.0,55.0,218.0,20.0,112.0,68.0,2.0,10.0,13.0,22.0,24.0,29.0,34.0,38.0,40.0,52.0,61.0,81.0
245.0,252.0,30.0,161.0,266.0,10.0,273.0,182.0,2.0,10.0,13.0,22.0,25.0,28.0,33.0,38.0,40.0,57.0,72.0,81.0
150.0,78.0,30.0,92.0,88.0,30.0,143.0,56.0,2.0,10.0,11.0,22.0,25.0,29.0,34.0,38.0,40.0,43.0,69.0,81.0
177.0,12.0,30.0,63.0,15.0,30.0,221.0,84.0,2.0,9.0,16.0,21.0,25.0,30.0,34.0,38.0,40.0,42.0,77.0,81.0
270.0,194.0,120.0,122.0,266.0,10.0,221.0,130.0,3.0,10.0,13.0,21.0,25.0,29.0,34.0,37.0,40.0,43.0,73.0,81.0
151.0,75.0,120.0,78.0,90.0,20.0,72.0,48.0,6.0,9.0,13.0,21.0,25.0,28.0,33.0,37.0,40.0,43.0,64.0,82.0
221.0,95.0,60.0,116.0,116.0,10.0,195.0,169.0,2.0,9.0,13.0,22.0,25.0,30.0,34.0,38.0,40.0,43.0,72.0,81.0
95.0,2600.0,60.0,40.0,4160.0,30.0,90.0,50.0,0.0,9.0,16.0,22.0,25.0,28.0,34.0,38.0,41.0,42.0,61.0,81.0
206.0,23.0,120.0,126.0,23.0,30.0,130.0,80.0,1.0,10.0,16.0,21.0,25.0,29.0,34.0,38.0,40.0,47.0,65.0,81.0
130.0,50.0,60.0,72.0,52.0,20.0,72.0,44.0,3.0,9.0,11.0,21.0,25.0,29.0,34.0,38.0,40.0,43.0,60.0,81.0
182.0,74.0,120.0,81.0,99.0,10.0,152.0,105.0,3.0,9.0,11.0,21.0,25.0,29.0,34.0,38.0,40.0,59.0,60.0,81.0
123.0,25.0,30.0,58.0,29.0,10.0,0.0,0.0,1.0,9.0,11.0,21.0,25.0,29.0,34.0,39.0,40.0,57.0,61.0,81.0
206.0,45.0,60.0,158.0,53.0,10.0,208.0,110.0,3.0,9.0,11.0,21.0,24.0,31.0,34.0,36.0,40.0,43.0,75.0,81.0
299.0,70.0,120.0,135.0,74.0,30.0,180.0,100.0,0.0,9.0,11.0,21.0,25.0,28.0,34.0,37.0,40.0,57.0,69.0,81.0
229.0,262.0,30.0,112.0,357.0,20.0,230.0,188.0,2.0,10.0,13.0,20.0,24.0,29.0,34.0,35.0,40.0,42.0,79.0,81.0
117.0,31.0,30.0,62.0,35.0,10.0,80.0,60.0,0.0,9.0,11.0,21.0,25.0,28.0,34.0,37.0,40.0,57.0,61.0,81.0
109.0,3120.0,30.0,58.0,4160.0,20.0,80.0,65.0,4.0,9.0,16.0,21.0,25.0,29.0,34.0,37.0,41.0,42.0,61.0,82.0
118.0,48.0,60.0,53.0,54.0,10.0,0.0,0.0,1.0,9.0,11.0,22.0,26.0,29.0,33.0,38.0,40.0,59.0,61.0,82.0
166.0,85.0,30.0,116.0,91.0,30.0,72.0,71.0,3.0,9.0,13.0,21.0,25.0,30.0,34.0,36.0,40.0,59.0,78.0,81.0
125.0,90.0,120.0,92.0,99.0,20.0,150.0,123.0,2.0,9.0,13.0,21.0,25.0,29.0,34.0,37.0,40.0,57.0,60.0,81.0
41.0,31.0,30.0,8.0,56.0,20.0,52.0,80.0,1.0,10.0,19.0,21.0,25.0,29.0,34.0,38.0,40.0,57.0,79.0,81.0
342.0,159.0,30.0,260.0,182.0,30.0,280.0,170.0,3.0,9.0,13.0,21.0,25.0,28.0,34.0,37.0,40.0,59.0,76.0,81.0
193.0,47.0,120.0,64.0,57.0,20.0,136.0,84.0,2.0,9.0,11.0,20.0,24.0,29.0,34.0,35.0,40.0,57.0,60.0,81.0
131.0,3120.0,120.0,54.0,3120.0,30.0,0.0,0.0,1.0,9.0,16.0,21.0,25.0,27.0,33.0,39.0,41.0,43.0,60.0,82.0
292.0,115.0,60.0,80.0,132.0,20.0,220.0,169.0,2.0,9.0,13.0,21.0,24.0,30.0,34.0,37.0,40.0,52.0,77.0,81.0
110.0,3120.0,30.0,61.0,3120.0,10.0,0.0,0.0,1.0,9.0,16.0,21.0,25.0,28.0,33.0,36.0,41.0,54.0,60.0,81.0
198.0,74.0,60.0,145.0,88.0,30.0,140.0,85.0,2.0,10.0,11.0,22.0,24.0,29.0,34.0,38.0,40.0,52.0,61.0,81.0
109.0,1850.0,30.0,83.0,2405.0,30.0,0.0,0.0,2.0,9.0,17.0,22.0,25.0,27.0,34.0,36.0,41.0,59.0,78.0,82.0
126.0,3780.0,60.0,79.0,6720.0,30.0,72.0,78.0,2.0,10.0,16.0,21.0,25.0,30.0,34.0,38.0,41.0,43.0,74.0,82.0
186.0,103.0,30.0,102.0,106.0,30.0,96.0,97.0,3.0,9.0,13.0,21.0,25.0,28.0,33.0,36.0,40.0,57.0,67.0,81.0
794.0,319.0,60.0,750.0,357.0,10.0,270.0,132.0,3.0,10.0,13.0,21.0,25.0,29.0,34.0,38.0,40.0,59.0,73.0,81.0
186.0,24.0,120.0,89.0,32.0,10.0,143.0,52.0,0.0,9.0,12.0,21.0,24.0,29.0,34.0,38.0,40.0,43.0,79.0,82.0
354.0,115.0,120.0,204.0,132.0,20.0,152.0,100.0,2.0,9.0,13.0,23.0,24.0,29.0,34.0,38.0,40.0,50.0,77.0,81.0
85.0,89.0,120.0,59.0,119.0,10.0,70.0,32.0,2.0,10.0,13.0,21.0,26.0,30.0,34.0,36.0,40.0,58.0,79.0,81.0
142.0,68.0,120.0,72.0,76.0,30.0,88.0,97.0,0.0,10.0,11.0,22.0,24.0,29.0,34.0,37.0,40.0,59.0,61.0,81.0
133.0,2220.0,120.0,92.0,2960.0,10.0,0.0,0.0,6.0,9.0,17.0,21.0,25.0,28.0,33.0,36.0,41.0,43.0,60.0,81.0
157.0,103.0,60.0,105.0,106.0,20.0,88.0,52.0,2.0,9.0,13.0,22.0,25.0,30.0,34.0,38.0,40.0,43.0,60.0,81.0
130.0,74.0,120.0,85.0,84.0,20.0,120.0,91.0,0.0,10.0,11.0,22.0,24.0,29.0,34.0,37.0,40.0,48.0,60.0,81.0
205.0,67.0,120.0,97.0,74.0,20.0,208.0,110.0,3.0,9.0,11.0,21.0,24.0,28.0,34.0,38.0,40.0,57.0,63.0,81.0
165.0,176.0,60.0,137.0,181.0,10.0,120.0,64.0,2.0,10.0,13.0,22.0,24.0,29.0,34.0,38.0,40.0,52.0,66.0,81.0
219.0,36.0,120.0,193.0,42.0,10.0,110.0,56.0,3.0,9.0,11.0,21.0,25.0,30.0,34.0,38.0,40.0,59.0,78.0,81.0
178.0,46.0,30.0,138.0,48.0,30.0,0.0,0.0,6.0,9.0,11.0,22.0,26.0,27.0,34.0,39.0,40.0,58.0,79.0,81.0
182.0,148.0,30.0,63.0,156.0,10.0,273.0,149.0,3.0,9.0,13.0,21.0,24.0,29.0,34.0,36.0,40.0,59.0,60.0,81.0
222.0,101.0,120.0,81.0,109.0,30.0,150.0,90.0,2.0,10.0,11.0,22.0,24.0,29.0,34.0,38.0,40.0,52.0,61.0,81.0
89.0,3120.0,30.0,38.0,4160.0,20.0,80.0,52.0,2.0,9.0,16.0,21.0,24.0,30.0,33.0,37.0,41.0,43.0,77.0,82.0
330.0,284.0,120.0,147.0,301.0,30.0,240.0,155.0,3.0,10.0,13.0,21.0,25.0,29.0,34.0,38.0,40.0,59.0,72.0,81.0
314.0,156.0,60.0,126.0,215.0,30.0,290.0,215.0,1.0,9.0,13.0,23.0,25.0,28.0,34.0,37.0,40.0,59.0,72.0,81.0
61.0,2600.0,60.0,28.0,3380.0,10.0,40.0,12.0,1.0,9.0,16.0,21.0,25.0,27.0,33.0,39.0,41.0,59.0,77.0,81.0
168.0,111.0,60.0,88.0,128.0,20.0,234.0,95.0,1.0,9.0,13.0,21.0,25.0,28.0,33.0,37.0,40.0,57.0,60.0,81.0
132.0,31.0,60.0,59.0,45.0,30.0,91.0,32.0,0.0,9.0,11.0,21.0,24.0,29.0,33.0,37.0,40.0,57.0,61.0,81.0
195.0,44.0,60.0,167.0,57.0,30.0,112.0,104.0,3.0,9.0,11.0,21.0,25.0,30.0,34.0,37.0,40.0,42.0,65.0,81.0
224.0,109.0,30.0,80.0,155.0,20.0,208.0,96.0,2.0,10.0,11.0,22.0,25.0,29.0,34.0,38.0,40.0,57.0,72.0,81.0
206.0,46.0,120.0,124.0,57.0,10.0,156.0,84.0,3.0,9.0,11.0,21.0,25.0,30.0,34.0,37.0,40.0,43.0,69.0,81.0
267.0,284.0,30.0,119.0,310.0,10.0,325.0,208.0,2.0,10.0,13.0,22.0,25.0,30.0,34.0,38.0,40.0,57.0,72.0,81.0
194.0,101.0,60.0,112.0,122.0,30.0,182.0,80.0,2.0,10.0,11.0,22.0,24.0,28.0,34.0,39.0,40.0,53.0,61.0,81.0
108.0,29.0,60.0,99.0,32.0,10.0,0.0,0.0,2.0,9.0,11.0,21.0,25.0,31.0,33.0,36.0,40.0,48.0,79.0,81.0
119.0,48.0,60.0,64.0,58.0,30.0,0.0,0.0,2.0,9.0,11.0,21.0,25.0,30.0,33.0,39.0,40.0,42.0,61.0,81.0
88.0,3780.0,60.0,70.0,6720.0,30.0,64.0,156.0,1.0,10.0,16.0,22.0,25.0,29.0,34.0,38.0,41.0,59.0,78.0,82.0
257.0,94.0,60.0,100.0,112.0,10.0,136.0,100.0,3.0,10.0,11.0,21.0,24.0,28.0,34.0,38.0,40.0,42.0,77.0,81.0
152.0,96.0,120.0,96.0,123.0,10.0,96.0,85.0,2.0,9.0,13.0,21.0,25.0,29.0,33.0,37.0,40.0,59.0,61.0,81.0
106.0,63.0,120.0,41.0,80.0,20.0,64.0,40.0,3.0,9.0,13.0,20.0,24.0,28.0,34.0,35.0,40.0,43.0,60.0,81.0
103.0,38.0,30.0,31.0,58.0,20.0,91.0,45.0,0.0,10.0,11.0,22.0,24.0,29.0,34.0,38.0,40.0,57.0,61.0,81.0
222.0,163.0,60.0,187.0,184.0,10.0,221.0,110.0,3.0,10.0,13.0,21.0,25.0,31.0,34.0,38.0,40.0,42.0,77.0,81.0
180.0,97.0,60.0,142.0,123.0,30.0,136.0,149.0,3.0,9.0,13.0,21.0,25.0,29.0,34.0,37.0,40.0,53.0,61.0,81.0
183.0,122.0,60.0,113.0,147.0,10.0,143.0,104.0,2.0,10.0,13.0,22.0,24.0,30.0,34.0,38.0,40.0,59.0,61.0,81.0
150.0,88.0,30.0,56.0,122.0,20.0,136.0,64.0,3.0,10.0,11.0,21.0,25.0,29.0,34.0,38.0,40.0,57.0,60.0,81.0
137.0,36.0,30.0,78.0,45.0,30.0,110.0,70.0,2.0,9.0,11.0,20.0,24.0,29.0,34.0,35.0,40.0,59.0,61.0,81.0
225.0,100.0,60.0,81.0,114.0,20.0,170.0,175.0,0.0,9.0,13.0,22.0,24.0,29.0,34.0,37.0,40.0,57.0,64.0,81.0
178.0,105.0,30.0,68.0,146.0,20.0,160.0,104.0,2.0,10.0,11.0,22.0,25.0,30.0,34.0,38.0,40.0,59.0,60.0,81.0
138.0,64.0,120.0,94.0,90.0,10.0,56.0,40.0,0.0,9.0,13.0,21.0,24.0,29.0,34.0,38.0,40.0,57.0,61.0,81.0
129.0,38.0,30.0,71.0,45.0,30.0,104.0,40.0,2.0,9.0,11.0,21.0,25.0,29.0,33.0,38.0,40.0,42.0,61.0,82.0
95.0,145.0,60.0,80.0,155.0,10.0,80.0,64.0,0.0,10.0,13.0,22.0,25.0,29.0,34.0,38.0,40.0,58.0,79.0,82.0
212.0,55.0,30.0,164.0,66.0,20.0,120.0,91.0,3.0,9.0,11.0,21.0,25.0,28.0,34.0,39.0,40.0,43.0,75.0,81.0
182.0,189.0,30.0,81.0,225.0,30.0,210.0,160.0,3.0,10.0,13.0,22.0,24.0,31.0,34.0,37.0,40.0,59.0,60.0,81.0
283.0,65.0,30.0,95.0,78.0,10.0,256.0,170.0,3.0,9.0,11.0,21.0,24.0,28.0,33.0,37.0,40.0,59.0,72.0,81.0
229.0,210.0,60.0,100.0,301.0,30.0,220.0,150.0,2.0,10.0,13.0,22.0,25.0,29.0,34.0,38.0,40.0,42.0,79.0,81.0
112.0,3480.0,120.0,88.0,3770.0,20.0,182.0,400.0,2.0,10.0,17.0,21.0,25.0,31.0,34.0,36.0,41.0,58.0,79.0,81.0
143.0,52.0,30.0,81.0,62.0,10.0,0.0,0.0,2.0,9.0,13.0,21.0,25.0,27.0,33.0,36.0,40.0,52.0,60.0,81.0
110.0,65.0,120.0,62.0,78.0,20.0,90.0,78.0,0.0,10.0,11.0,22.0,25.0,28.0,34.0,37.0,40.0,42.0,61.0,81.0
256.0,203.0,120.0,201.0,218.0,20.0,195.0,85.0,3.0,10.0,13.0,21.0,25.0,29.0,33.0,36.0,40.0,42.0,78.0,81.0
303.0,108.0,120.0,153.0,118.0,30.0,170.0,110.0,0.0,10.0,11.0,21.0,25.0,30.0,34.0,38.0,40.0,57.0,60.0,81.0
102.0,5040.0,120.0,49.0,5460.0,20.0,78.0,100.0,0.0,10.0,16.0,22.0,25.0,29.0,34.0,38.0,41.0,42.0,72.0,81.0
102.0,65.0,60.0,61.0,74.0,20.0,117.0,60.0,2.0,10.0,11.0,20.0,24.0,31.0,34.0,35.0,40.0,43.0,60.0,81.0
106.0,60.0,120.0,37.0,84.0,10.0,143.0,84.0,2.0,10.0,11.0,20.0,24.0,30.0,34.0,35.0,40.0,43.0,60.0,81.0
117.0,142.0,60.0,62.0,181.0,30.0,90.0,55.0,2.0,10.0,13.0,22.0,24.0,28.0,34.0,37.0,40.0,47.0,61.0,81.0
140.0,52.0,60.0,82.0,53.0,20.0,88.0,52.0,3.0,9.0,11.0,21.0,24.0,30.0,34.0,39.0,40.0,42.0,61.0,81.0
103.0,76.0,60.0,90.0,83.0,20.0,72.0,44.0,0.0,9.0,13.0,21.0,24.0,28.0,34.0,37.0,40.0,59.0,65.0,81.0
178.0,45.0,30.0,100.0,49.0,10.0,120.0,56.0,2.0,9.0,11.0,22.0,25.0,29.0,34.0,39.0,40.0,43.0,75.0,81.0
237.0,169.0,30.0,151.0,181.0,10.0,160.0,88.0,2.0,10.0,13.0,22.0,24.0,29.0,34.0,38.0,40.0,57.0,67.0,81.0
95.0,22.0,60.0,46.0,32.0,30.0,48.0,52.0,0.0,9.0,11.0,21.0,25.0,28.0,34.0,37.0,40.0,52.0,60.0,82.0
45.0,9.0,60.0,14.0,11.0,20.0,0.0,0.0,2.0,9.0,12.0,21.0,25.0,27.0,34.0,36.0,40.0,59.0,77.0,81.0
118.0,130.0,60.0,63.0,176.0,30.0,100.0,65.0,2.0,10.0,13.0,22.0,24.0,28.0,34.0,38.0,40.0,42.0,61.0,81.0
64.0,116.0,30.0,38.0,151.0,30.0,0.0,0.0,2.0,9.0,19.0,21.0,25.0,27.0,33.0,39.0,40.0,59.0,77.0,82.0
264.0,131.0,30.0,93.0,150.0,30.0,160.0,195.0,2.0,10.0,11.0,23.0,24.0,29.0,34.0,38.0,40.0,47.0,79.0,81.0
228.0,184.0,120.0,85.0,254.0,10.0,273.0,143.0,0.0,10.0,13.0,22.0,25.0,29.0,34.0,37.0,40.0,57.0,60.0,81.0
250.0,189.0,30.0,97.0,254.0,20.0,260.0,140.0,2.0,10.0,13.0,23.0,24.0,30.0,34.0,38.0,40.0,42.0,77.0,81.0
788.0,137.0,60.0,790.0,149.0,10.0,200.0,104.0,0.0,9.0,13.0,23.0,24.0,30.0,34.0,37.0,40.0,59.0,74.0,81.0
105.0,42.0,120.0,66.0,76.0,10.0,65.0,32.0,2.0,9.0,13.0,22.0,25.0,28.0,34.0,38.0,40.0,51.0,60.0,81.0
203.0,3120.0,60.0,118.0,3380.0,10.0,150.0,60.0,0.0,9.0,16.0,23.0,25.0,30.0,34.0,37.0,41.0,52.0,61.0,82.0
193.0,189.0,30.0,79.0,225.0,30.0,234.0,108.0,2.0,10.0,13.0,22.0,25.0,28.0,34.0,38.0,40.0,57.0,60.0,81.0
129.0,72.0,60.0,61.0,99.0,30.0,96.0,97.0,1.0,9.0,13.0,21.0,25.0,30.0,34.0,39.0,40.0,59.0,61.0,81.0
175.0,89.0,120.0,120.0,90.0,20.0,130.0,60.0,0.0,10.0,11.0,21.0,24.0,28.0,33.0,37.0,40.0,57.0,61.0,81.0
215.0,33.0,60.0,96.0,40.0,10.0,0.0,0.0,2.0,9.0,12.0,21.0,24.0,27.0,34.0,39.0,40.0,42.0,79.0,81.0
148.0,40.0,120.0,70.0,52.0,10.0,97.0,78.0,1.0,9.0,11.0,23.0,25.0,28.0,33.0,39.0,40.0,42.0,61.0,82.0
71.0,16.0,60.0,48.0,24.0,30.0,40.0,32.0,2.0,9.0,11.0,21.0,25.0,30.0,33.0,37.0,40.0,57.0,79.0,82.0
131.0,42.0,120.0,59.0,46.0,30.0,0.0,0.0,0.0,9.0,11.0,22.0,25.0,28.0,33.0,36.0,40.0,43.0,60.0,82.0
198.0,87.0,60.0,147.0,99.0,10.0,273.0,162.0,1.0,10.0,11.0,21.0,25.0,29.0,33.0,36.0,40.0,48.0,73.0,81.0
212.0,106.0,60.0,78.0,140.0,30.0,208.0,84.0,2.0,10.0,11.0,22.0,24.0,31.0,34.0,38.0,40.0,42.0,77.0,81.0
112.0,83.0,60.0,74.0,116.0,30.0,130.0,85.0,2.0,9.0,13.0,22.0,24.0,29.0,34.0,38.0,40.0,43.0,79.0,81.0
223.0,221.0,120.0,173.0,266.0,10.0,160.0,125.0,2.0,10.0,13.0,21.0,25.0,29.0,34.0,38.0,40.0,47.0,79.0,81.0
58.0,3480.0,30.0,35.0,3480.0,10.0,0.0,0.0,2.0,10.0,17.0,21.0,25.0,31.0,33.0,39.0,41.0,57.0,79.0,81.0
221.0,119.0,120.0,68.0,132.0,30.0,140.0,80.0,1.0,9.0,13.0,21.0,24.0,31.0,34.0,36.0,40.0,52.0,61.0,81.0
183.0,101.0,60.0,64.0,109.0,20.0,144.0,80.0,2.0,10.0,11.0,22.0,25.0,30.0,34.0,37.0,40.0,43.0,72.0,81.0
171.0,92.0,120.0,120.0,99.0,30.0,120.0,312.0,0.0,10.0,11.0,22.0,25.0,28.0,34.0,38.0,40.0,53.0,61.0,81.0
182.0,62.0,60.0,81.0,70.0,20.0,273.0,110.0,3.0,9.0,11.0,21.0,25.0,29.0,34.0,37.0,40.0,42.0,79.0,81.0
220.0,60.0,30.0,102.0,72.0,30.0,120.0,97.0,3.0,9.0,11.0,21.0,24.0,28.0,33.0,37.0,40.0,43.0,72.0,81.0
156.0,90.0,30.0,64.0,122.0,20.0,128.0,92.0,2.0,10.0,11.0,22.0,25.0,29.0,34.0,39.0,40.0,42.0,77.0,81.0
133.0,97.0,60.0,81.0,97.0,20.0,88.0,60.0,2.0,10.0,11.0,20.0,24.0,29.0,34.0,35.0,40.0,43.0,60.0,81.0
205.0,175.0,60.0,116.0,245.0,30.0,136.0,130.0,3.0,10.0,13.0,21.0,25.0,29.0,34.0,37.0,40.0,43.0,73.0,81.0
131.0,2340.0,120.0,61.0,3380.0,20.0,0.0,0.0,1.0,9.0,16.0,21.0,25.0,27.0,33.0,39.0,41.0,43.0,60.0,82.0
207.0,98.0,120.0,93.0,133.0,10.0,170.0,76.0,2.0,10.0,11.0,21.0,25.0,29.0,33.0,39.0,40.0,58.0,60.0,81.0
197.0,576.0,30.0,98.0,576.0,10.0,234.0,195.0,2.0,10.0,19.0,21.0,25.0,28.0,34.0,37.0,40.0,43.0,70.0,81.0
241.0,19.0,30.0,160.0,25.0,30.0,221.0,80.0,3.0,10.0,16.0,21.0,25.0,29.0,34.0,38.0,40.0,59.0,62.0,81.0
123.0,153.0,120.0,91.0,169.0,20.0,110.0,260.0,2.0,10.0,13.0,21.0,26.0,30.0,34.0,38.0,40.0,48.0,60.0,81.0
115.0,29.0,120.0,71.0,35.0,20.0,0.0,0.0,2.0,9.0,11.0,21.0,25.0,29.0,33.0,36.0,40.0,55.0,60.0,81.0
245.0,194.0,60.0,94.0,225.0,10.0,136.0,110.0,2.0,10.0,13.0,22.0,25.0,30.0,34.0,38.0,40.0,42.0,77.0,81.0
114.0,48.0,60.0,56.0,50.0,20.0,72.0,48.0,6.0,9.0,11.0,21.0,25.0,27.0,34.0,36.0,40.0,42.0,61.0,81.0
138.0,26.0,60.0,80.0,28.0,20.0,0.0,0.0,3.0,9.0,12.0,21.0,25.0,27.0,33.0,36.0,40.0,43.0,77.0,81.0
336.0,146.0,30.0,95.0,174.0,30.0,216.0,221.0,2.0,10.0,11.0,22.0,25.0,29.0,34.0,37.0,40.0,59.0,72.0,81.0
105.0,2340.0,120.0,59.0,3120.0,30.0,78.0,28.0,6.0,9.0,16.0,21.0,25.0,27.0,34.0,36.0,41.0,42.0,72.0,81.0
150.0,38.0,60.0,88.0,43.0,20.0,110.0,91.0,2.0,9.0,11.0,21.0,25.0,30.0,34.0,37.0,40.0,42.0,65.0,81.0
209.0,175.0,60.0,117.0,245.0,30.0,160.0,149.0,2.0,10.0,13.0,22.0,25.0,28.0,34.0,37.0,40.0,42.0,77.0,81.0
54.0,17.0,30.0,28.0,22.0,30.0,0.0,0.0,1.0,10.0,12.0,22.0,25.0,29.0,34.0,38.0,40.0,59.0,77.0,82.0
109.0,25.0,30.0,51.0,32.0,30.0,0.0,0.0,1.0,9.0,11.0,21.0,25.0,29.0,34.0,39.0,40.0,57.0,61.0,82.0
183.0,2600.0,60.0,97.0,3380.0,10.0,0.0,0.0,2.0,9.0,16.0,22.0,25.0,27.0,33.0,39.0,41.0,58.0,61.0,81.0
243.0,3780.0,60.0,78.0,5040.0,20.0,165.0,214.0,0.0,10.0,16.0,21.0,25.0,29.0,34.0,38.0,41.0,42.0,79.0,81.0
114.0,65.0,30.0,46.0,71.0,10.0,90.0,60.0,2.0,10.0,11.0,23.0,25.0,29.0,34.0,38.0,40.0,43.0,60.0,81.0
245.0,89.0,120.0,104.0,109.0,20.0,136.0,100.0,3.0,10.0,11.0,21.0,24.0,28.0,34.0,37.0,40.0,57.0,60.0,81.0
146.0,80.0,30.0,55.0,90.0,10.0,110.0,64.0,3.0,9.0,13.0,21.0,24.0,29.0,34.0,37.0,40.0,59.0,61.0,81.0
200.0,59.0,30.0,118.0,62.0,30.0,96.0,104.0,2.0,9.0,11.0,22.0,25.0,28.0,34.0,37.0,40.0,52.0,61.0,81.0
283.0,110.0,120.0,148.0,127.0,30.0,286.0,116.0,2.0,10.0,11.0,22.0,25.0,29.0,34.0,38.0,40.0,52.0,77.0,81.0
164.0,211.0,120.0,56.0,237.0,20.0,221.0,105.0,2.0,10.0,13.0,22.0,24.0,28.0,34.0,38.0,40.0,42.0,77.0,81.0
197.0,81.0,30.0,84.0,92.0,10.0,128.0,85.0,3.0,10.0,11.0,20.0,24.0,28.0,33.0,35.0,40.0,52.0,61.0,81.0
191.0,87.0,120.0,103.0,105.0,30.0,260.0,92.0,2.0,10.0,11.0,21.0,24.0,29.0,34.0,37.0,40.0,57.0,69.0,81.0
164.0,176.0,30.0,50.0,210.0,30.0,260.0,104.0,2.0,10.0,13.0,21.0,24.0,30.0,34.0,38.0,40.0,57.0,60.0,81.0
120.0,2600.0,30.0,62.0,3380.0,30.0,0.0,0.0,2.0,9.0,16.0,21.0,25.0,30.0,34.0,38.0,41.0,42.0,61.0,82.0
224.0,85.0,120.0,199.0,94.0,10.0,88.0,65.0,2.0,10.0,11.0,21.0,24.0,29.0,34.0,38.0,40.0,52.0,62.0,81.0
212.0,20.0,120.0,128.0,23.0,20.0,960.0,8.0,0.0,9.0,12.0,21.0,25.0,27.0,33.0,36.0,40.0,42.0,72.0,82.0
137.0,40.0,30.0,72.0,54.0,20.0,88.0,56.0,2.0,9.0,11.0,20.0,24.0,29.0,34.0,35.0,40.0,59.0,61.0,81.0
165.0,95.0,120.0,74.0,108.0,30.0,221.0,80.0,2.0,9.0,13.0,22.0,24.0,29.0,34.0,38.0,40.0,57.0,60.0,81.0
98.0,1665.0,120.0,33.0,2405.0,20.0,0.0,0.0,1.0,9.0,17.0,21.0,25.0,27.0,34.0,36.0,41.0,43.0,77.0,82.0
216.0,95.0,120.0,82.0,116.0,20.0,136.0,80.0,2.0,9.0,13.0,22.0,24.0,29.0,34.0,38.0,40.0,57.0,60.0,81.0
299.0,140.0,120.0,142.0,161.0,30.0,377.0,140.0,3.0,9.0,13.0,21.0,24.0,28.0,34.0,37.0,40.0,52.0,79.0,81.0
106.0,46.0,120.0,51.0,50.0,20.0,117.0,45.0,4.0,9.0,11.0,22.0,25.0,30.0,33.0,37.0,40.0,43.0,60.0,81.0
131.0,48.0,30.0,56.0,53.0,30.0,88.0,78.0,3.0,9.0,11.0,20.0,24.0,29.0,34.0,35.0,40.0,42.0,61.0,81.0
92.0,14.0,30.0,41.0,19.0,20.0,80.0,65.0,1.0,9.0,16.0,21.0,25.0,29.0,34.0,37.0,40.0,43.0,60.0,81.0
62.0,2340.0,60.0,31.0,3120.0,20.0,40.0,45.0,1.0,9.0,16.0,21.0,25.0,29.0,34.0,38.0,41.0,59.0,77.0,81.0
151.0,74.0,60.0,114.0,81.0,20.0,195.0,80.0,2.0,10.0,11.0,21.0,25.0,29.0,34.0,37.0,40.0,42.0,65.0,82.0
200.0,126.0,30.0,81.0,168.0,20.0,190.0,182.0,3.0,10.0,11.0,21.0,25.0,30.0,34.0,37.0,40.0,59.0,60.0,81.0
164.0,101.0,120.0,76.0,137.0,10.0,120.0,90.0,2.0,10.0,11.0,22.0,25.0,28.0,34.0,38.0,40.0,52.0,61.0,81.0
62.0,4200.0,120.0,40.0,5040.0,30.0,48.0,195.0,1.0,10.0,16.0,21.0,25.0,29.0,34.0,38.0,41.0,57.0,79.0,81.0
130.0,36.0,60.0,60.0,43.0,10.0,143.0,104.0,6.0,9.0,11.0,23.0,25.0,30.0,33.0,38.0,40.0,59.0,61.0,81.0
199.0,85.0,30.0,116.0,105.0,30.0,160.0,100.0,2.0,10.0,11.0,22.0,25.0,29.0,34.0,38.0,40.0,43.0,72.0,81.0
106.0,60.0,60.0,34.0,74.0,10.0,72.0,60.0,2.0,10.0,11.0,21.0,24.0,29.0,34.0,37.0,40.0,42.0,61.0,81.0
283.0,122.0,120.0,109.0,140.0,30.0,216.0,221.0,2.0,10.0,11.0,20.0,24.0,29.0,34.0,35.0,40.0,59.0,72.0,81.0
96.0,38.0,60.0,55.0,43.0,20.0,130.0,60.0,2.0,9.0,11.0,21.0,25.0,29.0,34.0,38.0,40.0,43.0,60.0,81.0
161.0,138.0,120.0,85.0,162.0,20.0,96.0,60.0,2.0,10.0,13.0,22.0,24.0,28.0,34.0,38.0,40.0,50.0,61.0,81.0
114.0,72.0,30.0,55.0,86.0,30.0,120.0,80.0,1.0,9.0,13.0,21.0,24.0,28.0,33.0,37.0,40.0,59.0,61.0,81.0
57.0,57.0,30.0,46.0,89.0,30.0,0.0,0.0,0.0,10.0,13.0,22.0,24.0,28.0,34.0,38.0,40.0,42.0,72.0,81.0
229.0,63.0,120.0,145.0,70.0,30.0,273.0,108.0,3.0,9.0,11.0,21.0,25.0,30.0,34.0,37.0,40.0,53.0,77.0,81.0
125.0,40.0,120.0,55.0,45.0,30.0,112.0,123.0,2.0,9.0,11.0,20.0,24.0,29.0,34.0,35.0,40.0,43.0,79.0,81.0
113.0,26.0,60.0,58.0,38.0,30.0,70.0,66.0,2.0,9.0,11.0,21.0,25.0,29.0,33.0,39.0,40.0,57.0,61.0,81.0
137.0,48.0,30.0,67.0,50.0,10.0,143.0,91.0,2.0,9.0,11.0,20.0,24.0,29.0,34.0,35.0,40.0,59.0,61.0,81.0
135.0,34.0,30.0,58.0,48.0,20.0,104.0,50.0,2.0,9.0,11.0,23.0,24.0,28.0,34.0,38.0,40.0,43.0,60.0,81.0
143.0,62.0,30.0,77.0,76.0,30.0,0.0,0.0,2.0,9.0,13.0,21.0,25.0,27.0,33.0,36.0,40.0,52.0,60.0,81.0
57.0,84.0,30.0,38.0,94.0,20.0,88.0,64.0,2.0,10.0,11.0,20.0,24.0,29.0,34.0,35.0,40.0,57.0,61.0,81.0
164.0,52.0,120.0,64.0,57.0,30.0,136.0,169.0,3.0,9.0,11.0,21.0,25.0,28.0,34.0,38.0,40.0,42.0,77.0,81.0
108.0,52.0,30.0,43.0,62.0,10.0,70.0,36.0,0.0,9.0,13.0,22.0,24.0,31.0,34.0,38.0,40.0,57.0,61.0,81.0
58.0,3120.0,60.0,27.0,4160.0,30.0,0.0,0.0,1.0,9.0,16.0,21.0,25.0,28.0,33.0,36.0,41.0,57.0,79.0,81.0
273.0,58.0,60.0,100.0,66.0,20.0,0.0,0.0,2.0,9.0,11.0,21.0,24.0,28.0,33.0,37.0,40.0,42.0,79.0,81.0
281.0,50.0,30.0,119.0,60.0,10.0,0.0,0.0,0.0,9.0,15.0,23.0,25.0,28.0,34.0,39.0,40.0,47.0,79.0,81.0
101.0,2340.0,60.0,34.0,3120.0,20.0,0.0,0.0,2.0,9.0,16.0,21.0,25.0,31.0,33.0,37.0,41.0,42.0,72.0,81.0
218.0,84.0,30.0,78.0,97.0,10.0,180.0,80.0,2.0,10.0,11.0,22.0,25.0,30.0,34.0,37.0,40.0,43.0,72.0,81.0
182.0,123.0,30.0,71.0,172.0,20.0,168.0,100.0,3.0,9.0,13.0,21.0,25.0,28.0,34.0,37.0,40.0,59.0,60.0,81.0
85.0,60.0,30.0,37.0,84.0,20.0,72.0,52.0,2.0,10.0,11.0,23.0,24.0,29.0,34.0,38.0,40.0,42.0,61.0,81.0
182.0,210.0,30.0,71.0,293.0,20.0,168.0,108.0,2.0,10.0,13.0,22.0,24.0,30.0,34.0,38.0,40.0,59.0,60.0,81.0
88.0,26.0,30.0,39.0,40.0,20.0,0.0,0.0,2.0,9.0,11.0,22.0,25.0,27.0,33.0,39.0,40.0,52.0,60.0,82.0
159.0,3780.0,30.0,79.0,6720.0,20.0,117.0,60.0,2.0,10.0,16.0,21.0,25.0,30.0,34.0,38.0,41.0,43.0,74.0,81.0
150.0,85.0,30.0,76.0,90.0,30.0,88.0,97.0,2.0,10.0,11.0,22.0,24.0,29.0,34.0,38.0,40.0,42.0,61.0,81.0
208.0,176.0,120.0,71.0,245.0,10.0,156.0,123.0,2.0,10.0,13.0,21.0,25.0,29.0,33.0,37.0,40.0,57.0,60.0,82.0
151.0,74.0,120.0,107.0,84.0,20.0,150.0,104.0,2.0,10.0,11.0,21.0,25.0,29.0,34.0,37.0,40.0,42.0,65.0,81.0
113.0,31.0,60.0,55.0,36.0,20.0,56.0,53.0,2.0,9.0,11.0,21.0,25.0,29.0,33.0,39.0,40.0,57.0,61.0,81.0
98.0,62.0,120.0,47.0,68.0,30.0,64.0,71.0,2.0,9.0,13.0,22.0,24.0,29.0,34.0,37.0,40.0,57.0,61.0,81.0
295.0,84.0,30.0,141.0,110.0,20.0,220.0,162.0,3.0,9.0,11.0,21.0,25.0,28.0,33.0,37.0,40.0,52.0,77.0,81.0
102.0,2340.0,60.0,54.0,4160.0,30.0,72.0,65.0,4.0,9.0,16.0,23.0,25.0,29.0,34.0,37.0,41.0,43.0,60.0,82.0
252.0,194.0,30.0,114.0,218.0,10.0,180.0,100.0,2.0,10.0,13.0,22.0,24.0,30.0,34.0,38.0,40.0,57.0,60.0,81.0
164.0,211.0,30.0,64.0,281.0,20.0,170.0,123.0,2.0,10.0,13.0,21.0,24.0,28.0,34.0,37.0,40.0,57.0,60.0,81.0
125.0,75.0,120.0,67.0,99.0,10.0,90.0,40.0,1.0,9.0,13.0,21.0,25.0,28.0,34.0,36.0,40.0,54.0,61.0,81.0
186.0,5040.0,60.0,121.0,6720.0,30.0,0.0,0.0,2.0,10.0,16.0,21.0,25.0,31.0,33.0,39.0,41.0,54.0,60.0,81.0
159.0,26.0,60.0,124.0,28.0,10.0,1200.0,8.0,0.0,9.0,12.0,21.0,25.0,27.0,33.0,36.0,40.0,42.0,72.0,82.0
326.0,122.0,30.0,131.0,140.0,10.0,260.0,96.0,2.0,10.0,11.0,22.0,24.0,29.0,34.0,38.0,40.0,52.0,79.0,81.0
151.0,46.0,120.0,102.0,54.0,30.0,48.0,45.0,2.0,10.0,11.0,21.0,25.0,28.0,34.0,37.0,40.0,42.0,72.0,81.0
151.0,45.0,30.0,108.0,50.0,10.0,128.0,80.0,3.0,9.0,11.0,21.0,24.0,30.0,34.0,36.0,40.0,57.0,60.0,81.0
183.0,110.0,60.0,88.0,122.0,10.0,170.0,88.0,2.0,10.0,11.0,22.0,24.0,28.0,34.0,37.0,40.0,52.0,65.0,81.0
206.0,92.0,120.0,65.0,127.0,10.0,260.0,143.0,2.0,10.0,11.0,22.0,25.0,28.0,34.0,37.0,40.0,57.0,60.0,81.0
76.0,201.0,60.0,45.0,268.0,20.0,0.0,0.0,1.0,9.0,18.0,21.0,25.0,28.0,34.0,37.0,40.0,57.0,79.0,81.0
47.0,16.0,30.0,23.0,19.0,10.0,0.0,0.0,2.0,9.0,11.0,21.0,24.0,28.0,34.0,37.0,40.0,59.0,77.0,82.0
255.0,126.0,60.0,95.0,168.0,30.0,260.0,100.0,2.0,10.0,11.0,22.0,25.0,30.0,34.0,38.0,40.0,42.0,79.0,81.0
88.0,22.0,120.0,39.0,26.0,30.0,0.0,0.0,2.0,9.0,11.0,22.0,25.0,27.0,33.0,39.0,40.0,52.0,60.0,81.0
85.0,70.0,30.0,37.0,98.0,20.0,72.0,44.0,0.0,9.0,13.0,21.0,24.0,30.0,34.0,37.0,40.0,43.0,60.0,81.0
170.0,68.0,120.0,87.0,88.0,10.0,117.0,65.0,2.0,10.0,11.0,22.0,25.0,28.0,33.0,37.0,40.0,42.0,61.0,81.0
164.0,47.0,60.0,64.0,57.0,10.0,221.0,123.0,2.0,9.0,11.0,22.0,25.0,30.0,34.0,37.0,40.0,57.0,60.0,81.0
150.0,130.0,30.0,124.0,136.0,10.0,90.0,44.0,1.0,10.0,13.0,21.0,25.0,30.0,34.0,38.0,40.0,59.0,65.0,81.0
101.0,38.0,120.0,80.0,42.0,30.0,65.0,20.0,3.0,9.0,13.0,21.0,24.0,28.0,34.0,36.0,40.0,59.0,77.0,81.0
104.0,40.0,30.0,39.0,53.0,20.0,88.0,52.0,2.0,9.0,11.0,21.0,25.0,28.0,34.0,37.0,40.0,43.0,79.0,81.0
83.0,26.0,30.0,38.0,31.0,10.0,0.0,0.0,2.0,9.0,11.0,21.0,25.0,28.0,33.0,36.0,40.0,52.0,60.0,81.0
219.0,67.0,60.0,100.0,84.0,10.0,0.0,0.0,2.0,9.0,14.0,21.0,24.0,28.0,34.0,36.0,40.0,59.0,60.0,81.0
44.0,3120.0,60.0,23.0,3380.0,10.0,40.0,67.0,0.0,9.0,16.0,23.0,25.0,29.0,34.0,37.0,41.0,59.0,77.0,82.0
128.0,61.0,60.0,97.0,65.0,20.0,100.0,78.0,3.0,9.0,13.0,21.0,24.0,29.0,33.0,36.0,40.0,59.0,65.0,81.0
183.0,90.0,120.0,83.0,109.0,20.0,160.0,136.0,2.0,10.0,11.0,22.0,25.0,29.0,34.0,37.0,40.0,43.0,72.0,81.0
230.0,95.0,60.0,86.0,111.0,20.0,0.0,0.0,2.0,9.0,13.0,21.0,25.0,28.0,34.0,37.0,40.0,52.0,61.0,81.0
114.0,96.0,60.0,49.0,106.0,10.0,120.0,60.0,3.0,9.0,13.0,21.0,25.0,28.0,33.0,37.0,40.0,59.0,61.0,81.0
78.0,13.0,60.0,46.0,19.0,30.0,65.0,19.0,1.0,9.0,12.0,22.0,25.0,27.0,34.0,36.0,40.0,59.0,77.0,81.0
175.0,97.0,30.0,86.0,133.0,20.0,144.0,92.0,2.0,10.0,11.0,22.0,24.0,30.0,34.0,38.0,40.0,57.0,60.0,81.0
233.0,98.0,60.0,149.0,133.0,30.0,200.0,201.0,2.0,10.0,11.0,23.0,24.0,29.0,34.0,38.0,40.0,57.0,72.0,81.0
61.0,29.0,120.0,30.0,44.0,10.0,52.0,45.0,0.0,10.0,11.0,21.0,24.0,30.0,34.0,38.0,40.0,57.0,79.0,81.0
66.0,45.0,30.0,37.0,52.0,10.0,70.0,28.0,2.0,9.0,13.0,21.0,26.0,28.0,33.0,36.0,40.0,59.0,77.0,81.0
81.0,1665.0,120.0,52.0,2405.0,20.0,0.0,0.0,1.0,9.0,17.0,21.0,25.0,27.0,34.0,37.0,41.0,57.0,79.0,82.0
170.0,111.0,120.0,74.0,132.0,20.0,170.0,136.0,2.0,9.0,13.0,22.0,25.0,30.0,34.0,37.0,40.0,57.0,60.0,81.0
195.0,146.0,30.0,77.0,218.0,20.0,182.0,130.0,2.0,10.0,13.0,22.0,24.0,28.0,34.0,37.0,40.0,52.0,61.0,81.0
46.0,83.0,60.0,27.0,100.0,20.0,0.0,0.0,1.0,10.0,15.0,22.0,25.0,28.0,33.0,37.0,40.0,59.0,77.0,82.0
167.0,91.0,60.0,109.0,92.0,20.0,120.0,84.0,2.0,10.0,11.0,23.0,25.0,30.0,34.0,38.0,40.0,57.0,74.0,81.0
144.0,1665.0,120.0,86.0,2960.0,10.0,90.0,40.0,2.0,9.0,17.0,21.0,25.0,27.0,34.0,36.0,41.0,42.0,61.0,81.0
90.0,36.0,30.0,89.0,40.0,30.0,120.0,50.0,0.0,10.0,12.0,22.0,26.0,28.0,34.0,37.0,40.0,48.0,79.0,81.0
266.0,109.0,30.0,184.0,146.0,20.0,200.0,116.0,2.0,10.0,11.0,21.0,25.0,27.0,34.0,36.0,40.0,52.0,77.0,81.0
203.0,92.0,120.0,107.0,105.0,30.0,144.0,182.0,2.0,10.0,11.0,21.0,24.0,29.0,34.0,38.0,40.0,57.0,60.0,81.0
100.0,5040.0,120.0,56.0,6720.0,10.0,96.0,80.0,0.0,10.0,16.0,22.0,25.0,29.0,34.0,38.0,41.0,43.0,60.0,81.0
95.0,76.0,60.0,92.0,83.0,10.0,90.0,44.0,3.0,9.0,13.0,21.0,24.0,28.0,34.0,36.0,40.0,59.0,65.0,81.0
125.0,72.0,120.0,44.0,99.0,10.0,120.0,56.0,2.0,9.0,13.0,20.0,24.0,28.0,34.0,35.0,40.0,43.0,79.0,81.0
257.0,184.0,30.0,169.0,198.0,10.0,180.0,84.0,2.0,10.0,13.0,22.0,25.0,30.0,34.0,38.0,40.0,42.0,77.0,81.0
103.0,2340.0,120.0,38.0,3380.0,20.0,64.0,32.0,2.0,9.0,16.0,21.0,24.0,30.0,33.0,37.0,41.0,43.0,77.0,82.0
129.0,40.0,120.0,59.0,46.0,30.0,0.0,0.0,1.0,9.0,11.0,22.0,26.0,29.0,33.0,38.0,40.0,59.0,61.0,81.0
51.0,2340.0,60.0,28.0,4160.0,30.0,32.0,32.0,1.0,9.0,16.0,21.0,25.0,29.0,34.0,37.0,41.0,59.0,77.0,82.0
53.0,221.0,60.0,32.0,394.0,30.0,48.0,52.0,1.0,9.0,18.0,23.0,25.0,28.0,33.0,37.0,40.0,57.0,79.0,82.0
146.0,61.0,120.0,55.0,74.0,20.0,88.0,64.0,2.0,10.0,11.0,21.0,24.0,30.0,34.0,38.0,40.0,59.0,61.0,81.0
184.0,62.0,120.0,76.0,70.0,20.0,0.0,0.0,0.0,9.0,11.0,21.0,25.0,28.0,33.0,36.0,40.0,57.0,60.0,81.0
150.0,50.0,60.0,92.0,62.0,30.0,143.0,56.0,2.0,9.0,11.0,21.0,25.0,30.0,34.0,37.0,40.0,42.0,65.0,81.0
125.0,48.0,60.0,67.0,49.0,20.0,60.0,48.0,1.0,9.0,11.0,23.0,25.0,28.0,33.0,39.0,40.0,42.0,61.0,81.0
174.0,211.0,120.0,84.0,281.0,10.0,112.0,85.0,2.0,10.0,13.0,21.0,25.0,29.0,34.0,38.0,40.0,43.0,72.0,81.0
70.0,5040.0,30.0,48.0,6720.0,20.0,50.0,45.0,1.0,10.0,16.0,21.0,25.0,29.0,34.0,38.0,41.0,57.0,77.0,82.0
181.0,110.0,60.0,87.0,122.0,10.0,170.0,84.0,2.0,10.0,11.0,22.0,24.0,28.0,34.0,38.0,40.0,43.0,72.0,81.0
172.0,97.0,60.0,116.0,97.0,20.0,168.0,88.0,0.0,10.0,11.0,21.0,25.0,28.0,33.0,37.0,40.0,43.0,72.0,81.0
177.0,3780.0,30.0,127.0,5040.0,10.0,0.0,0.0,2.0,10.0,16.0,22.0,26.0,28.0,34.0,36.0,41.0,43.0,75.0,82.0
270.0,89.0,120.0,127.0,109.0,20.0,152.0,112.0,2.0,10.0,11.0,23.0,25.0,29.0,34.0,37.0,40.0,57.0,60.0,81.0
172.0,3480.0,120.0,59.0,3770.0,20.0,0.0,0.0,2.0,10.0,17.0,21.0,25.0,31.0,33.0,36.0,41.0,52.0,61.0,81.0
188.0,77.0,30.0,105.0,103.0,20.0,143.0,65.0,2.0,9.0,13.0,22.0,25.0,30.0,34.0,38.0,40.0,43.0,60.0,81.0
279.0,109.0,60.0,210.0,122.0,20.0,273.0,130.0,2.0,10.0,11.0,22.0,24.0,28.0,34.0,38.0,40.0,52.0,78.0,81.0
288.0,112.0,30.0,123.0,127.0,10.0,220.0,124.0,2.0,10.0,11.0,22.0,25.0,28.0,34.0,39.0,40.0,55.0,79.0,81.0
229.0,218.0,120.0,112.0,245.0,30.0,184.0,188.0,2.0,10.0,13.0,20.0,24.0,29.0,34.0,35.0,40.0,42.0,79.0,81.0
141.0,74.0,120.0,71.0,81.0,30.0,104.0,130.0,2.0,10.0,11.0,20.0,24.0,30.0,34.0,35.0,40.0,43.0,79.0,81.0
299.0,213.0,60.0,187.0,293.0,30.0,208.0,214.0,2.0,10.0,13.0,21.0,24.0,28.0,34.0,38.0,40.0,55.0,79.0,81.0
122.0,48.0,60.0,41.0,50.0,20.0,88.0,52.0,2.0,9.0,11.0,21.0,25.0,28.0,33.0,36.0,40.0,59.0,61.0,81.0
166.0,64.0,120.0,93.0,76.0,20.0,80.0,52.0,2.0,10.0,11.0,23.0,25.0,29.0,34.0,37.0,40.0,43.0,60.0,81.0
257.0,110.0,60.0,84.0,165.0,30.0,216.0,221.0,2.0,10.0,11.0,22.0,25.0,29.0,34.0,37.0,40.0,59.0,72.0,81.0
181.0,67.0,30.0,93.0,88.0,20.0,143.0,75.0,2.0,10.0,11.0,21.0,25.0,30.0,34.0,38.0,40.0,42.0,61.0,81.0
106.0,3780.0,30.0,34.0,6720.0,20.0,117.0,175.0,4.0,10.0,16.0,22.0,25.0,30.0,34.0,38.0,41.0,43.0,60.0,81.0
82.0,45.0,60.0,31.0,68.0,30.0,56.0,45.0,3.0,9.0,13.0,21.0,24.0,30.0,34.0,37.0,40.0,57.0,61.0,81.0
255.0,138.0,30.0,169.0,167.0,20.0,182.0,80.0,0.0,10.0,13.0,21.0,25.0,29.0,34.0,38.0,40.0,52.0,68.0,81.0
46.0,208.0,30.0,24.0,277.0,20.0,40.0,26.0,1.0,9.0,18.0,21.0,25.0,27.0,33.0,39.0,40.0,57.0,79.0,82.0
116.0,42.0,30.0,70.0,45.0,10.0,0.0,0.0,2.0,9.0,11.0,21.0,25.0,27.0,33.0,36.0,40.0,43.0,77.0,81.0
219.0,3120.0,120.0,87.0,4160.0,10.0,0.0,0.0,2.0,9.0,16.0,21.0,24.0,27.0,34.0,39.0,41.0,57.0,72.0,81.0
54.0,188.0,30.0,30.0,251.0,10.0,0.0,0.0,2.0,9.0,18.0,22.0,25.0,27.0,33.0,36.0,40.0,59.0,77.0,82.0
189.0,113.0,120.0,81.0,133.0,20.0,221.0,130.0,2.0,10.0,11.0,22.0,25.0,29.0,34.0,38.0,40.0,57.0,60.0,81.0
95.0,32.0,30.0,54.0,42.0,30.0,80.0,65.0,2.0,9.0,11.0,22.0,25.0,29.0,34.0,37.0,40.0,42.0,61.0,81.0
51.0,2340.0,30.0,32.0,3380.0,30.0,50.0,12.0,1.0,9.0,16.0,21.0,25.0,27.0,33.0,39.0,41.0,59.0,77.0,81.0
106.0,72.0,60.0,41.0,94.0,30.0,117.0,52.0,2.0,10.0,11.0,21.0,24.0,29.0,34.0,38.0,40.0,42.0,61.0,81.0
207.0,23.0,60.0,74.0,31.0,30.0,221.0,76.0,0.0,10.0,16.0,21.0,24.0,28.0,34.0,38.0,40.0,57.0,60.0,81.0
238.0,83.0,60.0,80.0,108.0,10.0,128.0,90.0,0.0,10.0,15.0,22.0,25.0,28.0,33.0,39.0,40.0,43.0,72.0,81.0
200.0,189.0,60.0,81.0,225.0,10.0,247.0,195.0,2.0,10.0,13.0,21.0,24.0,29.0,34.0,37.0,40.0,59.0,60.0,81.0
95.0,32.0,120.0,90.0,36.0,20.0,100.0,84.0,2.0,9.0,11.0,21.0,24.0,29.0,34.0,37.0,40.0,59.0,65.0,81.0
104.0,121.0,120.0,82.0,136.0,30.0,64.0,104.0,0.0,10.0,13.0,22.0,25.0,29.0,34.0,38.0,40.0,58.0,79.0,81.0
123.0,1850.0,120.0,76.0,2405.0,20.0,0.0,0.0,3.0,9.0,17.0,21.0,25.0,31.0,34.0,36.0,41.0,42.0,61.0,81.0
169.0,82.0,60.0,130.0,98.0,10.0,143.0,91.0,3.0,9.0,13.0,21.0,24.0,29.0,33.0,37.0,40.0,47.0,65.0,81.0
116.0,82.0,120.0,78.0,105.0,10.0,80.0,70.0,0.0,10.0,11.0,21.0,25.0,28.0,34.0,37.0,40.0,43.0,60.0,81.0
93.0,68.0,60.0,93.0,71.0,20.0,117.0,55.0,1.0,9.0,13.0,21.0,24.0,28.0,34.0,37.0,40.0,59.0,65.0,81.0
224.0,131.0,60.0,80.0,150.0,10.0,220.0,100.0,2.0,10.0,11.0,22.0,24.0,30.0,34.0,38.0,40.0,57.0,72.0,81.0
162.0,64.0,60.0,111.0,76.0,10.0,130.0,84.0,3.0,10.0,11.0,23.0,25.0,29.0,34.0,38.0,40.0,43.0,60.0,81.0
192.0,100.0,60.0,61.0,133.0,30.0,260.0,116.0,2.0,10.0,15.0,21.0,25.0,31.0,34.0,37.0,40.0,57.0,60.0,81.0
200.0,189.0,60.0,81.0,225.0,10.0,273.0,156.0,2.0,10.0,13.0,21.0,25.0,29.0,34.0,36.0,40.0,59.0,60.0,81.0
240.0,99.0,120.0,170.0,108.0,30.0,128.0,130.0,3.0,9.0,13.0,21.0,25.0,30.0,34.0,37.0,40.0,59.0,61.0,81.0
158.0,41.0,60.0,121.0,53.0,30.0,104.0,84.0,2.0,9.0,11.0,22.0,25.0,29.0,34.0,37.0,40.0,42.0,61.0,81.0
308.0,125.0,30.0,125.0,172.0,20.0,325.0,180.0,2.0,9.0,13.0,20.0,25.0,29.0,34.0,38.0,40.0,52.0,79.0,81.0
85.0,63.0,120.0,37.0,76.0,30.0,104.0,40.0,3.0,9.0,13.0,20.0,24.0,28.0,34.0,35.0,40.0,43.0,60.0,81.0
76.0,1850.0,60.0,34.0,2220.0,20.0,0.0,0.0,0.0,9.0,17.0,21.0,25.0,28.0,33.0,37.0,41.0,52.0,60.0,82.0
121.0,117.0,30.0,45.0,162.0,20.0,117.0,55.0,7.0,10.0,13.0,21.0,25.0,29.0,34.0,38.0,40.0,43.0,60.0,81.0
226.0,189.0,120.0,89.0,274.0,10.0,210.0,120.0,2.0,10.0,13.0,22.0,25.0,29.0,34.0,38.0,40.0,42.0,79.0,81.0
226.0,101.0,120.0,171.0,105.0,20.0,208.0,80.0,3.0,10.0,11.0,21.0,24.0,30.0,33.0,37.0,40.0,57.0,62.0,81.0
210.0,8.0,120.0,110.0,10.0,30.0,176.0,156.0,3.0,9.0,17.0,21.0,24.0,27.0,34.0,36.0,40.0,57.0,60.0,81.0
164.0,158.0,120.0,50.0,225.0,10.0,170.0,108.0,0.0,10.0,13.0,22.0,24.0,29.0,34.0,38.0,40.0,57.0,60.0,81.0
163.0,58.0,120.0,90.0,68.0,20.0,80.0,48.0,2.0,10.0,11.0,22.0,25.0,29.0,34.0,37.0,40.0,57.0,61.0,81.0
150.0,211.0,60.0,56.0,237.0,10.0,170.0,76.0,2.0,10.0,13.0,21.0,24.0,28.0,34.0,37.0,40.0,57.0,60.0,81.0
182.0,148.0,30.0,63.0,156.0,10.0,273.0,156.0,0.0,9.0,13.0,21.0,25.0,27.0,34.0,36.0,40.0,59.0,60.0,81.0
171.0,76.0,120.0,87.0,90.0,30.0,195.0,72.0,2.0,10.0,11.0,22.0,24.0,29.0,34.0,38.0,40.0,52.0,61.0,81.0
193.0,88.0,60.0,80.0,118.0,30.0,150.0,95.0,2.0,10.0,11.0,22.0,24.0,29.0,34.0,37.0,40.0,43.0,72.0,81.0
114.0,96.0,120.0,55.0,123.0,10.0,96.0,70.0,2.0,9.0,13.0,20.0,24.0,28.0,34.0,35.0,40.0,43.0,79.0,81.0
150.0,3120.0,120.0,74.0,3380.0,20.0,156.0,50.0,1.0,9.0,16.0,22.0,25.0,28.0,34.0,38.0,41.0,59.0,61.0,81.0
142.0,96.0,120.0,66.0,98.0,30.0,100.0,65.0,2.0,9.0,13.0,22.0,24.0,29.0,34.0,39.0,40.0,43.0,60.0,81.0
125.0,80.0,30.0,44.0,91.0,30.0,143.0,64.0,0.0,9.0,13.0,23.0,24.0,29.0,33.0,37.0,40.0,59.0,61.0,81.0
298.0,184.0,30.0,148.0,210.0,10.0,180.0,108.0,2.0,10.0,13.0,22.0,24.0,29.0,34.0,38.0,40.0,42.0,77.0,81.0
257.0,110.0,120.0,95.0,133.0,30.0,351.0,136.0,2.0,10.0,11.0,20.0,24.0,29.0,34.0,35.0,40.0,59.0,72.0,81.0
144.0,38.0,120.0,86.0,50.0,10.0,110.0,56.0,3.0,9.0,11.0,21.0,25.0,31.0,34.0,37.0,40.0,42.0,61.0,81.0
88.0,2340.0,30.0,48.0,3380.0,30.0,0.0,0.0,0.0,9.0,16.0,21.0,25.0,29.0,34.0,36.0,41.0,54.0,72.0,81.0
274.0,202.0,30.0,145.0,237.0,10.0,192.0,145.0,2.0,10.0,13.0,22.0,25.0,29.0,34.0,37.0,40.0,42.0,79.0,81.0
196.0,68.0,30.0,120.0,78.0,10.0,120.0,100.0,2.0,10.0,11.0,22.0,25.0,29.0,34.0,38.0,40.0,43.0,79.0,81.0
89.0,2220.0,60.0,31.0,2220.0,20.0,0.0,0.0,1.0,9.0,17.0,21.0,25.0,27.0,33.0,36.0,41.0,43.0,77.0,81.0
181.0,83.0,120.0,87.0,94.0,30.0,221.0,84.0,2.0,10.0,11.0,22.0,24.0,28.0,34.0,38.0,40.0,43.0,72.0,81.0
130.0,100.0,120.0,60.0,103.0,30.0,100.0,60.0,0.0,9.0,13.0,21.0,25.0,28.0,34.0,37.0,40.0,43.0,60.0,81.0
125.0,72.0,120.0,85.0,88.0,10.0,80.0,70.0,2.0,10.0,11.0,23.0,24.0,30.0,34.0,38.0,40.0,43.0,77.0,81.0
151.0,55.0,30.0,102.0,76.0,20.0,60.0,45.0,2.0,10.0,11.0,21.0,25.0,28.0,34.0,37.0,40.0,42.0,72.0,82.0
233.0,90.0,30.0,151.0,97.0,10.0,170.0,80.0,2.0,10.0,11.0,22.0,25.0,28.0,34.0,37.0,40.0,52.0,61.0,81.0
275.0,94.0,30.0,117.0,127.0,20.0,260.0,135.0,0.0,10.0,11.0,22.0,24.0,30.0,34.0,37.0,40.0,57.0,64.0,81.0
111.0,39.0,60.0,44.0,48.0,20.0,0.0,0.0,1.0,9.0,13.0,21.0,25.0,28.0,34.0,36.0,40.0,42.0,72.0,81.0
165.0,73.0,60.0,116.0,88.0,30.0,168.0,143.0,0.0,10.0,11.0,21.0,25.0,28.0,33.0,37.0,40.0,43.0,72.0,82.0
140.0,78.0,120.0,62.0,84.0,30.0,90.0,60.0,0.0,10.0,11.0,22.0,25.0,28.0,34.0,37.0,40.0,42.0,61.0,82.0
200.0,111.0,30.0,71.0,128.0,10.0,152.0,140.0,3.0,9.0,13.0,21.0,24.0,29.0,34.0,38.0,40.0,59.0,60.0,81.0
114.0,122.0,60.0,44.0,169.0,30.0,96.0,104.0,2.0,10.0,13.0,21.0,25.0,28.0,34.0,37.0,40.0,59.0,61.0,81.0
95.0,108.0,120.0,90.0,121.0,20.0,110.0,84.0,1.0,10.0,13.0,23.0,24.0,30.0,34.0,37.0,40.0,59.0,65.0,81.0
238.0,50.0,30.0,101.0,65.0,30.0,0.0,0.0,0.0,9.0,15.0,23.0,25.0,28.0,34.0,39.0,40.0,47.0,79.0,82.0
219.0,59.0,30.0,123.0,72.0,30.0,250.0,145.0,3.0,9.0,11.0,21.0,25.0,28.0,34.0,37.0,40.0,59.0,75.0,81.0
95.0,2600.0,120.0,46.0,3380.0,20.0,0.0,0.0,1.0,9.0,16.0,21.0,25.0,28.0,33.0,39.0,41.0,42.0,72.0,81.0
273.0,90.0,30.0,197.0,97.0,10.0,170.0,84.0,2.0,10.0,11.0,21.0,24.0,29.0,34.0,37.0,40.0,55.0,65.0,81.0
87.0,35.0,60.0,32.0,49.0,30.0,0.0,0.0,2.0,9.0,11.0,21.0,25.0,27.0,34.0,36.0,40.0,43.0,60.0,81.0
95.0,29.0,120.0,92.0,32.0,30.0,130.0,52.0,2.0,9.0,11.0,21.0,24.0,29.0,34.0,37.0,40.0,59.0,65.0,81.0
129.0,82.0,60.0,66.0,90.0,10.0,110.0,60.0,0.0,10.0,11.0,22.0,24.0,29.0,34.0,37.0,40.0,59.0,61.0,81.0
59.0,2600.0,30.0,33.0,3380.0,30.0,65.0,32.0,0.0,9.0,16.0,21.0,25.0,28.0,33.0,39.0,41.0,57.0,79.0,82.0
231.0,134.0,60.0,146.0,146.0,10.0,210.0,108.0,2.0,10.0,11.0,22.0,25.0,29.0,34.0,37.0,40.0,50.0,77.0,81.0
69.0,16.0,30.0,50.0,20.0,30.0,50.0,25.0,2.0,9.0,11.0,23.0,24.0,30.0,34.0,38.0,40.0,59.0,77.0,81.0
244.0,238.0,30.0,95.0,274.0,30.0,152.0,162.0,3.0,10.0,13.0,21.0,25.0,29.0,33.0,38.0,40.0,57.0,60.0,81.0
176.0,166.0,60.0,79.0,237.0,30.0,168.0,143.0,0.0,10.0,13.0,22.0,25.0,29.0,34.0,37.0,40.0,57.0,60.0,81.0
368.0,89.0,30.0,150.0,108.0,30.0,216.0,195.0,3.0,9.0,11.0,21.0,25.0,28.0,34.0,38.0,40.0,59.0,71.0,81.0
136.0,72.0,120.0,81.0,78.0,20.0,130.0,70.0,2.0,10.0,11.0,23.0,24.0,30.0,34.0,38.0,40.0,43.0,77.0,81.0
182.0,126.0,60.0,71.0,146.0,10.0,200.0,92.0,2.0,10.0,11.0,22.0,24.0,29.0,34.0,38.0,40.0,59.0,60.0,81.0
171.0,2600.0,60.0,69.0,3380.0,10.0,96.0,50.0,1.0,9.0,16.0,22.0,25.0,28.0,34.0,38.0,41.0,59.0,61.0,81.0
112.0,3120.0,60.0,54.0,3120.0,20.0,72.0,40.0,4.0,9.0,16.0,23.0,25.0,29.0,34.0,37.0,41.0,43.0,60.0,81.0
263.0,113.0,60.0,153.0,122.0,20.0,136.0,88.0,2.0,10.0,11.0,22.0,25.0,29.0,34.0,38.0,40.0,57.0,60.0,81.0
177.0,12.0,60.0,69.0,19.0,30.0,170.0,105.0,2.0,9.0,16.0,21.0,25.0,30.0,34.0,38.0,40.0,42.0,77.0,81.0
163.0,155.0,30.0,117.0,176.0,30.0,169.0,76.0,2.0,10.0,13.0,23.0,25.0,31.0,34.0,37.0,40.0,42.0,65.0,81.0
129.0,28.0,120.0,89.0,32.0,30.0,0.0,0.0,0.0,9.0,11.0,22.0,25.0,29.0,34.0,36.0,40.0,42.0,72.0,81.0
130.0,1850.0,30.0,62.0,2220.0,10.0,0.0,0.0,2.0,9.0,17.0,21.0,25.0,31.0,33.0,36.0,41.0,52.0,60.0,81.0
92.0,60.0,60.0,37.0,84.0,30.0,110.0,65.0,2.0,10.0,11.0,20.0,24.0,30.0,34.0,35.0,40.0,43.0,60.0,81.0
95.0,3120.0,60.0,30.0,4160.0,30.0,78.0,36.0,1.0,9.0,16.0,21.0,24.0,28.0,34.0,39.0,41.0,43.0,77.0,81.0
394.0,247.0,30.0,351.0,266.0,10.0,192.0,145.0,3.0,10.0,13.0,21.0,25.0,31.0,34.0,37.0,40.0,57.0,76.0,81.0
177.0,133.0,120.0,96.0,177.0,10.0,128.0,100.0,3.0,9.0,13.0,21.0,25.0,28.0,34.0,37.0,40.0,57.0,60.0,81.0
176.0,89.0,30.0,117.0,114.0,30.0,130.0,70.0,2.0,9.0,13.0,21.0,25.0,29.0,33.0,37.0,40.0,51.0,61.0,81.0
52.0,157.0,120.0,23.0,226.0,20.0,32.0,67.0,1.0,10.0,19.0,23.0,25.0,31.0,34.0,38.0,40.0,57.0,79.0,82.0
165.0,163.0,60.0,107.0,167.0,20.0,96.0,60.0,2.0,10.0,13.0,22.0,24.0,28.0,34.0,38.0,40.0,57.0,66.0,81.0
223.0,3120.0,30.0,126.0,4160.0,20.0,150.0,97.0,0.0,9.0,16.0,23.0,25.0,30.0,34.0,37.0,41.0,52.0,61.0,82.0
174.0,200.0,30.0,69.0,274.0,20.0,180.0,143.0,2.0,10.0,13.0,23.0,24.0,29.0,34.0,37.0,40.0,52.0,61.0,81.0
213.0,111.0,60.0,109.0,149.0,30.0,180.0,130.0,2.0,9.0,13.0,21.0,24.0,29.0,34.0,36.0,40.0,57.0,60.0,81.0
182.0,111.0,30.0,81.0,132.0,30.0,210.0,120.0,0.0,9.0,13.0,21.0,25.0,27.0,34.0,36.0,40.0,59.0,60.0,81.0
134.0,163.0,60.0,61.0,198.0,30.0,104.0,44.0,2.0,10.0,13.0,22.0,24.0,29.0,34.0,38.0,40.0,42.0,61.0,81.0
112.0,2600.0,60.0,57.0,4160.0,30.0,90.0,50.0,4.0,9.0,16.0,23.0,25.0,29.0,34.0,37.0,41.0,43.0,60.0,81.0
179.0,60.0,30.0,108.0,64.0,30.0,128.0,104.0,3.0,9.0,11.0,21.0,24.0,30.0,34.0,36.0,40.0,57.0,60.0,81.0
159.0,64.0,60.0,94.0,90.0,30.0,91.0,32.0,0.0,9.0,13.0,21.0,24.0,29.0,34.0,38.0,40.0,57.0,61.0,81.0
124.0,71.0,60.0,69.0,90.0,30.0,90.0,55.0,2.0,10.0,11.0,22.0,25.0,29.0,34.0,38.0,40.0,43.0,60.0,81.0
110.0,52.0,60.0,101.0,68.0,20.0,0.0,0.0,2.0,9.0,13.0,21.0,25.0,29.0,33.0,36.0,40.0,42.0,72.0,82.0
127.0,35.0,30.0,78.0,46.0,20.0,0.0,0.0,2.0,9.0,11.0,21.0,25.0,29.0,33.0,36.0,40.0,55.0,60.0,82.0
104.0,16.0,60.0,58.0,23.0,30.0,0.0,0.0,2.0,9.0,12.0,21.0,25.0,28.0,33.0,39.0,40.0,52.0,64.0,82.0
69.0,295.0,30.0,34.0,320.0,30.0,48.0,52.0,1.0,9.0,18.0,23.0,25.0,28.0,33.0,37.0,40.0,57.0,79.0,81.0
212.0,74.0,60.0,101.0,82.0,10.0,190.0,104.0,2.0,9.0,11.0,21.0,25.0,30.0,33.0,37.0,40.0,59.0,60.0,82.0
152.0,101.0,120.0,93.0,137.0,10.0,104.0,85.0,3.0,10.0,11.0,21.0,24.0,30.0,34.0,38.0,40.0,43.0,70.0,81.0
104.0,50.0,30.0,63.0,60.0,30.0,80.0,55.0,2.0,10.0,11.0,22.0,25.0,30.0,34.0,37.0,40.0,43.0,77.0,81.0
214.0,11.0,120.0,127.0,15.0,20.0,104.0,76.0,3.0,9.0,16.0,21.0,24.0,30.0,34.0,37.0,40.0,57.0,62.0,81.0
246.0,123.0,120.0,154.0,144.0,20.0,180.0,156.0,3.0,9.0,13.0,21.0,24.0,31.0,33.0,37.0,40.0,57.0,60.0,81.0
51.0,2600.0,60.0,33.0,3120.0,20.0,0.0,0.0,1.0,9.0,16.0,23.0,25.0,28.0,34.0,37.0,41.0,57.0,79.0,82.0
